id,process_id,ts,ambient_c,product_c,sample_uuid
1,8,2026-01-28 10:50:27.164263,42.375,1.75,7216bf71-bad1-46d5-8b06-9904cb76f7d4
2,8,2026-01-28 10:50:32.857199,43.125,2,ce3ca523-afdc-48cb-b579-381dd926c225
3,8,2026-01-28 10:50:38.581771,43.875,1.75,f57fa7fe-d26a-429b-8e85-1eb706b958bf
4,8,2026-01-28 10:50:44.321297,44.625,2,6788fa2c-9a12-40f9-9764-7c83ed294938
5,8,2026-01-28 10:50:50.052217,45.5,2,1123e1ed-1172-4d8e-a0e5-8faf6d836454
6,8,2026-01-28 10:50:55.714055,46.25,2,d07ac3c6-068e-41de-be95-3e68330836d8
7,8,2026-01-28 10:51:01.431704,47.3125,1.25,018a92f6-35ac-4e51-b768-d6eaaa9aa88b
8,8,2026-01-28 10:51:07.007991,48.6875,1.5,c05ef5ff-dfcf-4381-a3da-d8bdaa48886c
9,8,2026-01-28 10:51:12.682075,49.6875,1.75,929a4e75-5573-449e-afdd-686c6aca85e5
10,8,2026-01-28 10:51:18.31405,50.9375,1.25,8cf51562-c252-4225-b686-9497ad1973bd
11,8,2026-01-28 10:51:23.94666,52.0625,2,b4edf7ac-6e41-45e1-8d6c-e6ce1348cfed
12,8,2026-01-28 10:51:29.643985,52.9375,2,cd78ecfd-2425-45c6-a596-18d3dce173c0
13,8,2026-01-28 10:51:35.314453,53.625,2,6558b424-4290-447d-bdee-4851535fd8dc
14,8,2026-01-28 10:51:41.046899,54.4375,1.75,984c0b57-89e6-4668-bc5c-6287cac187a7
15,8,2026-01-28 10:51:46.71808,55.25,1.5,f532ab32-209b-4126-9406-826fafa21099
16,8,2026-01-28 10:51:52.414763,56.125,2,77e10fbb-b77c-4eaf-a977-f1a30e72b9cf
17,8,2026-01-28 10:51:58.137785,56.875,2,d9bed812-ea82-46d6-90ee-285d01ca3a4c
18,8,2026-01-28 10:52:03.881068,57.8125,2.25,059984a7-7676-4be7-905a-76247c5ae7f4
19,8,2026-01-28 10:52:09.619683,58.9375,2,75ef9449-f315-4be0-81da-8bb7a374a919
20,8,2026-01-28 10:52:15.302779,59.8125,2.25,96889aec-a340-459f-8940-cdd45fd07768
21,8,2026-01-28 10:52:20.991338,60.5,2.25,284ea5a5-1d4f-47bb-94c9-75b14bca7b32
22,8,2026-01-28 10:52:26.617822,61.0625,2,494ea915-59a6-4e85-accd-1693c37641f7
23,8,2026-01-28 10:52:32.349416,61.75,2.25,a9fd4936-6e41-4c3b-bedc-1ae5d6545cf7
24,8,2026-01-28 10:52:38.085822,62.375,2,111218dd-5b9d-45d4-8eeb-0657e61e035d
25,8,2026-01-28 10:52:43.820421,62.875,2.25,5dcb1693-7f41-4b8d-a5b3-d205e2054dec
26,8,2026-01-28 10:52:49.552141,63.5625,1.5,68e0c56e-087e-41eb-86a2-309db081c5a0
27,8,2026-01-28 10:52:55.128927,64.125,2.5,ab8576e9-4351-418e-bf10-beb2f37771f4
28,8,2026-01-28 10:53:00.921122,64.625,2.25,f891f08c-fb4a-4bb0-af7c-8ad3463e67e7
29,8,2026-01-28 10:53:06.652122,65,2.5,ec03a7b9-ec18-40f5-aa76-c90f104916c5
30,8,2026-01-28 10:53:12.292701,65.25,2.5,1e40c81b-627e-47d6-a846-9a69f922cd04
31,8,2026-01-28 10:53:17.880122,65.5,2.5,e18feb21-3319-4314-9e11-afb85b41cc74
32,8,2026-01-28 10:53:23.54949,65.9375,2.5,fe6300f1-c617-4269-a801-563faf168d34
33,8,2026-01-28 10:53:29.214135,66.4375,2.25,01905cb5-81dc-4d4c-8728-26c890071943
34,8,2026-01-28 10:53:34.923213,66.875,2.25,42b70e89-9912-40f3-8e3b-eafcf3fd0cde
35,8,2026-01-28 10:53:40.650606,67.3125,2.5,5a595c52-f6a6-4474-8d27-0bbae585ffe3
36,8,2026-01-28 10:53:46.300398,67.6875,3,1df365f9-1be3-4512-84a4-2de15b504b03
37,8,2026-01-28 10:53:52.01855,68,2.75,93ddc002-909e-41c3-8988-66a0f493e4e2
38,8,2026-01-28 10:53:57.751784,68.3125,2.25,1c211eac-9cc2-420e-9cf7-e78d10fae891
39,8,2026-01-28 10:54:03.486676,68.6875,2.5,bd6af74d-2933-41ef-876e-fc3910705a14
40,8,2026-01-28 10:54:09.122297,69.0625,2.5,3b83d740-94b3-487f-a011-ed91721a918b
41,8,2026-01-28 10:54:14.748754,69.4375,2.5,e51dcecc-30bd-4991-9b78-3a380c823260
42,8,2026-01-28 10:54:20.415794,70,2.5,99d77f30-2163-4481-9be7-24a2011371ec
43,8,2026-01-28 10:54:26.115536,70.3125,2.5,af4f09c9-e750-4cd7-8fd8-d7a53004e7c7
44,8,2026-01-28 10:54:32.064032,70.625,2,199ea3ba-2b31-4145-8734-42d680da20c5
45,8,2026-01-28 10:54:37.789327,70.875,2.75,1855573f-0e94-494f-a2ec-757ca1dd4777
46,8,2026-01-28 10:54:43.457342,71.25,2.25,b59f7817-f617-4a44-aa6a-eebcf3e78e9b
47,8,2026-01-28 10:54:49.060731,71.5,2.5,fd55bfec-d75c-4f88-bd9c-84d6c5916a6f
48,8,2026-01-28 10:54:55.111751,71.75,2.75,d3aa83e9-4380-4562-8ab6-c8d8e4a1fa68
49,8,2026-01-28 10:55:00.946633,72,2.5,a5b0771d-4cd6-4f6e-8361-a1b7a5fec842
50,8,2026-01-28 10:55:06.599423,72.1875,2.75,a4cb3fd3-b8c0-4ab1-b032-13321128a8bc
51,8,2026-01-28 10:55:12.233863,72.4375,3,246d2ffd-bf96-42ff-9400-1fef8e9d5fa1
52,8,2026-01-28 10:55:17.92952,72.625,2.5,cfb4910c-7629-4c34-afe5-e331dc267195
53,8,2026-01-28 10:55:23.664736,72.6875,3,8518984d-0156-47c2-b3d7-eba406f26997
54,8,2026-01-28 10:55:29.406094,72.875,2.5,7af30285-9069-4823-84f8-f03f8cd6b714
55,8,2026-01-28 10:55:35.133332,72.9375,3,c5ce90bd-c5d7-4156-ae05-6badd15ed695
56,8,2026-01-28 10:55:40.71164,73.0625,2.75,40721115-178c-41a9-8e6f-b56522eee852
57,8,2026-01-28 10:55:46.400498,73.25,3,ca4128e9-d5bf-4d16-8acf-156372ac7d9c
58,8,2026-01-28 10:55:52.142748,73.5,3,6fe4b36f-ed5f-42e0-aa35-ae01f061b679
59,8,2026-01-28 10:55:57.806364,73.5,3.25,3ba97740-2311-4bf4-91cf-9974da7182c3
60,8,2026-01-28 10:56:03.507864,73.5,3,df677495-55b1-4dc7-9d16-99461f0812ee
61,8,2026-01-28 10:56:09.236793,73.4375,2.5,57e717c5-f253-44ba-8dda-5e5f90155cbb
62,8,2026-01-28 10:56:14.975875,73.5625,2.5,7e3bab2e-b2ab-4c55-b328-deb0587b827e
63,8,2026-01-28 10:56:20.709952,73.75,3.25,19f20f55-5863-4746-a802-69c7b77980ef
64,8,2026-01-28 10:56:26.438658,74,3.25,d0ba18fb-6f6a-45c2-9fac-5197a550424a
65,8,2026-01-28 10:56:32.171297,74.0625,2.25,8e931092-103b-4a34-8cba-79f2ff1586f8
66,8,2026-01-28 10:56:37.862226,74.25,3,4573921d-f72b-4c5f-805a-d2750784f4ee
67,8,2026-01-28 10:56:43.448325,74.5,3,80e70a2e-a364-4e84-be8a-f03ff28ee94b
68,8,2026-01-28 10:56:49.171942,74.75,3,2c99186d-3829-4e52-a3cc-70b4caa205fa
69,8,2026-01-28 10:56:54.755769,75.0625,3,b1ed5ea9-1260-41f8-8778-f65533f26473
70,8,2026-01-28 10:57:00.357642,75.1875,2.75,6fc6f2a7-4c2c-482a-b040-a05537f802c3
71,8,2026-01-28 10:57:06.071678,75.0625,3.25,a7633606-e49c-45bd-b241-e85063830506
72,8,2026-01-28 10:57:11.800288,75.1875,3,5b00fe0a-27c1-4823-92d3-a2d7740aa145
73,8,2026-01-28 10:57:17.484038,75.1875,3,57075110-c8c7-4ad8-916a-45aa86c85cce
74,8,2026-01-28 10:57:23.104064,75.1875,3,e44dfb03-86b7-49ae-91c8-2c34acdd18ad
75,8,2026-01-28 10:57:28.800236,75.3125,3.25,8bfd99c0-9a1b-4ef9-9a9d-0838b0c1d4fe
76,8,2026-01-28 10:57:34.432125,75.3125,3.25,c773bb35-4d56-49b4-8946-d8a9d99224c0
77,8,2026-01-28 10:57:40.061605,75.375,3.25,73d233f4-6417-44b5-bb3d-8e87acb16b5c
78,8,2026-01-28 10:57:45.695513,75.5,3,f8b8bfb9-dc85-48c3-a0f5-d8eb110d2b93
79,8,2026-01-28 10:57:51.433567,75.6875,3,e7968ab2-0d01-4d3b-9079-c4a59fe4f3c1
80,8,2026-01-28 10:57:57.16415,75.8125,3.25,abd4243b-09a1-45b3-b31a-f422580b4d51
81,8,2026-01-28 10:58:02.907581,75.9375,3,b878322e-e8f5-4a01-a5be-576a862e173d
82,8,2026-01-28 10:58:08.531092,76.125,3,9555cab9-bab8-4da7-98ea-98dd47c101e8
83,8,2026-01-28 10:58:14.221122,76.25,3.5,14cb55bb-3e35-4f5c-b917-676c1c2343b3
84,8,2026-01-28 10:58:19.850399,76.3125,3.25,0dc9648c-0858-49fe-a542-0a737a522f8e
85,8,2026-01-28 10:58:25.531854,76.1875,2.5,57f1f16e-9e3e-404d-9b0d-847eeff3eac2
86,8,2026-01-28 10:58:31.202341,76.125,3,5b690e39-4bae-4029-83eb-34717e1a2f26
87,8,2026-01-28 10:58:36.828952,76,3.5,9a4443f2-7dfa-475c-84c6-d4573f90dcf8
88,8,2026-01-28 10:58:42.531478,75.9375,2.75,fdd5c006-dfa5-4263-8d26-50fce353b5eb
89,8,2026-01-28 10:58:48.110714,75.875,3.5,8f48d2b6-1af3-406b-9bf1-a2b75dbae05d
90,8,2026-01-28 10:58:53.795141,75.75,3.5,11b4fbe1-3e81-4d9e-8fc3-2b57e06c734b
92,8,2026-01-28 10:59:05.205699,75.75,3.5,09c58f8e-497b-47ee-ab01-cf4f530a5421
94,8,2026-01-28 10:59:16.581217,76.0625,3.25,df87c84c-dda3-4bd1-98e7-6fff039357dd
95,8,2026-01-28 10:59:22.25976,76.25,3.5,a945fe37-8ad1-4abc-bad2-fb01e0b1e0b9
97,8,2026-01-28 10:59:33.62751,76.4375,3.75,ac1d5239-bb4a-4d01-a926-c320d7ba5b86
99,8,2026-01-28 10:59:45.097015,76.8125,3.75,6668d46f-be08-4704-82b8-82a9bac5d2b8
102,8,2026-01-28 11:00:02.105861,77.3125,3.25,cd92a120-2f26-43c1-bb6c-5517fd3f40d4
1242,8,2026-01-28 12:55:05.44498,87.3125,22,6f796465-56f7-4cc1-8b16-13e553a22c31
1245,8,2026-01-28 12:55:22.541716,87.375,21.75,97089945-7fc6-47f8-aaa5-a0a469c861ee
1247,8,2026-01-28 12:55:34.011017,87.5625,22,ffe97362-649f-4668-a170-489c89268323
1250,8,2026-01-28 12:55:51.04754,87.875,22.25,35f68c51-68d0-437f-8ec1-f306500d417a
1252,8,2026-01-28 12:56:02.376506,88,22.25,f497b2cd-9419-44d0-92ff-b2d17d034d71
1253,8,2026-01-28 12:56:08.118478,87.8125,22,f246449a-20f9-4e8b-8804-0ed07db1f882
1255,8,2026-01-28 12:56:19.379143,87.5625,22,45da9c9c-0890-4c96-8de5-f7c4eb55c386
1257,8,2026-01-28 12:56:30.847024,87.25,22.25,9d0b0088-e7e6-4da9-ab63-f83fdf1a7220
1258,8,2026-01-28 12:56:36.580181,87.1875,22.25,3b96fa0e-942f-452b-b2b5-04ae0a8d5dc7
1260,8,2026-01-28 12:56:48.050808,87.1875,22.25,85b39318-0adb-48e3-87a0-25ae87192409
1263,8,2026-01-28 12:57:05.044013,87.25,22.25,1d1f8dc9-1312-421b-a372-a5af3916c484
1265,8,2026-01-28 12:57:16.517415,87.375,22,e0ebc508-2e0d-4dea-9cb2-915c86184631
1268,8,2026-01-28 12:57:33.617487,87.4375,22.5,8b2768c3-33d1-4166-bc55-0b253bd4b756
1270,8,2026-01-28 12:57:44.98649,87.625,22.5,e956786b-b686-4716-b108-ebdec2b8a48a
1271,8,2026-01-28 12:57:50.662996,87.625,22.5,0f963e9d-3e1f-443c-b7d4-7c917d0503d7
1273,8,2026-01-28 12:58:01.9822,87.4375,22.5,d0991c5e-f825-4021-b777-9f09b49c2ac7
1275,8,2026-01-28 12:58:13.453924,87.125,22.75,c48f2827-d82a-4a21-a669-85d544eefc2b
1276,8,2026-01-28 12:58:19.18529,87.125,23,b057fdd1-73f3-47d6-9cc2-f5deefceb15c
1278,8,2026-01-28 12:58:30.45209,87.1875,22.75,fc57f32a-1fbd-4172-bb53-6c571c2d440f
1280,8,2026-01-28 12:58:41.867987,87.3125,22.25,73fc5502-01c6-43b6-bf1b-abed9839f1ec
1281,8,2026-01-28 12:58:47.549411,87.1875,22.75,252cf43f-df1b-4917-a044-0040adef2302
1283,8,2026-01-28 12:58:59.018184,87.125,22.75,4451ba1d-93b6-4ed3-aaa5-7f78f8c5def4
1285,8,2026-01-28 12:59:10.398956,87.4375,23,6ae7a2a0-d249-494f-b638-391103cd15e6
1286,8,2026-01-28 12:59:16.131778,87.625,23,fe0e5790-1de9-4b09-8b60-314cd0326eab
1288,8,2026-01-28 12:59:27.591674,88.0625,22.25,128bad24-d576-46f0-892f-6e39662b06ed
1291,8,2026-01-28 12:59:44.436783,88,23,3231bd99-4baa-4442-810f-2d5e2baa262d
1293,8,2026-01-28 12:59:55.852185,88.375,22.5,a06f01b4-9a68-44ce-b754-1f7acb16e8f5
1296,8,2026-01-28 13:00:13.051901,88.0625,22.5,c3bd8129-5460-4ed5-b79c-283dac37880b
1298,8,2026-01-28 13:00:24.347612,87.8125,22.75,dcc7877a-6589-41e3-adc6-edc6ebc0b92d
1299,8,2026-01-28 13:00:29.993625,87.8125,22.75,863ca697-4ebe-47b7-9992-62a3051de905
1301,8,2026-01-28 13:00:41.272965,87.9375,22.75,3604ae94-ee93-46c1-8cf8-04d37368ab6a
1520,8,2026-01-28 13:21:23.742032,74.625,28,5977a878-9f50-4969-aa59-db40f2ef71d5
1522,8,2026-01-28 13:21:34.897755,75.1875,28,e72e28b1-c1bf-458f-af91-81fa12433006
1523,8,2026-01-28 13:21:40.484925,75.875,28.5,606a84e3-7f5c-46e9-970a-14cf39acf479
1525,8,2026-01-28 13:21:51.746161,77.4375,28.25,a1065999-5abd-4c2d-af30-c9842bfe9d2c
1528,8,2026-01-28 13:22:08.905677,79.5625,28.25,2cbf9f59-0e18-41c9-b940-f5301768d5ab
1530,8,2026-01-28 13:22:20.372484,80.5625,28,89985862-2d9f-4bbe-ba81-cfb42bed688c
1533,8,2026-01-28 13:22:37.582879,81.4375,28.5,148aef5f-cd09-4059-8219-bf182dbde995
1535,8,2026-01-28 13:22:48.89146,81.9375,28.5,092c66c8-3ef6-417a-9d5e-d4bf8f03134e
1538,8,2026-01-28 13:23:05.85882,83.25,28.25,4e9c2a59-f523-4ac2-a310-ea51488d5d33
1540,8,2026-01-28 13:23:17.034787,84,28.5,93171f46-a17b-4d4c-a5dc-acbdb514789e
1541,8,2026-01-28 13:23:22.611366,84.1875,28,5915c682-f0b0-4905-96f4-3de9eee2e2e7
1591,8,2026-01-28 13:31:51.390393,87.4375,26.75,b4359f55-212f-4832-a028-f32e3ce1d4e0
1593,8,2026-01-28 13:32:02.667841,87.25,26.75,5559e159-2f70-4ddd-a337-a074e13f051a
1594,8,2026-01-28 13:32:08.404996,87.25,26.5,47ec9f55-49c2-4600-b82c-84665e39e1f3
1595,8,2026-01-28 13:32:13.996924,87.25,26.5,0138350e-020b-4972-a738-4461266f0744
1597,8,2026-01-28 13:32:25.406133,87.4375,26.75,abb9b994-ee89-4ef1-b71b-95ba4d5e553e
1600,8,2026-01-28 13:32:42.560381,88.0625,26.5,c7e70b57-5a02-4b72-ae24-f97a491f6317
1602,8,2026-01-28 13:32:53.928294,88.1875,27,8a80a61c-bf9b-40eb-b9ee-c35af4fbdd7d
1603,8,2026-01-28 13:32:59.746677,88.25,26.75,00bb50a9-73e2-4f25-9e73-13f2252d0e1f
1604,8,2026-01-28 13:33:05.499974,88.4375,26.75,b9498857-6990-4f5b-8740-bfccf5741ae1
1606,8,2026-01-28 13:33:16.723072,88.1875,27,37608dc1-e06f-4f42-828b-7f09111ec0f2
1607,8,2026-01-28 13:33:22.353514,88.1875,26.75,d5daadd1-26f1-46b4-af2b-5ad8702c05ba
1762,8,2026-01-28 13:48:03.244985,87.9375,29,e3161512-51a0-4ce6-8d2d-c50624224857
1763,8,2026-01-28 13:48:08.877956,87.8125,28.75,2e09cacf-7a45-4d85-a582-2872d8669fbf
1764,8,2026-01-28 13:48:14.509032,87.625,28.75,19151efa-67b6-459d-8118-eb1d97878710
1766,8,2026-01-28 13:48:25.808051,87.3125,29,9ecaf60a-2327-4c15-a0a7-64c9436fe528
1768,8,2026-01-28 13:48:37.248745,87.1875,29,06f3349a-fc46-4d8f-9c4a-2dfd157a926a
1769,8,2026-01-28 13:48:42.979414,87.0625,28.75,e093a374-ceae-4d74-a4f7-dec222c3e120
1771,8,2026-01-28 13:48:54.447233,86.9375,29,ef8267a0-034c-47b8-a872-92dd48e7d5b3
1774,8,2026-01-28 13:49:11.652093,86.875,29,c9622e54-391b-4355-8ef9-16412c6339af
1776,8,2026-01-28 13:49:23.017448,86.75,29.25,fc047bc6-419c-49db-b371-36e2bb3cdd4e
1779,8,2026-01-28 13:49:40.116873,86.9375,28.75,55e39349-048e-4c2e-bfb7-9612a9fc7f65
1781,8,2026-01-28 13:49:51.317906,86.9375,28.75,46db150e-49ac-47a6-be5a-80da4d61e948
1782,8,2026-01-28 13:49:57.009171,86.9375,29.25,950500a3-03de-4214-aea5-e6f3102322c0
1783,8,2026-01-28 13:50:02.649168,86.9375,29.25,1b9c165c-d338-4e2c-b3b6-405c66f5c2ff
1784,8,2026-01-28 13:50:08.379289,87,28.75,dc910498-b1c5-4839-bf5e-f3052cf296d4
1786,8,2026-01-28 13:50:19.85138,87.3125,29.5,5b7e6db3-12ed-4a76-8f53-64f3c16de2de
1787,8,2026-01-28 13:50:25.582243,87.5,29.25,9cb40aba-432b-489b-9af0-ac356d03813b
1789,8,2026-01-28 13:50:37.052244,87.6875,29.25,772962b1-845a-4b90-be18-dadf9add702e
1792,8,2026-01-28 13:50:54.191674,87.75,29.25,b4922dfe-6bbe-45a9-8bd0-9f90c36e8374
1794,8,2026-01-28 13:51:05.520015,87.9375,28.75,c41c3445-ee46-4fc2-a331-8a8dfe1a6aa1
1797,8,2026-01-28 13:51:22.517449,88.125,29.5,a903d321-6ad4-4c4d-8e6f-2dfffc3746cd
1799,8,2026-01-28 13:51:33.986706,88.375,29.25,fb24d47e-5fd9-446b-b61e-d258c188f6d9
1802,8,2026-01-28 13:51:51.188526,88.5625,29.5,04cafdf9-5d99-473f-81a5-91d27918e825
1804,8,2026-01-28 13:52:02.660236,88.5,29.5,31d3d760-8041-42e2-b7b0-b67d5165154b
1805,8,2026-01-28 13:52:08.289335,88.375,29,df9f7ace-85cc-4b15-a300-98ec353ffdc2
1807,8,2026-01-28 13:52:19.659842,88.375,29.5,3e7c6159-567f-4201-b2cc-16e476b7c0f2
1810,8,2026-01-28 13:52:36.75034,88.5,29.5,182627dd-a6b2-4eb5-b67f-bcbf39e5936b
1812,8,2026-01-28 13:52:48.125029,88.5,29.75,4b2cd648-841f-4ba7-9189-eb9a0cd80e72
91,8,2026-01-28 10:58:59.527593,75.6875,2.75,2bdf6f8b-31ec-4816-b590-4a23096464b3
93,8,2026-01-28 10:59:10.892784,75.8125,3.5,931d752a-096d-4bb9-b604-6bfb3352853b
96,8,2026-01-28 10:59:27.929331,76.3125,3.5,68322e4a-ba8c-4b00-84eb-b81cf84063ee
98,8,2026-01-28 10:59:39.363118,76.5625,3.5,3da15665-a0dd-4276-a54d-f58e311b1c42
100,8,2026-01-28 10:59:50.675446,77,3.25,f50c56b3-47a0-4018-bd4f-7bb431d0f5b7
101,8,2026-01-28 10:59:56.362557,77.125,3.25,876e17d7-d0c5-46b3-a0d2-f5ea74605c80
103,8,2026-01-28 11:00:07.722316,77.4375,3.5,b8347e11-87c2-4fc3-9f18-4ce2303d1d31
104,8,2026-01-28 11:00:13.359407,77.625,3.75,071b6a4f-7074-45ed-9dba-b789a9475e8a
105,8,2026-01-28 11:00:19.095276,77.6875,3.75,013225bc-fdeb-485e-8fe4-9754425fb6ac
106,8,2026-01-28 11:00:24.827009,77.625,3.25,7112c283-4bb7-4803-af15-38e23c4814a8
107,8,2026-01-28 11:00:30.464931,77.8125,3.75,545d49d0-95a8-4c85-93ed-2c353aa975ab
108,8,2026-01-28 11:00:36.092713,77.875,3.25,992b99c8-9bc9-490f-bfbc-8a887e5153ac
109,8,2026-01-28 11:00:41.72288,78.0625,3.75,a388287d-2e23-4aa1-9da3-a0823c141885
110,8,2026-01-28 11:00:47.367896,78.25,3.5,e1c00ac9-5984-4b77-816c-58dea179f931
111,8,2026-01-28 11:00:53.109355,78.375,3.75,e499d6b3-4010-49a8-9f71-d880c2d3c731
112,8,2026-01-28 11:00:58.823765,78.5,3.75,782cb7a1-804a-4f4e-89b3-a657bf561213
113,8,2026-01-28 11:01:04.456639,78.625,3.75,c4107bfe-cdfe-4165-9bb4-6c68881c25f7
114,8,2026-01-28 11:01:10.189347,78.6875,3.25,c0d683d9-a7ab-49d0-b1a7-e0e78d9ebe9f
115,8,2026-01-28 11:01:15.924354,78.75,4,bf2be754-408b-4161-b392-e626ec5bd963
116,8,2026-01-28 11:01:21.527704,78.75,3.75,030327ff-6aa9-4bc5-a5a7-e3396ac2c157
117,8,2026-01-28 11:01:27.133643,78.8125,3.75,a12d56d4-b6ca-4701-a89d-f9e9501aaa06
118,8,2026-01-28 11:01:32.824876,78.875,4,3736d7cb-8fec-4007-90dd-c0f9b19826c1
119,8,2026-01-28 11:01:38.413878,79.0625,3.75,a18ced1a-14d5-4049-8242-7989f81be95e
120,8,2026-01-28 11:01:44.054972,79.125,4,af6ab2af-740b-41d0-81d7-bd18812d4082
121,8,2026-01-28 11:01:49.661157,79.125,4,93dc8d1d-4928-42d1-8bd3-792c55c56830
122,8,2026-01-28 11:01:55.286815,79.25,3.5,274d8dac-adef-4f0c-8fea-2d9b5225fd0a
123,8,2026-01-28 11:02:01.087358,79.4375,4,4cd4c3d5-42c9-4683-82cd-4c04c15882f0
124,8,2026-01-28 11:02:06.770346,79.4375,4,7936e411-c915-4881-8606-1a58406027e1
125,8,2026-01-28 11:02:12.448746,79.4375,4,0bb434bd-8878-4698-8f57-5c5d2e328d2a
126,8,2026-01-28 11:02:18.123561,79.5625,4.25,8935cc18-3044-49de-bb2d-893e1f957de1
127,8,2026-01-28 11:02:23.820305,79.75,3.75,3c404c5e-280e-416c-bf24-e4f346f9bcc5
128,8,2026-01-28 11:02:29.559128,79.9375,3.75,cd9246da-df9d-4fe0-8eb5-cc653b17d774
129,8,2026-01-28 11:02:35.289475,79.875,3.75,def69ac8-6354-4e0b-b406-2c8984a78f1f
130,8,2026-01-28 11:02:40.957733,79.8125,4,57fb110e-dc14-41cc-83ba-d97755a816ae
131,8,2026-01-28 11:02:46.654742,79.75,4,7b0a4366-fa11-499c-80d7-ce5a0838407d
132,8,2026-01-28 11:02:52.384976,79.8125,3.5,bead3908-d92f-4a4f-96e9-b76138a66472
133,8,2026-01-28 11:02:58.122708,79.875,4.25,939e5db3-4eb6-4d67-8748-0ae50d701d03
134,8,2026-01-28 11:03:03.810013,79.9375,4.25,3883d8ca-6460-4151-8b58-0f2f02dfa3a2
135,8,2026-01-28 11:03:09.487711,80,4.25,915e0be4-5bf9-45e9-a665-1ca50473a75d
136,8,2026-01-28 11:03:15.120122,79.9375,4.25,ebe0e6b0-8633-4283-8474-13eaedb25507
137,8,2026-01-28 11:03:20.702654,80,4.25,b8886d68-2108-4d99-8e68-cc7078d3e81f
138,8,2026-01-28 11:03:26.341425,80.0625,3.75,af45ea36-800a-4d31-8ac7-a0054fe1aa9e
139,8,2026-01-28 11:03:32.014558,80.125,4.25,6a620388-da2c-4125-bfe1-d3ddc0532517
140,8,2026-01-28 11:03:37.683254,80.125,4.5,a7fb2074-0414-4227-a2cc-b88ad6e2eafe
141,8,2026-01-28 11:03:43.382589,80.125,3.75,e6c89103-2363-4c91-9e0b-77fe013487cc
142,8,2026-01-28 11:03:49.120323,80.1875,4,f98b1cb1-44fb-4312-9ea3-2291e6ac2b6b
143,8,2026-01-28 11:03:54.757428,80.3125,4.25,29b583af-a67e-499b-a8a2-cf6b11644ee1
144,8,2026-01-28 11:04:00.38058,80.375,4.25,1f65fe85-1afa-4105-ac9e-be184a15eae7
145,8,2026-01-28 11:04:06.119308,80.4375,4.5,417607a0-c5d2-4fa2-b973-7f8d9601d08c
146,8,2026-01-28 11:04:11.848831,80.625,3.75,7454429d-0dde-42b5-931e-879619e2fd19
147,8,2026-01-28 11:04:17.482999,80.6875,4.5,21258c02-208d-418c-8f5c-d145ce69561a
148,8,2026-01-28 11:04:23.087309,80.75,4,71460e2a-e41a-401f-a24d-2245f5c4c983
149,8,2026-01-28 11:04:28.753487,80.75,4,4a418260-454c-4433-bd6d-d961670c24b0
150,8,2026-01-28 11:04:34.594393,80.75,4,148cc3ed-fc0d-431d-92cb-f88af972732a
151,8,2026-01-28 11:04:43.261102,80.75,4.5,8e7ddb9a-72ed-487e-ab93-8a2573c434a7
152,8,2026-01-28 11:04:49.021904,80.5625,4.5,58fa31dd-c2f4-4b48-8a67-6cd10c4ab0ea
153,8,2026-01-28 11:04:54.75437,80.625,4,1c9c2a96-21a0-41c4-8800-856b0b61aa6b
154,8,2026-01-28 11:05:00.439992,80.75,4.5,7817c085-3a03-4d46-b4e0-4c48c6f18367
155,8,2026-01-28 11:05:06.080157,80.875,4.25,5f07af5e-1598-43b2-8af4-939dd24faae2
156,8,2026-01-28 11:05:11.761116,80.9375,4.25,e9deef43-25c7-4e6f-8bd3-4c99fec42d57
157,8,2026-01-28 11:05:17.430864,81.0625,4.5,c138e428-2c24-4b35-a919-92546ca528b5
158,8,2026-01-28 11:05:23.026955,81.125,4.5,1e846706-3809-471c-86a6-2db32e264f92
159,8,2026-01-28 11:05:28.752107,81.0625,4.5,fd099aa7-e27a-4477-8f8d-581b169bdcff
160,8,2026-01-28 11:05:34.386157,80.9375,4.5,404595de-46e2-4246-8539-7b885b3027d5
161,8,2026-01-28 11:05:40.021987,80.9375,4.75,7b9348a4-6a01-4319-bbf7-0eb9e56401a3
162,8,2026-01-28 11:05:45.65398,80.875,4.75,477fad49-87f6-465c-939f-c4b8d19331f0
163,8,2026-01-28 11:05:51.283754,81,4.75,6692790e-1979-4324-b7b5-e786b318f045
164,8,2026-01-28 11:05:57.018571,81.0625,4,fd863896-8577-4b7c-969b-3ff02c36920b
165,8,2026-01-28 11:06:02.701085,81.0625,4.25,e928115f-fe2f-47ec-a913-c9fb77034912
166,8,2026-01-28 11:06:08.332888,81,4.75,2ff43d3c-5533-4e68-8e45-701a5806299a
167,8,2026-01-28 11:06:14.016768,80.875,4.75,1f127eb7-cfca-4d4d-a8ec-6de0b428962f
168,8,2026-01-28 11:06:19.75843,80.75,4.25,01ad8bb7-a189-44b1-a30e-6326052123cf
169,8,2026-01-28 11:06:25.504437,80.5625,5,4bc6494d-e46f-476c-801e-ed423f58f688
170,8,2026-01-28 11:06:31.175515,80.5,4.25,e828c243-c3b1-4fb7-b812-66516d05cdf0
171,8,2026-01-28 11:06:36.855479,80.4375,4.5,18d4c0b4-95a4-4bcf-ab8b-c08407582855
172,8,2026-01-28 11:06:42.481446,80.375,4.75,feec2009-5d6b-4064-b325-11f5aecc8ae5
173,8,2026-01-28 11:06:48.109226,80.375,4.5,73c1f3a8-c05a-465e-bfd0-5f45d60d82e4
174,8,2026-01-28 11:06:53.85303,80.375,4.25,268c198c-1a23-4032-b32e-ca2157c96ce4
175,8,2026-01-28 11:06:59.48062,80.5,4.75,3e6d55ac-5f03-4338-9514-20e89f70c8ca
176,8,2026-01-28 11:07:05.219615,80.5625,4.75,e6cfff27-87a1-4972-b7e6-1516eb30df74
177,8,2026-01-28 11:07:10.951044,80.625,5,ede0c431-b441-4b07-9ae6-c8c38b78932f
178,8,2026-01-28 11:07:16.690861,80.6875,4.75,1b765bc5-2828-4c31-ae17-1b5d89289cf6
179,8,2026-01-28 11:07:22.318325,80.6875,5,20a454c7-c1cd-4f8d-be40-c69a19334718
180,8,2026-01-28 11:07:28.052057,80.8125,4.75,9f54e852-6bfb-47d5-9ac7-adad61ea1a1d
181,8,2026-01-28 11:07:33.645758,81,5,4fb5f2a7-3ba7-48e7-a153-35933b81b2ff
182,8,2026-01-28 11:07:39.315529,81.1875,5,cdfcdafb-c816-43a0-8a92-6ee5da674757
183,8,2026-01-28 11:07:44.951505,81.25,5,6a45e97f-3573-4762-88ab-37a240d39dcf
184,8,2026-01-28 11:07:50.682118,81.25,5.25,9bc7e3b2-48d6-453f-8a2f-88dab3cc883a
185,8,2026-01-28 11:07:56.358628,81.25,4.5,0f06699a-2d41-4480-8c6a-444a5fe8522f
186,8,2026-01-28 11:08:02.049122,81.375,5,9c04d90e-23f8-49f0-a923-3bc99a8eb09b
187,8,2026-01-28 11:08:07.783,81.5625,4.75,53e9533e-fe7f-47da-b011-563fa3dc8127
188,8,2026-01-28 11:08:13.455612,81.6875,5,8d7f79bd-de6b-4c53-ad22-a601e6ebf7b3
189,8,2026-01-28 11:08:19.15006,81.8125,5.25,03ed68fe-d1e1-4f08-84cf-adb8fa9890f0
190,8,2026-01-28 11:08:24.831576,81.8125,5.25,126f7e4e-1485-4eac-98ac-17629c6732e4
191,8,2026-01-28 11:08:30.418363,81.8125,5.25,d00683f4-96a7-40a9-9576-b3f397fae0cc
192,8,2026-01-28 11:08:36.147921,81.8125,5.25,d6bedbac-bad1-40e0-ae5f-d100deab19a0
193,8,2026-01-28 11:08:41.822197,81.875,5,372d85b7-8010-423f-9d2b-335dc0352488
194,8,2026-01-28 11:08:47.514682,81.875,4.75,898ee181-571e-4960-8699-f5e97ff6a439
195,8,2026-01-28 11:08:53.355993,81.8125,5.25,36f480f0-5ce3-4d73-aa9f-e1608ad0715a
196,8,2026-01-28 11:08:59.089219,81.75,5.5,1b65e072-6bed-4805-a9dd-48220cdef715
197,8,2026-01-28 11:09:04.718515,81.75,5.25,62831617-5f3b-4610-b00b-0e68b4a393f1
198,8,2026-01-28 11:09:10.392988,81.8125,5.25,e9ea1114-c38c-46c7-b8b9-3ac69367aae7
199,8,2026-01-28 11:09:16.081281,81.8125,5.25,8ba345d7-ad13-44b6-83e0-6f0e3df1d344
200,8,2026-01-28 11:09:21.716212,81.8125,5.5,f5b03c31-fc20-42dd-bbaa-608a18033652
201,8,2026-01-28 11:09:27.350212,81.8125,5.5,d23e03a5-0c5b-4405-9c4a-78a483995652
202,8,2026-01-28 11:09:32.978378,81.8125,5.25,e0ab8ffc-e5ab-42b5-9ad2-dbb435cc5b97
203,8,2026-01-28 11:09:38.671157,81.8125,5.5,a00a5300-3062-45eb-8288-13b971c41e4d
204,8,2026-01-28 11:09:44.348374,81.875,5.5,a29bfd99-3485-4659-8b0e-af2b509ed427
205,8,2026-01-28 11:09:49.978956,82,5.5,d37f846b-53ed-4dcf-a9bc-d8546bcc3146
206,8,2026-01-28 11:09:55.715504,81.9375,5,f2976e75-9869-4dfc-9fff-ef948f061a39
207,8,2026-01-28 11:10:01.449757,81.8125,5.25,ac62e2e3-2561-427c-bb63-404cf20d5db3
208,8,2026-01-28 11:10:07.095954,81.625,5.5,8649d2bf-1383-4c60-a0b8-dcaf3c364b00
209,8,2026-01-28 11:10:12.817572,81.6875,5.25,f22ae0e5-3c3a-4921-be62-eb8ecf7b3043
210,8,2026-01-28 11:10:18.550013,81.75,5.5,e6c24497-c748-4b71-b823-ec5c72b9ceea
211,8,2026-01-28 11:10:24.140366,81.8125,5.75,f4888e96-b8f4-4818-bd07-1ae3790eabbe
212,8,2026-01-28 11:10:29.816686,81.8125,5.75,87fbc3fc-4ed4-4872-bd61-26f3ce7032cf
213,8,2026-01-28 11:10:35.496663,81.875,5.25,7aadd129-1d38-4d0c-8e34-0a26b8ff004e
214,8,2026-01-28 11:10:41.182306,81.9375,5.75,797f4568-b0ef-4a6a-835c-85f73051a944
215,8,2026-01-28 11:10:46.857556,82.0625,5.75,ba1f21a1-c972-4afc-bbe4-13513aacddfc
216,8,2026-01-28 11:10:52.544235,82.0625,5.75,bad597bd-48f8-4e5a-acda-40292257f180
217,8,2026-01-28 11:10:58.230411,82.125,5.75,33db8e55-7ee2-4cb9-b0c7-7329afbac423
218,8,2026-01-28 11:11:03.913707,82.3125,5.5,ce9f42ad-b396-43de-a736-12577c46fa30
219,8,2026-01-28 11:11:09.548549,82.5,5,1a954b0e-6bde-4b5d-8737-20e28741c30a
220,8,2026-01-28 11:11:15.278627,82.5625,5.5,3ab97383-0d28-4671-afc4-d33402b30274
221,8,2026-01-28 11:11:21.013984,82.5625,5.5,4c9b75a8-d7ca-4c82-b91e-52091fd58a5c
222,8,2026-01-28 11:11:26.745386,82.4375,5.5,2c7dff1e-a700-4e8c-8b57-087f386b5a32
223,8,2026-01-28 11:11:32.482365,82.375,5.75,0d636514-fb7e-4517-8d4c-16e7a5fbbc60
224,8,2026-01-28 11:11:38.157145,82.3125,5.75,1a3b13fa-7429-49e9-892a-e3f0666e9ff0
225,8,2026-01-28 11:11:43.79788,82.4375,5.5,4beb6539-d7b5-451f-be20-f0f5bff08911
226,8,2026-01-28 11:11:49.40885,82.375,5.25,29742888-7e4b-4cd4-8dcc-818603674f1b
227,8,2026-01-28 11:11:55.116387,82.3125,5,0721e0f2-363f-4972-8d77-e676779a43cc
228,8,2026-01-28 11:12:00.849281,82.25,5.5,33402df9-c80c-4ab5-b77d-9c3e61f91f6f
229,8,2026-01-28 11:12:06.478715,82.25,5.75,35738284-c0a3-4058-b78a-6e2d106ae1b9
230,8,2026-01-28 11:12:12.115252,82.25,6,fcf1f3b0-4aff-42ea-b97d-5cfa85e64afb
231,8,2026-01-28 11:12:17.74345,82.25,5.5,53df4ba8-4231-4f46-a7eb-e131da7f9766
232,8,2026-01-28 11:12:23.33677,82.125,5.5,41885b03-dfbc-4f44-a60c-6e3883107dab
233,8,2026-01-28 11:12:29.011385,82.0625,5.5,c12ed59d-20f9-47c8-b960-83eb2b41e10c
234,8,2026-01-28 11:12:34.639674,82.125,5.75,4280ba27-c250-48ce-9f54-27f8f4211f1e
235,8,2026-01-28 11:12:40.270976,82,5.25,3febba93-e9cd-4e43-aaef-47c781ee47f4
236,8,2026-01-28 11:12:45.90282,81.875,6,a4cdc95e-0b60-46b9-8978-0cf8646d1ef6
237,8,2026-01-28 11:12:51.535398,81.875,5.75,3bd446fa-789d-43a0-9c3f-e3381c89870b
238,8,2026-01-28 11:12:57.212424,81.875,6.25,f85ddcd7-4dca-4720-8f9d-c8488a234ba3
239,8,2026-01-28 11:13:02.901741,81.8125,6.25,08c513f1-a5c0-4809-b29b-bedbb34d60e0
240,8,2026-01-28 11:13:08.650864,81.75,5.75,207bbda2-bf11-42aa-8619-e7472b8a5301
241,8,2026-01-28 11:13:14.306956,81.625,6,376bf5e4-da15-4e4b-856f-1839c8718fee
242,8,2026-01-28 11:13:20.002718,81.6875,6,77a37891-775a-46f2-acc3-f141c943223b
243,8,2026-01-28 11:13:25.686977,81.875,6,059abcec-6415-4196-a022-c184b829aa45
244,8,2026-01-28 11:13:31.281644,81.8125,5.75,e7c5e7d7-1e7a-4efd-a583-29861a78adec
245,8,2026-01-28 11:13:36.899465,81.8125,5.5,e62d23f1-0955-47cc-9ad3-9bbb65a1f215
246,8,2026-01-28 11:13:42.632961,81.6875,6.25,825d488b-7150-4eeb-88e1-b1301a249d1d
247,8,2026-01-28 11:13:48.226496,81.625,6,2adef9f1-a72c-41cd-8dda-20a1a137cb01
248,8,2026-01-28 11:13:53.901952,81.6875,6.25,44638b8c-d91b-4ab1-9346-8455d74abb6a
249,8,2026-01-28 11:13:59.56081,81.875,6,c708c176-1017-480a-9201-cf2d467d6f3e
250,8,2026-01-28 11:14:05.162196,81.875,5.75,8c1e656b-b651-4999-9926-fd7400c992f0
251,8,2026-01-28 11:14:10.752014,81.9375,6.25,b50fc150-f8c7-4e9b-94ef-6f567ae43c1b
252,8,2026-01-28 11:14:16.379034,82.1875,6.5,2bbc95d2-bcd4-4eeb-8323-fd328c1fe9d4
253,8,2026-01-28 11:14:21.992416,82.4375,6.25,f205d176-3623-4028-96a7-3f3a5d37bd0a
254,8,2026-01-28 11:14:27.58804,82.625,6.25,dd61882c-4f74-43c8-a261-827d74c2e00c
255,8,2026-01-28 11:14:33.182961,82.6875,6.25,b476cde0-6276-40da-9462-c0694637d34d
256,8,2026-01-28 11:14:38.849303,82.875,6,dbb3eaad-951e-4ff1-a23d-f58ed9aa15a7
257,8,2026-01-28 11:14:50.42443,83.0625,6.25,df01b30e-00fd-48b3-a93a-c5f47310db7e
258,8,2026-01-28 11:14:56.017059,83.0625,6.5,e31f9622-b34f-4728-b617-78e91c7c0066
259,8,2026-01-28 11:15:01.692517,83.0625,6.5,66ce5ef8-da96-4a19-82ba-76464fb59c16
260,8,2026-01-28 11:15:07.274094,83,6.5,d1b6dae1-1893-4829-92fb-54f8a8249660
261,8,2026-01-28 11:15:12.949782,83,6.5,08d854d6-e3ef-495f-98ff-50c190666030
262,8,2026-01-28 11:15:18.583694,82.9375,6.25,391f797a-135c-4719-9a6b-47ef11213054
263,8,2026-01-28 11:15:24.27439,82.9375,6.25,0bf5b916-4b49-4a08-bd88-100f9eb8bea8
264,8,2026-01-28 11:15:29.953255,82.875,6.5,ce938c1d-0b21-4fdb-a86c-1816a716821b
265,8,2026-01-28 11:15:35.683516,82.8125,6.75,2da1ee92-b527-4dc0-98c0-028a048ea8bf
266,8,2026-01-28 11:15:41.31824,82.75,6.25,ed3d5154-64b1-4389-afb7-583ecbf662a8
267,8,2026-01-28 11:15:46.988348,82.75,6.75,5873bd34-7226-434c-9ba3-e396a3e293a3
268,8,2026-01-28 11:15:52.685791,82.6875,6.75,305c3479-35b3-4650-bb0e-37cd437847ab
269,8,2026-01-28 11:15:58.361,82.5625,6.75,bd7c4eab-19f5-443d-911c-5849a4d87862
270,8,2026-01-28 11:16:04.049645,82.5,6.5,add488fd-688d-4b7e-9559-32e7ed633295
271,8,2026-01-28 11:16:09.78365,82.375,6.75,5cd4c12f-66a1-44a4-9e89-a040658b44ca
272,8,2026-01-28 11:16:15.495113,82.25,6,3309175e-7041-467e-ace3-37722b073071
273,8,2026-01-28 11:16:21.121936,82.25,6.75,b1daad19-a106-4575-a88b-3111a8bc23f0
274,8,2026-01-28 11:16:26.782682,82.3125,6.5,fd5a23d2-9d2c-4cf3-b311-8a984501e3f7
276,8,2026-01-28 11:16:38.093006,82.3125,6.75,dcab1475-52f5-4ec5-b143-fdb6d75152d0
278,8,2026-01-28 11:16:49.26098,82.375,6.25,791172a6-7c02-4126-8152-085e677920a4
279,8,2026-01-28 11:16:54.94064,82.4375,7,3c082d21-b736-49bc-a0fe-9c96c115088e
281,8,2026-01-28 11:17:06.305511,82.25,7,828a973c-1923-44ad-b391-f4da5c73ca39
283,8,2026-01-28 11:17:17.67516,82.1875,6.75,5aec10bc-9bfe-4899-b27c-1a559d4ca904
284,8,2026-01-28 11:17:23.513611,82.25,7,f7212a43-7182-480a-90a3-767febfd3c0e
286,8,2026-01-28 11:17:34.75354,82.5,7,75f8c3d8-b9fb-47bf-92bb-904e61d7ba09
288,8,2026-01-28 11:17:46.194572,82.6875,7,ef066325-66ec-4dbe-87ad-b075afabbce7
291,8,2026-01-28 11:18:03.166036,82.625,6.75,b9dfbd6e-9950-40ad-9997-d1f956647849
1243,8,2026-01-28 12:55:11.138454,87.3125,21.75,48c936c9-893e-42d1-a8d2-9e9d8fe02ac9
1244,8,2026-01-28 12:55:16.808528,87.375,22.25,ff7dcf78-14ae-4202-a644-496dc85b11f0
1246,8,2026-01-28 12:55:28.279051,87.5,22,63868e61-a7b9-4d0d-b1c0-308c620e15aa
1248,8,2026-01-28 12:55:39.750089,87.75,22.25,dbe1e547-38d5-4138-bd7c-d066caf18a9c
1249,8,2026-01-28 12:55:45.377671,87.8125,22,9e9c45c8-30ff-4405-8d85-25b4572ff0bf
1251,8,2026-01-28 12:55:56.62926,87.9375,22,379ae860-a762-45c0-a2d2-d4edc5355e2b
1254,8,2026-01-28 12:56:13.745844,87.6875,21.75,ba64f415-5856-46c8-a4cf-dd0d7572ae45
1256,8,2026-01-28 12:56:25.112135,87.375,22,c8b7fde3-395d-4e00-985c-a27ede0292f7
1259,8,2026-01-28 12:56:42.312583,87.125,22.25,5806a951-ad0d-40a5-97b8-e8fd4742049f
1261,8,2026-01-28 12:56:53.804803,87.25,22.5,b30d8bb4-cd0b-455c-92fe-dd44886df59d
1262,8,2026-01-28 12:56:59.390685,87.3125,22,fac7b032-7702-43d9-8b44-b93b9fd1a306
1264,8,2026-01-28 12:57:10.779523,87.1875,22.5,2958e3f2-a3d6-4e66-a2c0-4cf3a9ab9da1
1266,8,2026-01-28 12:57:22.197351,87.4375,22.75,bd60a4a0-9357-40e2-b781-146cf9d1abb8
1267,8,2026-01-28 12:57:27.882006,87.4375,22.5,799c26d2-6233-4f6c-a6fa-508fa2092343
1269,8,2026-01-28 12:57:39.247199,87.5625,22.75,40f56668-4e8d-4fb4-8b80-afee946defe5
1272,8,2026-01-28 12:57:56.358998,87.5625,22.5,22879e55-9ba8-436c-9db3-f1debebe23c7
1274,8,2026-01-28 12:58:07.715435,87.25,22.75,e134e393-bf61-4a13-99f5-2e2e6b205b0c
1277,8,2026-01-28 12:58:24.774909,87.125,22.75,7360c187-cfe0-487f-9271-b0efd3eec240
1279,8,2026-01-28 12:58:36.182876,87.3125,21.75,40b4ccf2-f9c9-4a54-8270-81b49beff539
1282,8,2026-01-28 12:58:53.28703,87.125,22.75,2fcd0b45-989b-46ce-bed9-6d6bb4b2c905
1284,8,2026-01-28 12:59:04.695427,87.3125,22.75,eca346b5-1a65-4c15-a2a9-a149693aa04d
1287,8,2026-01-28 12:59:21.858589,87.875,22.75,23780074-53ad-48ec-8ce9-4ab5f0629b29
1289,8,2026-01-28 12:59:33.260475,88,22.75,94296d38-fa10-4ad9-8663-d840dedbf03a
1290,8,2026-01-28 12:59:38.851336,88,23,11ca7dd0-4507-4f90-809c-266384a09e9b
1292,8,2026-01-28 12:59:50.192401,88.125,22.5,f3c18ff9-2b71-4e39-a35d-aad2eafec4de
1294,8,2026-01-28 13:00:01.584831,88.375,22.25,5a69501e-cb81-47ff-befa-195fe1847659
1295,8,2026-01-28 13:00:07.323721,88.1875,23,59d3b126-e4de-4e1f-b7c2-f7be77f68e26
1297,8,2026-01-28 13:00:18.728072,87.9375,22.75,cd2bf614-82cf-464d-aa78-cf2eb9e9189d
1300,8,2026-01-28 13:00:35.637186,87.9375,23,9a69d242-0d6e-4de8-8c9d-fdfa98171e11
1302,8,2026-01-28 13:00:46.945802,87.8125,22.5,f8003815-5b33-47d9-b2f3-3982105064c9
1303,8,2026-01-28 13:00:52.684747,87.625,22.75,e2f039d7-1e9f-4cdc-963f-971b705701ec
1305,8,2026-01-28 13:01:04.091031,87.4375,22.75,378738b6-4e45-463d-ae45-e08fd9d7edaa
1307,8,2026-01-28 13:01:15.474636,87.125,22.25,e1566d86-db5d-4c7d-b97d-9f1f7d743e24
1308,8,2026-01-28 13:01:21.151543,87.1875,22.75,9f870e1a-131c-4f34-9b84-80bd4f4483ee
1310,8,2026-01-28 13:01:32.513823,87.3125,22.75,78b1f72c-fea6-40fd-82dc-55b47a69b94a
1313,8,2026-01-28 13:01:49.557413,87.5,22.75,6a3a3019-e93c-4b4b-8e8a-6b22985e8d0e
1315,8,2026-01-28 13:02:00.981417,87.5,23.25,43ebcb3a-1338-47f3-8cf4-3875b4e15335
1542,8,2026-01-28 13:27:14.105657,91.4375,28.25,69240eb9-91fc-4515-a009-877c3d4f0dca
1596,8,2026-01-28 13:32:19.722851,87.25,26.25,e27c338e-144d-4d4d-9490-8a1018d92bc6
1598,8,2026-01-28 13:32:31.098297,87.6875,26.75,cd07a255-c726-41db-8365-f2ed5b321278
1599,8,2026-01-28 13:32:36.824606,87.875,26.75,498df4f3-301f-4ed9-937a-3a919f5dd8ef
1601,8,2026-01-28 13:32:48.256389,88.25,26.75,5a654eff-ce6f-4031-b38b-ce71c74e2df7
1765,8,2026-01-28 13:48:20.207062,87.4375,28.5,f7397294-3d2c-4118-b0db-010a39498f49
1767,8,2026-01-28 13:48:31.507109,87.25,29,fbda8dc7-b2f4-4183-917b-8c8a02e17d4d
1770,8,2026-01-28 13:48:48.711007,87,28.75,31613445-afcc-48ab-b64b-cf18e21c0426
1772,8,2026-01-28 13:49:00.184921,86.9375,29,6682c877-296b-4995-9b2d-101ae075037b
1773,8,2026-01-28 13:49:05.915797,86.875,29,585e3c58-3652-4e19-b0a1-511077bd91b2
1775,8,2026-01-28 13:49:17.282495,86.8125,29,f05f1ea3-7d4b-477c-a72e-d62d7d16e7ec
1777,8,2026-01-28 13:49:28.749612,86.9375,29.25,73c03cc9-d147-486d-abc6-732895af9fda
1778,8,2026-01-28 13:49:34.423741,86.9375,29,c804a1b3-b7f8-415b-98dc-fdda44325608
1780,8,2026-01-28 13:49:45.703895,86.9375,29.25,53f43de8-3a79-4a86-aecf-b7ed96846251
1946,8,2026-01-28 14:05:30.804538,91.6875,31.75,f630a06e-f196-43b9-90d2-d8e59afed34a
1948,8,2026-01-28 14:05:42.232622,90.5,31.25,28c29d18-a858-43e4-8777-c0886c67221b
1950,8,2026-01-28 14:05:53.537184,90.6875,31.75,fa69c698-c4c8-4fe5-b6f4-84f60b6eac2b
1995,8,2026-01-28 14:10:09.540351,92.25,32.25,a58d8c4c-03bc-4301-aecb-3cbf3d6501d3
1997,8,2026-01-28 14:10:21.008046,92.125,31.75,7631e46b-37ef-47eb-93a8-4425d6d6a1a7
1998,8,2026-01-28 14:10:26.745137,92.125,32.25,f73a5446-f496-45d4-91f0-e3d824244bfc
2000,8,2026-01-28 14:10:38.064847,91.9375,32,65b1defb-358f-46b0-8db1-ed6678a974cb
2002,8,2026-01-28 14:10:49.269047,92.25,32,6e4036f6-8bd7-4d5b-95ba-676630590701
2003,8,2026-01-28 14:10:54.855417,92.5,31.75,2d2530ce-7bf5-4e9f-be8b-16479c01b506
2049,8,2026-01-28 14:15:15.621924,93.875,32.75,7737c85a-b519-4a11-b195-e70f3b4dec81
2052,8,2026-01-28 14:15:32.727992,93.625,33,5c5eabbe-3e7c-4683-b1d5-2ef04a4bd2ec
2054,8,2026-01-28 14:15:44.169196,93.0625,33,8c02e2a0-442f-448d-a9b5-5cb9aef4f287
2057,8,2026-01-28 14:16:01.13969,92.625,33,79f1ecbb-75fd-4ddf-b91d-a51aad3a927c
2059,8,2026-01-28 14:16:12.450176,92.875,33,892f058f-9a09-4feb-a6b9-e90ba86fb434
2060,8,2026-01-28 14:16:18.082191,93.1875,32.75,d7f3ed04-3b0a-442d-9937-611d3cca9677
2062,8,2026-01-28 14:16:29.29825,93.4375,33,6c8291dd-7d82-4f77-b64d-8c4a067b4d99
2064,8,2026-01-28 14:16:40.655143,93.125,33.25,8e70699a-2473-4238-961b-b92d04512de3
2065,8,2026-01-28 14:16:46.348495,93,33,6b9484e4-34ef-4409-86ec-8b48476df9bd
2067,8,2026-01-28 14:16:57.674704,92.75,33.25,945fb759-d512-4c73-a393-f0afd7dd96dc
2070,8,2026-01-28 14:17:14.623124,92.125,33,9071c8d2-8583-4080-b33f-2c5f220a6a53
2072,8,2026-01-28 14:17:26.027966,92.1875,32.75,0211bf33-86c6-4429-84f1-685d9d114dd5
2075,8,2026-01-28 14:17:42.949436,92.3125,33.25,c2931374-dfea-4760-8c83-476edd240682
2077,8,2026-01-28 14:17:57.116787,92.4375,33,4c2dc334-85be-4437-9c86-dda6328bb886
2079,8,2026-01-28 14:18:08.468465,92.625,32.75,482195a4-77b9-40a3-a8a8-69404e250cea
2080,8,2026-01-28 14:18:14.207556,92.625,33.25,7000fa5d-7625-4095-8547-67f6b8295e95
2081,8,2026-01-28 14:18:19.941839,92.5,33.25,dc61ac56-e615-4fc2-9696-a34eacf1f511
275,8,2026-01-28 11:16:32.465832,82.375,6.75,de7e930a-7da5-43ae-a952-068850a159db
277,8,2026-01-28 11:16:43.677615,82.375,7,402bd6a2-9cdc-4cd7-aaa1-a2313ae92da7
280,8,2026-01-28 11:17:00.608393,82.375,7,ef865094-62f9-4215-b869-435688e401ce
282,8,2026-01-28 11:17:12.043402,82.1875,6.5,4d7bf206-acab-4010-b3cf-b084a0a45fb8
285,8,2026-01-28 11:17:29.178783,82.375,6.5,20c8ac9b-9a2a-4c84-8bcd-f00613a7ab63
287,8,2026-01-28 11:17:40.507538,82.625,7,a799a795-35f4-45c5-bb13-3cee55c7bda4
289,8,2026-01-28 11:17:51.875026,82.6875,6.5,42ae6460-5b08-4290-b585-58535320cc15
290,8,2026-01-28 11:17:57.548274,82.5,7,e53dbe1e-c11b-41f5-964d-e49f9db826e4
292,8,2026-01-28 11:18:08.769975,82.8125,6.25,bca91aec-63f7-4f6c-838f-d20eea7cbb69
293,8,2026-01-28 11:18:14.444301,82.875,7,f2861a1c-606d-469a-97c4-b210664e6a66
294,8,2026-01-28 11:18:20.140317,82.9375,7.25,de6994e6-ace5-4ec7-a84d-72f043d5cfb8
295,8,2026-01-28 11:18:25.76966,83.0625,7,b6991fb9-9932-4d44-ad4e-6fbdff0a0b69
296,8,2026-01-28 11:18:31.504549,83.0625,6.75,5e32fc52-bf41-40bc-bb66-a51826322c3b
297,8,2026-01-28 11:18:37.183395,83.1875,7,98bd5f1c-a24e-49f9-a6dd-d0c2f951b139
298,8,2026-01-28 11:18:42.972528,83.3125,6.75,8de01a3d-857d-48a2-a565-a93b786280c0
299,8,2026-01-28 11:18:48.708295,83.375,7.25,958c9f19-bd63-491d-8a59-6c35bd536fcb
300,8,2026-01-28 11:18:54.402828,83.375,6.25,7693bed6-ba4f-4af1-9d01-9bedc324fa56
301,8,2026-01-28 11:18:59.988133,83.25,6.75,19849e69-3cd3-43bb-abe8-2bda993786e6
302,8,2026-01-28 11:19:05.585195,83.1875,7,5455ccb0-9753-47e5-9356-7db4d3fa3d6f
303,8,2026-01-28 11:19:11.338569,83.125,7.25,52bb0c07-4e88-441e-8520-27241bca06d3
304,8,2026-01-28 11:19:16.971101,83.125,7.25,6934e1d2-fdab-4e54-b693-2387712293ab
305,8,2026-01-28 11:19:22.684233,83.125,6.75,9c6052f1-16ba-4aba-aca1-262f27ba44f0
306,8,2026-01-28 11:19:28.339774,83.1875,7.25,68c33913-b66c-4bc9-a47c-b4f269727171
307,8,2026-01-28 11:19:34.07396,83.1875,7.5,67737e74-62c5-42ee-b555-adec8fba76ca
308,8,2026-01-28 11:19:39.806775,83.1875,7.5,81457628-e4b8-4aff-838f-263f34ae0ecb
309,8,2026-01-28 11:19:45.398221,83.3125,7.25,ccdbb1cb-a5cc-40b5-83ac-643dbc7d70ba
310,8,2026-01-28 11:19:51.071064,83.375,7.25,ab2e8532-d226-46e4-9067-9dca280c8de7
311,8,2026-01-28 11:19:56.7038,83.4375,7.25,109ab8cf-265b-43ea-ae69-1b979afa20c6
312,8,2026-01-28 11:20:02.375604,83.5,7.25,bce3d501-f7ec-4810-af77-f4ed2909d770
313,8,2026-01-28 11:20:08.067515,83.5,7,624c9644-3338-4004-b6f8-2dc897927ded
314,8,2026-01-28 11:20:13.80151,83.5,7,f935e457-89b1-4c24-ae2a-661d60089d95
315,8,2026-01-28 11:20:19.538493,83.4375,7.25,da810e9d-521e-489a-a28e-2915e92a2466
316,8,2026-01-28 11:20:25.171738,83.3125,6.5,404beb6e-54c9-4e87-b2e7-14ef281d79e7
317,8,2026-01-28 11:20:30.853836,83.3125,7.25,73a84d4c-5886-400f-9019-2979b0423d83
318,8,2026-01-28 11:20:36.550582,83.4375,7,f131d581-2f3d-43e9-8c58-dac2fdd6d27a
319,8,2026-01-28 11:20:42.169426,83.625,7.25,d86c0545-162c-4336-ae02-4079274e72bc
320,8,2026-01-28 11:20:47.76032,83.8125,7.75,41521356-ac71-4862-b848-7370a99f6b32
321,8,2026-01-28 11:20:53.380813,83.875,7,af5d7109-3447-46a5-8452-5841046934c0
322,8,2026-01-28 11:20:59.063027,83.8125,7.5,feebb8ee-82ad-4476-aba3-23110af36bc0
323,8,2026-01-28 11:21:04.647601,83.8125,7.25,ee9f79d2-7fc0-45e2-8fcb-ba2a8edf5014
324,8,2026-01-28 11:21:10.231368,83.875,7.5,1c636213-870b-4b0a-94ec-6714b5e0190d
325,8,2026-01-28 11:21:15.960969,83.875,7.5,c893a8ba-883f-427b-a6a0-018a58b7a060
326,8,2026-01-28 11:21:21.692855,83.9375,7.75,83ac3806-6884-47c1-8a03-cb6d3029df91
327,8,2026-01-28 11:21:27.374143,83.9375,7.25,8d7d7586-8532-4057-8642-3066700fa506
328,8,2026-01-28 11:21:33.06074,83.9375,7.5,614ac285-e9cd-4838-bd52-95c1cc6d1743
329,8,2026-01-28 11:21:38.692307,84,7.75,13845d6f-2363-4683-a889-96a988150156
330,8,2026-01-28 11:21:44.277237,84,7.25,574a8af0-4ca9-46df-9cad-fdabba05bb26
331,8,2026-01-28 11:21:49.963997,83.875,7.75,23360577-26f1-443e-b743-cd269e4f4b6c
332,8,2026-01-28 11:21:55.694385,83.9375,7.75,1b868c3d-f3d7-4f3e-b9ff-f0a5d74cbaec
333,8,2026-01-28 11:22:01.424443,83.875,7.5,d2a1a2e7-237d-4abd-98f3-480e9a303729
334,8,2026-01-28 11:22:07.105942,83.875,8,18709ec8-d107-4cbd-b661-e1e76b43d7c7
335,8,2026-01-28 11:22:12.792038,84,7.75,92c892f5-db65-4296-a909-02e2a41a6ecc
336,8,2026-01-28 11:22:18.526941,84,8,008c2152-54cf-4d35-907f-6a1784ce671b
337,8,2026-01-28 11:22:24.260139,84.25,7.25,966db617-5966-4390-a927-394301297887
338,8,2026-01-28 11:22:29.845533,84.3125,7.75,310036b8-e9c7-4178-ba57-b8436c70363f
339,8,2026-01-28 11:22:35.465933,84.4375,7.75,568567c2-aaa1-448e-a31c-f869f0ea25ac
340,8,2026-01-28 11:22:41.103716,84.5625,7.75,bbf706f0-5602-41db-a51e-d005be14b847
341,8,2026-01-28 11:22:46.693635,84.6875,7.25,3cd74c1f-614f-4ae8-a4c0-c4001ea8feac
342,8,2026-01-28 11:22:52.420446,84.75,7.75,b388ccf4-9b61-4b96-994f-79a0b2907f4f
343,8,2026-01-28 11:22:58.054829,84.6875,7.5,b29da347-03a8-43c5-b656-78393e7821df
344,8,2026-01-28 11:23:03.686694,84.5625,8,61c1ba86-1e5c-4877-ae70-03969c2d118a
345,8,2026-01-28 11:23:09.335597,84.625,8,c44a8d02-6592-4b00-98ee-6c654dc1a87d
346,8,2026-01-28 11:23:15.050414,84.5625,7.5,bb838b1e-d83d-4fac-b64d-be000b8eed19
347,8,2026-01-28 11:23:20.730142,84.5,8,4124fb51-d132-4d79-9e14-c8dab4affd18
348,8,2026-01-28 11:23:26.320561,84.5,7.5,98d6cf2d-68bb-43d0-8256-81e6361fd945
349,8,2026-01-28 11:23:32.051352,84.5,8.25,6869fe98-b726-4ba8-8257-93636e0cc73f
350,8,2026-01-28 11:23:37.681013,84.5625,7.75,40a6f141-a8f6-452a-83f8-d823dc3c9502
351,8,2026-01-28 11:23:43.423418,84.5,8.25,e311e4d4-bd79-4fd6-a788-02494f20ef73
352,8,2026-01-28 11:23:49.007422,84.4375,8.5,5a27cef4-794c-473e-a994-6e16fed8cd8e
353,8,2026-01-28 11:23:54.682936,84.625,8,9b9a0125-1e02-4162-a52c-6ccf3d1b21c8
354,8,2026-01-28 11:24:00.416853,84.75,8.25,ef0d47dd-15f4-4b53-8f22-82ee2b033585
355,8,2026-01-28 11:24:06.049617,84.9375,8,6d12fdf9-1597-494e-bd16-199ce7553853
356,8,2026-01-28 11:24:11.680844,84.9375,8.25,5338846a-23b7-493b-8b26-e7b0a0ba5a88
357,8,2026-01-28 11:24:17.310961,84.8125,8,74325fd7-734e-4ede-8a37-21ec159978f8
358,8,2026-01-28 11:24:22.984323,84.625,8.25,3ab698b7-a7c0-4b8e-8b73-3251e685629a
359,8,2026-01-28 11:24:28.618535,84.5625,8,14f683dc-e170-4704-9bd4-69039fee4236
360,8,2026-01-28 11:24:34.261054,84.5625,8,f4f101dc-d605-46d6-803f-cdba5b49da97
361,8,2026-01-28 11:24:39.941884,84.5,8.25,3eff6b09-c2b8-445a-92ac-8da346a20bf1
362,8,2026-01-28 11:24:45.532859,84.5,8,e28d4dbf-7e30-4b59-8476-718f9870d6f8
363,8,2026-01-28 11:24:51.153223,84.4375,8,68b2a31a-b7fe-4ebb-9b25-73b77dcbef10
364,8,2026-01-28 11:24:56.843002,84.3125,8.5,0d29b38a-b446-43f5-be31-286326551aa1
365,8,2026-01-28 11:25:02.572666,84.3125,8,a225cce0-3be7-451e-8421-d5bd3af5c8e7
366,8,2026-01-28 11:25:08.307228,84.3125,8.5,b776d225-a687-4d32-92b7-15c60644f996
367,8,2026-01-28 11:25:14.041171,84.375,8,c8d7593b-b767-4b8a-abc0-7e7fd77d8cbb
368,8,2026-01-28 11:25:19.776681,84.375,8.5,d5fc5f0f-40ed-45d9-9251-1544a4f745a7
369,8,2026-01-28 11:25:25.409583,84.375,8,9596ab33-a9bf-456f-bd63-bb7be4b1faf0
370,8,2026-01-28 11:25:31.1426,84.3125,8.5,323c8dba-4f04-42ea-ad5c-12fa454249b0
371,8,2026-01-28 11:25:36.780132,84.25,8,fb6b5164-f16d-44c2-80d4-5015cd0a8f17
372,8,2026-01-28 11:25:42.40542,84.125,8.5,f1620038-9f4b-4239-abbf-a3b4b590bb5a
373,8,2026-01-28 11:25:48.143704,84.125,8.5,796e9e61-e05a-423b-ba02-8facf86d709a
375,8,2026-01-28 11:25:59.611658,84.1875,8.5,28a9dce4-75c7-47da-a0bd-92350118d2f4
377,8,2026-01-28 11:26:11.080102,84.1875,8.25,f1aef639-65e2-426c-a25c-1d3ae986698e
378,8,2026-01-28 11:26:16.7109,84.25,8.25,1b6ceecf-5c76-41c5-bce1-0258bbf5f4ff
380,8,2026-01-28 11:26:28.01598,84.1875,8.25,7964cdb4-23bd-44c8-b14f-80cb19665fdb
382,8,2026-01-28 11:26:39.342523,84.1875,8.5,343f06fe-61f0-49ce-b20f-0e25657b1e87
383,8,2026-01-28 11:26:45.096162,84.25,8.75,5e720dc3-d59e-4d79-8820-069297203ebc
385,8,2026-01-28 11:26:56.339794,84.25,8.5,b9ff6151-e948-47a6-b370-2401e83f06ae
387,8,2026-01-28 11:27:07.653073,84.5625,8.75,711915a0-38bf-4049-b4c3-3ad281715bb9
390,8,2026-01-28 11:27:24.811373,84.8125,8.75,d5022362-4ca0-4e2a-b42d-dcc3120b93f4
392,8,2026-01-28 11:27:36.173795,85.125,9,6bcfcb11-84a4-447f-8d49-c86946157e95
395,8,2026-01-28 11:27:53.315152,85.5,9,6c09231a-c170-41d5-9dbd-72c79e22740e
397,8,2026-01-28 11:28:04.496789,85.8125,8,b9cab088-3ebb-4c3e-ad9d-0830b88d26f5
400,8,2026-01-28 11:28:21.54798,86,8.75,bbd17eba-99a6-45c3-9996-297c70257d2f
402,8,2026-01-28 11:28:33.011633,86.1875,9.25,423af3ce-f126-4b2e-bc85-c863d7109857
405,8,2026-01-28 11:28:50.209139,86.5,9.25,b4fbf261-adb9-428e-8611-ed9d887b1608
407,8,2026-01-28 11:29:01.682196,86.5625,9.25,8b13fb6e-867f-4a7a-8391-3ce78e875234
1304,8,2026-01-28 13:00:58.41624,87.5,23,914bc5a4-bcdf-4b7b-a4a0-7ccbc830a3d7
1306,8,2026-01-28 13:01:09.781383,87.25,22.75,36336f36-e80e-4c12-af97-cc837419c762
1309,8,2026-01-28 13:01:26.890149,87.25,22.75,b3d8eb3d-07d4-44e2-a1ce-699f29bd3c61
1311,8,2026-01-28 13:01:38.195604,87.3125,22.25,68c5d2cb-2bfa-435e-9812-6f0d38491625
1312,8,2026-01-28 13:01:43.882901,87.375,23,c3bd112c-3363-46a6-bf96-d53922eb1760
1314,8,2026-01-28 13:01:55.246589,87.5,22.75,0ccb04bb-66d4-45fb-99ff-8109a0899c51
1316,8,2026-01-28 13:02:06.663031,87.625,23.5,ee9f3de0-b41f-4c3a-8149-94b56171d3c2
1317,8,2026-01-28 13:02:12.347703,87.8125,23,6c3e024d-753b-45f3-9000-a22029278d78
1318,8,2026-01-28 13:02:18.097693,88.0625,23,0d23c544-e821-4615-9fda-e9a072c8ff9d
1319,8,2026-01-28 13:02:23.816761,88.1875,23,0600e062-2dc9-488a-810a-bdc660c1c9e7
1321,8,2026-01-28 13:02:35.286806,88.4375,23.25,2b494c9e-4089-454a-b984-9d9d8895bc6f
1322,8,2026-01-28 13:02:41.026551,88.4375,23,1e26d249-42a7-4596-9ec5-618a8c44c516
1324,8,2026-01-28 13:02:52.388465,88.1875,23,4008dd45-89d9-4e90-8000-cf3a369ff314
1327,8,2026-01-28 13:03:09.390137,87.875,23,2027f2fa-9069-4b55-a417-030fd8b55b03
1329,8,2026-01-28 13:03:20.751318,87.9375,23.25,b2c54276-d36b-4f71-bd6c-321989aa22a9
1332,8,2026-01-28 13:03:37.956814,88,23,cfb76b20-df6f-4d09-800f-6da37767a3fb
1334,8,2026-01-28 13:03:49.423602,88.375,23,89c86a33-f396-4e4d-990c-3d0b35668720
1337,8,2026-01-28 13:04:06.533852,88.6875,23.25,b4330879-9497-4894-a8ed-a6f25bc31e35
1339,8,2026-01-28 13:04:17.894848,88.625,23.25,26db3bd1-1d1c-4f2c-b23f-8c5821170dd4
1340,8,2026-01-28 13:04:23.574116,88.5625,23,b21cf4ce-2270-4d37-9ca0-f636e5526e9a
1342,8,2026-01-28 13:04:34.864784,88.4375,23.5,b5e665d2-eba9-4de4-9ad3-8a82fd25ff4f
1344,8,2026-01-28 13:04:46.358102,88.125,23,e097e8cc-e153-4b38-9c54-03628d87bfca
1345,8,2026-01-28 13:04:52.09691,88.125,23.5,756c4b8d-0652-4ca2-b5f3-75b22e279081
1347,8,2026-01-28 13:05:03.562092,88.125,23.25,ff04c16e-de31-4c7f-aa42-57bf92e7c7c8
1350,8,2026-01-28 13:05:20.768682,88.1875,23.5,e6e19d5e-4396-4008-9475-b48200bd911d
1352,8,2026-01-28 13:05:32.237634,88.5,23.25,288cffc1-4b88-4e1c-b154-92d767e41b21
1353,8,2026-01-28 13:05:37.970035,88.5,23.75,9f1c0021-c7fc-408b-a853-334c49c28067
1354,8,2026-01-28 13:05:43.707066,88.4375,23.75,fcc01fee-c2c2-4e83-9f30-7594cbd9ad2e
1356,8,2026-01-28 13:05:55.111489,88.125,23.5,39515a0f-17d8-4c81-ab6b-79d1d4ffee62
1543,8,2026-01-28 13:27:19.794899,91.375,25.75,d5537f90-4b8a-41d9-88a8-546b4f780d10
1544,8,2026-01-28 13:27:25.388054,91.25,26.25,0b7f5000-8d16-47e7-a99f-6bb5956b2901
1547,8,2026-01-28 13:27:42.3262,90.25,26,f91fa723-0780-4fbb-9adb-09f2cff5b9b0
1548,8,2026-01-28 13:27:47.913906,90.0625,26,20a3b7b5-47fe-4b14-9a2c-629b359fbbae
1605,8,2026-01-28 13:33:11.130643,88.375,27.25,8a31dfdf-1f5c-4970-b145-5ae9be8a38c7
1608,8,2026-01-28 13:33:28.23742,88.125,26.5,725ac690-80d7-4e98-a0dd-443ea7adc08f
1609,8,2026-01-28 13:33:33.86327,87.9375,27,0eb191e8-d5f3-4193-9d82-5e0df06fe565
1611,8,2026-01-28 13:33:45.13005,87.875,27.25,7da5fd9b-19c7-4fc7-8863-79cd2c562e56
1612,8,2026-01-28 13:33:50.866582,87.8125,27,691360b2-d101-4f6d-81aa-8e45023dc7fd
1614,8,2026-01-28 13:34:02.347667,87.5,27.25,3c836852-ac60-4063-bc69-c77430481081
1616,8,2026-01-28 13:34:13.799717,87.5,27.25,4b10fb65-462f-4cda-8f02-6145f1d40052
1617,8,2026-01-28 13:34:19.544413,87.5,27,322eca4e-7280-4c78-9ae2-38946d806e5d
1619,8,2026-01-28 13:34:30.905652,87.375,27,79824a84-1821-4e84-b825-cf153ca496bc
1621,8,2026-01-28 13:34:42.115676,87.4375,27.25,edaa6ee5-316d-41d6-b70e-e25fd102a78d
1622,8,2026-01-28 13:34:47.73569,87.3125,27,65367574-20fe-405e-90f5-6dae7999a690
1624,8,2026-01-28 13:34:59.107984,87.5,27,0010aef9-06db-475b-8d85-aec07393a5b4
1627,8,2026-01-28 13:35:16.268101,87.875,26.75,5d893350-4346-4ad7-b823-5867756cc435
1629,8,2026-01-28 13:35:27.740041,88.125,27.25,a22dbced-2dde-44db-9f26-e3e9e7f51ad8
1632,8,2026-01-28 13:35:44.73296,88.4375,27.25,16f4e245-c7d9-4b82-9eb5-065e91861870
1634,8,2026-01-28 13:35:56.097919,88.75,27.25,77fc1dd6-1a51-4cd4-ac83-310fbadbaaad
1785,8,2026-01-28 13:50:14.114282,87.125,29.25,9f71ff82-49e1-4457-8f26-5753bb2f3e88
1788,8,2026-01-28 13:50:31.319055,87.625,29.25,8fecae16-905b-451c-9aa0-1d4f4cde1678
1790,8,2026-01-28 13:50:42.785827,87.6875,29.25,012cb2e0-d4ab-4d2e-824a-b9eb156cec14
1791,8,2026-01-28 13:50:48.519921,87.75,29.25,309f17f4-11a0-4c85-aae5-aee66624b86d
1793,8,2026-01-28 13:50:59.887465,87.875,29.25,db59f7db-4c9c-432e-bd7d-e7d7062d5bd6
1795,8,2026-01-28 13:51:11.193389,87.9375,29.5,73d300b6-54fd-4f6c-9e45-215f1b72de86
1796,8,2026-01-28 13:51:16.821566,88,29.5,258ea627-3889-4ed0-a761-52b0db4cd922
1798,8,2026-01-28 13:51:28.252309,88.25,29.5,fcf96557-4d3e-4dac-94f8-8b989d173904
1800,8,2026-01-28 13:51:39.720669,88.5,29.25,44bfc474-8e75-4f3b-a7ab-4f6a5b26981e
1801,8,2026-01-28 13:51:45.456167,88.5,29,e81c4078-023b-4785-9c71-a1b787314f7f
1803,8,2026-01-28 13:51:56.925533,88.5625,29.5,5b2b9643-170a-49bc-bcbd-36da6ccf1c1f
1806,8,2026-01-28 13:52:13.921418,88.375,29,4b799b3d-6589-4f49-87b7-400224800dad
1808,8,2026-01-28 13:52:25.391569,88.375,29.5,f0033352-e6e5-4d0a-90cf-dab1f1dddbc9
1809,8,2026-01-28 13:52:31.127775,88.4375,29.25,3d962603-e98e-4889-a532-5728735fb818
1811,8,2026-01-28 13:52:42.431181,88.4375,29.75,560bd909-e3b4-4bc3-9eda-47003f82bb4d
1813,8,2026-01-28 13:52:53.860825,88.6875,29.5,97fcaa4e-bef7-42d0-b9d8-f0d790f3e91b
1814,8,2026-01-28 13:52:59.807014,88.6875,29.75,2e4cbf32-df67-429c-aa02-826334b448b4
1816,8,2026-01-28 13:53:11.276099,88.6875,29.5,51247163-c529-4cd1-a408-e04b2d715385
1819,8,2026-01-28 13:53:28.368855,89.4375,29.5,1dadbfbc-b9f3-46f1-a6a9-f37befca2f86
1821,8,2026-01-28 13:53:39.735951,89.6875,29.25,222719bd-2f5a-4595-b10c-073301dc4570
1954,8,2026-01-28 14:06:16.270022,90.5625,31.25,a9f0d95f-90fc-467d-824e-72fe06376262
374,8,2026-01-28 11:25:53.884041,84.25,8,df4e499d-9718-45c5-9b16-6378881ffca8
376,8,2026-01-28 11:26:05.34519,84.125,7.75,f9d4c624-9271-4ea9-bf26-4f9d174062d6
379,8,2026-01-28 11:26:22.339821,84.25,8.75,5b771db4-dc64-4179-b06c-6e44a1922ae7
381,8,2026-01-28 11:26:33.656835,84.1875,8.5,809e9957-f732-4729-9646-615791a47bae
384,8,2026-01-28 11:26:50.681888,84.1875,8.75,b517af5c-4c98-4fe6-985d-69775baee958
386,8,2026-01-28 11:27:01.97305,84.4375,8.5,88275765-da60-47ed-8b30-c2a078688fa6
388,8,2026-01-28 11:27:13.339654,84.5625,9,5724eeda-e84f-43f0-8696-59d5544536a7
389,8,2026-01-28 11:27:19.074097,84.625,9,9eb58b42-8004-47d4-a912-20abd288b335
391,8,2026-01-28 11:27:30.542604,84.875,8.75,6c7f2ce2-9c2c-4731-8b80-b7c7cd7ad510
393,8,2026-01-28 11:27:41.90878,85.3125,9,b19733ee-8c5d-44af-abfe-675d096f5fdb
394,8,2026-01-28 11:27:47.643456,85.375,8.5,34f45164-971a-4da8-b3ae-8d4104648ca1
396,8,2026-01-28 11:27:58.907816,85.6875,8.5,10351194-b287-4016-9434-7018e3d6a61b
398,8,2026-01-28 11:28:10.213837,85.9375,9,24664b4f-928f-4ffe-81ca-533ddb9969ca
399,8,2026-01-28 11:28:15.909126,86,8.5,f9c4db29-6581-416e-817d-ef2a318cc2cf
401,8,2026-01-28 11:28:27.271118,86.0625,9,3803abff-2048-4033-9cfb-d148e7ebce74
403,8,2026-01-28 11:28:38.740373,86.25,9.25,fc927178-20ab-4b74-9338-8ea4af6649fd
404,8,2026-01-28 11:28:44.519522,86.375,8.5,af733015-9d3b-44b8-be38-d085a53e1ba4
406,8,2026-01-28 11:28:55.945454,86.625,9.25,2ee6cd18-a670-4046-8814-475359271c58
408,8,2026-01-28 11:29:07.313849,86.5,8.75,011ff80d-2541-4701-a063-2dd70cce3f77
409,8,2026-01-28 11:29:12.942934,86.5,9.25,ad631080-d106-429c-b1dc-e9cebc3db806
410,8,2026-01-28 11:29:18.680072,86.5625,8.75,0e069e9e-009f-4420-b410-3d418f1d77f3
411,8,2026-01-28 11:29:24.355517,86.625,9.25,0bedee34-b301-4a66-8e40-9e4889aa8dc9
412,8,2026-01-28 11:29:30.043133,86.6875,9,7de3c78b-d22e-4406-b598-895ea3cd8d88
413,8,2026-01-28 11:29:35.676495,86.75,9.25,0f1fd322-8106-40ae-9601-6d640ee708c7
414,8,2026-01-28 11:29:41.263956,86.9375,9,e57332b6-2854-490b-91e4-f4c055a10c6e
415,8,2026-01-28 11:29:46.877912,87,9.5,2af1f6a1-fb28-4ef7-8b79-6de6bc0f2566
416,8,2026-01-28 11:29:52.508941,87.0625,9,2100a6c2-3eb6-40e6-b338-c6017f4abcb2
417,8,2026-01-28 11:29:58.141136,87.125,9,e567e759-1f88-4d6d-a320-525f535e1660
418,8,2026-01-28 11:30:03.835861,87.0625,9,11270b31-6797-4ad8-a796-ffb3ef45cfa3
419,8,2026-01-28 11:30:09.571865,87.125,9,57bf7f94-1f42-489e-a37f-aa9b9a69266e
420,8,2026-01-28 11:30:15.241351,87.0625,9.5,a1a7d1f2-fb08-4b91-b536-47104f307c14
421,8,2026-01-28 11:30:20.936831,87.0625,9.25,d3f8ee62-bea2-4311-a666-7668f1a5aa89
422,8,2026-01-28 11:30:26.67279,87.1875,9,32840be5-63be-4a4b-ab08-a7faf44ea276
423,8,2026-01-28 11:30:32.40487,87.25,9.25,90bdd69d-82d4-49e0-8e08-2684e0ade7f2
424,8,2026-01-28 11:30:38.079595,87.25,9.5,9f7a1c6a-6263-4647-86fd-bdf8c36f0475
425,8,2026-01-28 11:30:43.787989,87.3125,9.5,ef904db1-4d49-491d-979e-972b7cb71d9a
426,8,2026-01-28 11:30:49.504589,87.375,9.25,6aa0b4e8-07a4-4f4b-aa9d-7cb811b1e545
427,8,2026-01-28 11:30:55.239609,87.375,9.25,945d0264-fad8-476c-ba3f-b82da9fbfe3a
428,8,2026-01-28 11:31:00.874549,87.4375,9.25,12b6542d-9d17-4ac5-a118-c7fda88f7617
429,8,2026-01-28 11:31:06.507065,87.5,9.25,0d7f65d4-2e00-4344-933a-dcc077000d1c
430,8,2026-01-28 11:31:12.241576,87.5,9.5,853fbe8e-89c6-494b-832b-fc38799d4435
431,8,2026-01-28 11:31:17.870632,87.5625,9.75,d2df3530-292a-4cff-bf3e-79d67e835121
432,8,2026-01-28 11:31:23.502273,87.625,9.5,1088ccc4-ae7f-4395-89e1-5c6b2d2347a4
433,8,2026-01-28 11:31:29.087435,87.75,9.75,b6ff84c8-f74e-47be-9531-b8768ed5612a
434,8,2026-01-28 11:31:34.675914,87.8125,9,217c5cae-5865-44c7-a98c-94a0fa4459f2
435,8,2026-01-28 11:31:40.337961,87.875,9.75,036a8b1e-854b-4e8f-a01a-ceba3e276200
436,8,2026-01-28 11:31:45.929659,88,9.25,26289d47-b3bc-44a6-8e56-e3016d681a50
437,8,2026-01-28 11:31:51.678988,88.0625,9.75,66431dfb-5fcd-4d6f-978a-af8dd91e9681
438,8,2026-01-28 11:31:57.398747,88.125,9.75,fd3f9145-6b08-4ff1-bda5-c63ef09a2a77
439,8,2026-01-28 11:32:03.135067,88.25,9.75,528532ba-8a57-431b-a2a9-eee9bc5a07db
440,8,2026-01-28 11:32:08.725044,88.375,9.75,a40fcd91-8930-4588-bb83-abb5f76d2725
441,8,2026-01-28 11:32:14.334637,88.4375,10,655822f9-5669-4491-ab6a-ac29a00a4917
442,8,2026-01-28 11:32:20.029439,88.4375,9.5,03491c0a-55c8-4a6b-9a1b-d30536d380fa
443,8,2026-01-28 11:32:25.627818,88.4375,10,a599da0e-aedd-43c0-ae2b-078c19d77d98
444,8,2026-01-28 11:32:31.29429,88.25,10,1bfd12de-7edd-4d6d-9b5f-5ab50362d87b
445,8,2026-01-28 11:32:37.026849,88.0625,9.75,536db078-44d2-4611-9f7b-bd7343613725
446,8,2026-01-28 11:32:42.86454,87.9375,10,9e3d6464-84d0-4b39-af6f-ac974cdbdf37
447,8,2026-01-28 11:32:48.597653,87.9375,10,5b1f38cd-1b93-4f7c-9ba3-7b25a202958e
448,8,2026-01-28 11:32:54.289138,87.9375,9.25,1b041564-a897-4cb9-85f5-7369baac1c88
449,8,2026-01-28 11:32:59.89521,87.9375,9.75,d2468c0a-9422-4626-b311-eb87ad3e1c09
450,8,2026-01-28 11:33:05.53579,88.125,10,33a30ceb-ef76-4053-8b79-89b0b4d62a23
451,8,2026-01-28 11:33:11.167601,88.0625,10,7026bf44-8d86-45da-b6c2-5fdb3b8392aa
452,8,2026-01-28 11:33:16.861097,88.125,10,a97ab836-de5d-422d-8e19-5f4ac25236a9
453,8,2026-01-28 11:33:22.596455,88.125,9.5,8880a928-0f1d-4ca9-9e3e-4d0c0bbe11c3
454,8,2026-01-28 11:33:28.235369,88.1875,9.5,cdeabde4-aad2-45b3-8a4d-63c157b753c7
455,8,2026-01-28 11:33:33.85874,88.1875,9.5,e4427813-cbbd-494d-9710-b86fb06c155d
456,8,2026-01-28 11:33:39.4657,88.1875,10,78e57ca2-d453-4492-a7a3-0aacae190dd4
457,8,2026-01-28 11:33:45.135419,88.125,10,79b09fce-2ab1-404d-bf5b-2d602dd9a56b
458,8,2026-01-28 11:33:50.733038,88.125,10,19f17580-0d39-4c33-81c4-681fb24363f2
459,8,2026-01-28 11:33:56.386268,88.1875,9.75,408dd480-4088-4846-8d09-fbd7e9159599
460,8,2026-01-28 11:34:02.019731,88.25,10.25,c47dd684-1df5-47bb-b8f4-559d5324dc2e
461,8,2026-01-28 11:34:07.753368,88.3125,9.75,2a3601fd-12dd-44be-8b98-90c42cc874aa
462,8,2026-01-28 11:34:13.50344,88.3125,10,e2ec43a4-f8e8-4629-89c5-fbf08293012d
463,8,2026-01-28 11:34:19.224761,88.25,9.75,4beeea55-0414-4134-a854-c6fd9c55b42e
464,8,2026-01-28 11:34:24.857703,88.0625,10.25,42896ecb-fed8-49e2-9b6f-ecddc24426ba
465,8,2026-01-28 11:34:30.485574,88,10,5e1b939e-14b4-4caa-b45a-3c9ccf82cf0c
466,8,2026-01-28 11:34:36.159492,87.9375,10.5,5f2a892a-4998-471c-8867-acca049c0978
467,8,2026-01-28 11:34:41.826892,87.9375,10,3566f806-d058-4fdd-876a-0f399a048cc4
468,8,2026-01-28 11:34:47.483516,88,10.25,7beff488-d1c8-4eb0-85d1-ff63dac74bcc
469,8,2026-01-28 11:34:53.160363,88.125,10.5,ecadbbe1-e383-4fbc-8c0d-ee755b3f5965
470,8,2026-01-28 11:34:58.749493,88.3125,10,26c148f9-4877-4282-8ee1-434d8226c9e7
471,8,2026-01-28 11:35:04.382198,88.375,10.5,7ec6c207-f1c5-4c89-8419-41c067d9b231
472,8,2026-01-28 11:35:10.118034,88.3125,10,5062b704-c242-463e-90de-728dda6ff9ae
473,8,2026-01-28 11:35:15.864902,88.25,10.5,060ea946-6957-4f02-8770-0a9e04991f36
474,8,2026-01-28 11:35:21.484306,88.1875,10,5c463c7c-18d0-4cf7-bbf0-b0e3e8e77fcc
475,8,2026-01-28 11:35:27.161028,88.125,10.5,afcfa458-2701-419e-b80a-e805fb7a6fd1
476,8,2026-01-28 11:35:32.8555,88.0625,10.25,a79467a3-ad6f-44bb-af82-ef02517c41de
477,8,2026-01-28 11:35:38.583758,88.0625,10.5,259c3bed-4b31-4896-9e9e-3c919aa6b323
478,8,2026-01-28 11:35:44.258294,88.125,10.5,87329145-d020-47a6-a5a1-10b407137fa4
480,8,2026-01-28 11:35:55.684192,87.9375,10.25,904765a7-7ac2-4d29-b0cf-cacea8d823d6
483,8,2026-01-28 11:36:12.683004,87.875,10.75,18d2fc9d-617e-4b1a-b26c-72e1d64ba09f
485,8,2026-01-28 11:36:23.99097,87.6875,10,7cd07057-fc47-4d2d-94e1-12cfd724b9a6
487,8,2026-01-28 11:36:35.415893,87.75,10.75,06dbb844-0c7b-4458-a959-87bdce85ccb9
488,8,2026-01-28 11:36:41.093349,87.75,10.25,ead69453-e239-48f6-83c1-944e06bcc58c
489,8,2026-01-28 11:36:46.708688,88,10.75,46f1ac42-7232-4d1b-9eae-8bd8b37d2c15
491,8,2026-01-28 11:36:58.048758,88.25,10.75,d54bfcde-bd34-4095-aa7e-dd7c4248f891
494,8,2026-01-28 11:37:14.907053,88.8125,10.75,f850e0eb-55d1-4b26-8331-f3f250458403
496,8,2026-01-28 11:37:26.251474,88.8125,10.25,422d3fb9-ea0b-45d4-b594-01bf51b8c9c3
499,8,2026-01-28 11:37:43.307967,88.5625,11,e229150c-2819-4b19-b834-01119c98e9aa
500,8,2026-01-28 11:37:48.902213,88.5625,11,bcd38876-a751-40e9-a926-d85ce50af124
502,8,2026-01-28 11:38:00.154548,88.6875,11,27f98ea0-473b-4de2-8c7c-8364e7fd8d7f
503,8,2026-01-28 11:38:05.741482,88.6875,10.75,71e3520c-6062-44c6-a7ad-c3f3a4be00ec
505,8,2026-01-28 11:38:17.200623,88.9375,11,b1bbd82d-4396-4160-b93f-778ac634d65e
506,8,2026-01-28 11:38:22.942112,89,11,9c5adafc-3ae1-486b-9d3e-b84940918ba9
507,8,2026-01-28 11:38:28.619778,89.1875,11,c5de0a94-494f-499e-90ab-57a830eaab1c
508,8,2026-01-28 11:38:34.303742,89.1875,11,d6251bb0-6d4e-4e1c-9496-5e3f49f6dcd0
510,8,2026-01-28 11:38:45.781205,89.0625,10.5,9951ceba-294f-4a9d-a576-d6676e2059d1
1320,8,2026-01-28 13:02:29.552435,88.375,23,1ec3d637-c38c-4bf2-989d-10f4c10b028d
1323,8,2026-01-28 13:02:46.65348,88.3125,23.25,e88d5399-78e9-4386-8dd8-4f8a6b41b6bc
1325,8,2026-01-28 13:02:58.060581,88,23.25,f63540c8-87e0-4aaf-a26e-c868ad0790b4
1326,8,2026-01-28 13:03:03.695054,87.875,23.25,515739fe-d854-4de8-85d0-aca698190e96
1328,8,2026-01-28 13:03:15.060199,87.8125,23.25,3b3e68a1-9896-49af-bbb0-87331dbc3852
1330,8,2026-01-28 13:03:26.487589,87.9375,23.25,e193aa22-0383-4b99-81b2-0a67f55e4a37
1331,8,2026-01-28 13:03:32.225101,87.9375,23.25,58a63b0e-6099-4dfd-90b2-bbcd6252eb29
1333,8,2026-01-28 13:03:43.690742,88.25,23.5,26e079bd-db57-4a96-8754-6f108846061f
1335,8,2026-01-28 13:03:55.163535,88.5,23.5,40cc39a7-d733-4e01-a278-f382b74777bc
1336,8,2026-01-28 13:04:00.79583,88.6875,23,ec1aca1f-e476-4a8a-b671-d26834ed1325
1338,8,2026-01-28 13:04:12.202264,88.75,23.25,c9f80b5f-f05f-4e80-8721-bea36ed49336
1341,8,2026-01-28 13:04:29.200719,88.5,23.5,9677fe8a-e7aa-4589-8559-58890e51d90e
1343,8,2026-01-28 13:04:40.624346,88.25,23,f3351063-50dd-4841-9d1e-1ae9401ccf57
1346,8,2026-01-28 13:04:57.820887,88.125,23.75,bf97d7f3-ed64-4e74-bc29-182aac369da7
1348,8,2026-01-28 13:05:09.297773,88.125,23.75,b4362bdc-63f1-4eed-9d9b-2566faeb0d62
1349,8,2026-01-28 13:05:15.023858,88.125,23.25,3dd90bac-6672-4436-9654-2758dc7cb1f8
1351,8,2026-01-28 13:05:26.503257,88.375,23,7afdaba9-5582-4ed0-86f7-492f8a103d10
1545,8,2026-01-28 13:27:30.984481,90.875,26.25,e346b44e-7dfd-4346-b44e-51ba89d14972
1546,8,2026-01-28 13:27:36.577096,90.5,26.25,2c6d5e0d-820d-456a-b90e-d9c469ba83ff
1610,8,2026-01-28 13:33:39.495725,87.875,27,307306c6-c4ea-4d4f-ba08-b1bb083bc237
1613,8,2026-01-28 13:33:56.601301,87.6875,27,5a2466f8-3463-4d37-baac-71dfe8d54c4f
1615,8,2026-01-28 13:34:08.072495,87.4375,27,e4f882a5-a97d-4695-b166-4a6377d4ce4d
1618,8,2026-01-28 13:34:25.170207,87.4375,27,57ffb99d-e673-48e5-aba0-ff441d6cac5c
1620,8,2026-01-28 13:34:36.533853,87.375,26.75,a21bc9de-95ad-48dd-8305-9b7d573f28d0
1623,8,2026-01-28 13:34:53.428923,87.25,26.75,c8c1a9b1-4e9e-4577-85f7-3ddfdd1a0972
1625,8,2026-01-28 13:35:04.801404,87.625,27.25,f0fcf311-5f11-429d-84de-d581ac4e17b3
1626,8,2026-01-28 13:35:10.536511,87.75,27.25,39f0365f-d870-4036-978d-37fbfe32375f
1628,8,2026-01-28 13:35:22.000049,87.9375,27.25,d64d62c7-88de-46ad-91dd-659606e0af29
1630,8,2026-01-28 13:35:33.371007,88.1875,27.25,3427d086-9ec2-46e7-b3a7-0d28b1891590
1631,8,2026-01-28 13:35:39.099876,88.25,27.25,e5086236-e0f2-4475-98e3-a34eca160a3a
1633,8,2026-01-28 13:35:50.469789,88.625,27.25,0c25dc30-eb24-4908-978f-ef92d1cb075d
1635,8,2026-01-28 13:36:01.837943,88.8125,27.5,872384f1-171d-47e9-a889-a23badf662fd
1636,8,2026-01-28 13:36:07.54243,88.6875,27.5,361e00ac-1a1e-4811-8a83-4063aedcfcb2
1637,8,2026-01-28 13:36:13.243816,88.625,27.25,65f61e14-1f79-495f-ae01-938d516653d9
1639,8,2026-01-28 13:36:24.777754,88.8125,26.75,0ddc30f8-697f-49e2-9127-8cea7fd27687
1640,8,2026-01-28 13:36:30.511297,88.625,27.75,b14612c4-e3d3-4814-9be1-caa48ea63f5e
1642,8,2026-01-28 13:36:41.977168,88.5625,27.5,b5e98731-1032-458c-b5ab-34d86cfb47af
1644,8,2026-01-28 13:36:53.451946,88.5625,27,bfbb08b6-17f2-451d-9ab8-5fda31624e2e
1645,8,2026-01-28 13:36:59.076358,88.5,27.5,cd911d1b-1760-4703-bcf9-c598d9077fae
1647,8,2026-01-28 13:37:10.339415,88.3125,27.5,771a16cc-7b82-4ae2-85ce-4b7afbe02ab5
1650,8,2026-01-28 13:37:27.442795,88.25,27.5,638c9232-da21-4082-8a84-88e0a0a6097b
1652,8,2026-01-28 13:37:38.758933,88.1875,27.25,b21916e0-02b7-41fe-af11-3a7744203494
1653,8,2026-01-28 13:37:44.455985,88.1875,27.5,4f14e7b8-6a98-40a1-a335-1eab871d4990
1654,8,2026-01-28 13:37:50.137929,88,27,2f9e87f3-7e68-4d68-81da-f5c19cd17c73
1656,8,2026-01-28 13:38:01.538562,87.8125,27.5,55b31528-72a9-469c-9d42-6a87ca3fc647
1659,8,2026-01-28 13:38:18.64672,88,27.5,0beb5bae-ca65-4ecc-91ee-da61bbd83270
1661,8,2026-01-28 13:38:29.905784,88.0625,27.25,f545a9bc-d5fc-4902-beaf-84c5d33b8081
1815,8,2026-01-28 13:53:05.531141,88.625,29.75,9394f997-61b2-4d4c-bfcc-cd8d5fa8bdad
1817,8,2026-01-28 13:53:16.905342,88.875,29.75,3a8b0462-8285-4f2d-9c3f-643e5396f30d
1818,8,2026-01-28 13:53:22.635887,89.1875,29.75,cbf25516-3ff3-4294-863a-953dee13791a
1820,8,2026-01-28 13:53:34.04204,89.75,29.75,b6d7213d-0faa-4957-bfb4-8a2e39db99aa
1822,8,2026-01-28 13:53:45.406153,89.6875,29.5,7a71e7bb-9665-4673-a0af-c091e03dec33
1823,8,2026-01-28 13:53:51.103062,89.625,29.5,dcfa36e4-e905-4fb1-b0ae-ee809f53f90f
1824,8,2026-01-28 13:53:56.706486,89.6875,29.75,aa6097fa-e756-496f-98bb-ad1b87ffdd6f
1826,8,2026-01-28 13:54:07.938244,89.75,29.5,1460af68-d4d5-48c9-9e90-877bdab2e05c
1827,8,2026-01-28 13:54:13.629723,89.875,29.5,0410c661-6ee3-47c1-9a74-5d1461989d40
1829,8,2026-01-28 13:54:24.994024,90.3125,30,edfe450c-2b4b-4d82-a498-01391fb2827a
1831,8,2026-01-28 13:54:36.363781,90.625,30.25,bff0bc72-610b-4168-b30f-671f7a65c1ca
1832,8,2026-01-28 13:54:42.096575,90.875,29.75,2eeb7cff-6ecc-437a-a654-8389ae3ccc72
1834,8,2026-01-28 13:54:53.564723,91.1875,29.75,2d08d274-6052-4bba-8857-af90070656a9
1837,8,2026-01-28 13:55:10.76796,91.375,29.75,df56575d-3165-4664-85fc-b10caed3e9f2
1839,8,2026-01-28 13:55:22.032127,91.5625,30,82cd9286-6db6-4042-8fa9-db528c9d7985
1842,8,2026-01-28 13:55:39.132273,91.75,30.25,3107256e-b714-467d-9c0e-b3a2fec3bcaf
1844,8,2026-01-28 13:55:50.505704,91.8125,30.25,c7280e09-3af2-4c1c-8ff6-df2c6f4d561f
1845,8,2026-01-28 13:55:56.23353,91.8125,30,a5c49843-4cbe-4671-9152-d98ee8fed8c9
1956,8,2026-01-28 14:06:27.742846,90.5625,31.5,a7ce86f6-fd57-4d45-bcbc-56c78bdae41f
1957,8,2026-01-28 14:06:33.337021,90.875,31.75,9a23ae41-64fb-4dd3-b962-e77bb6feda58
1959,8,2026-01-28 14:06:44.640104,91.375,31.75,796d9514-e288-4893-a152-411a2e592793
1962,8,2026-01-28 14:07:01.736467,91.5625,31.75,18f4791b-7f6a-4452-adf2-2fdaceebc202
479,8,2026-01-28 11:35:49.951558,88.125,10.25,f2c7ec3f-b6a1-4848-8592-d9bbbde3019c
481,8,2026-01-28 11:36:01.315843,87.875,10.5,0384193e-b68c-46e5-aeb9-8506168ebd2b
482,8,2026-01-28 11:36:06.949599,87.875,10.5,e3776734-f8ab-4b30-9ba1-eaec7247a566
484,8,2026-01-28 11:36:18.375124,87.875,10.75,faaf67a0-aa23-4b81-a60a-15588a878742
486,8,2026-01-28 11:36:29.681216,87.6875,10.75,cbbea5e7-37f5-4ffe-8450-d613cf4bd9de
490,8,2026-01-28 11:36:52.374117,88.0625,10.5,854e4bb2-2d4d-44f5-bdab-29c8aa74afc7
492,8,2026-01-28 11:37:03.651968,88.4375,10.75,29e947fd-41d3-4552-98aa-4b07449d85ab
493,8,2026-01-28 11:37:09.310849,88.75,10.75,b17eb20a-4839-4a05-ad03-5eeec30ec12a
495,8,2026-01-28 11:37:20.574211,88.875,10.75,823709cb-efa9-4a5e-a076-42f183595fee
497,8,2026-01-28 11:37:31.947164,88.75,10.75,ae7ae046-c56e-48d9-98b3-0c533712bcc0
498,8,2026-01-28 11:37:37.674911,88.6875,11,d844cdc4-d573-4470-8aaf-d874ee8ac64b
501,8,2026-01-28 11:37:54.570218,88.625,11,2601bd17-0c94-446f-92ff-ec94dfd31805
504,8,2026-01-28 11:38:11.466662,88.75,11,52b227e4-46c2-4b72-8d0c-875bfc4ab300
509,8,2026-01-28 11:38:39.940619,89.125,10.75,14264fac-e397-492f-9c53-b325559b0448
511,8,2026-01-28 11:38:51.504951,89,11,8abf6c67-1e37-46fa-9cf2-7e9fa93693a1
512,8,2026-01-28 11:38:57.139065,88.875,11,60fc0d71-b354-42ea-b384-5c12553fa153
513,8,2026-01-28 11:39:02.776031,88.75,11,83ad05d2-35eb-4017-80bf-d2ec7d4f5cad
514,8,2026-01-28 11:39:08.504035,88.6875,11,50f2a8be-df1e-460f-9192-afa1c603ad3d
515,8,2026-01-28 11:39:14.239921,88.75,11.25,6ac612b0-bbdc-4b9f-9042-eb246681fe1d
516,8,2026-01-28 11:39:19.855494,88.6875,11.25,6cef695b-cf55-4540-a54f-fc6a8ef1fcdc
517,8,2026-01-28 11:39:25.604519,88.75,10.75,4bc03cb3-1395-4535-9754-b7151e23e3c8
518,8,2026-01-28 11:39:31.286665,89,11.25,043a9332-e710-4456-8665-19665bf348a5
519,8,2026-01-28 11:39:36.905909,89.125,11,bc423ab0-5c03-4fd8-b803-36575e5df213
520,8,2026-01-28 11:39:42.612367,89.1875,11.25,3c6ce1fe-b081-4d8a-a5f3-688f05c0e043
521,8,2026-01-28 11:39:48.28047,89.125,11.5,6375630a-39b8-490a-8158-d9233247833e
522,8,2026-01-28 11:39:53.983471,89.0625,11.25,c3c01687-7f4a-4ec8-a422-4738b6810188
523,8,2026-01-28 11:39:59.645781,89.0625,11.5,175b1526-97ed-4df0-81ae-a95125e62be6
524,8,2026-01-28 11:40:05.336105,88.9375,11.25,c68abd69-8ede-4c04-9c6a-f15a1f1e7cf9
525,8,2026-01-28 11:40:11.071882,88.75,11,7806403e-e57d-44b1-8a13-3c22d6535883
526,8,2026-01-28 11:40:16.813683,88.75,11.25,521b48fd-c406-468c-a819-6d81b98c9528
527,8,2026-01-28 11:40:22.539762,88.625,11,cd33b456-9ed4-4ab5-a4cd-288993f82622
528,8,2026-01-28 11:40:28.27974,88.5625,11.5,0b537295-2e7f-4bce-89da-50d0ccfd58f5
529,8,2026-01-28 11:40:34.009709,88.5,11.5,273e3a3e-90da-4fc3-a415-be93c1e11f35
530,8,2026-01-28 11:40:39.662511,88.375,11.25,b872edb5-0aaa-4a0d-9b45-edbc8af143fd
531,8,2026-01-28 11:40:45.238512,88.3125,11,c068002f-2db5-4112-8a19-f182a3dd0a12
532,8,2026-01-28 11:40:50.903947,88.3125,11.25,f0cf2c94-c629-4f7d-a47a-c6a45b040f26
533,8,2026-01-28 11:40:56.496584,88.3125,11.25,e2d6b9b1-e66a-4455-b5ec-00b5a0e3124f
534,8,2026-01-28 11:41:02.10652,88.375,11.5,bfe6659c-0328-4cfb-833d-2234fe4378ae
535,8,2026-01-28 11:41:07.800772,88.5,11.5,deefad36-3baa-4b19-aa7b-6c90b2a62ed3
536,8,2026-01-28 11:41:13.475157,88.5625,11.25,0d7442e6-2165-43a6-866f-3cc208c0686c
537,8,2026-01-28 11:41:19.167436,88.75,11.75,67d42bf7-83a1-4e25-ba15-a9d67c2ee01d
538,8,2026-01-28 11:41:24.764507,88.9375,11.25,d0341c4c-f845-4721-a16d-06797027b397
539,8,2026-01-28 11:41:30.435628,89,11.25,3aea138d-c29d-4839-962d-6a77b4fa221a
540,8,2026-01-28 11:41:36.173625,88.9375,11.25,0d74cb65-18cf-4632-b3df-10124d8cc929
541,8,2026-01-28 11:41:41.798103,89,11.75,56de53ce-8f4f-4ad6-bed7-14708ed17c2c
542,8,2026-01-28 11:41:47.49248,89.0625,11.5,3a85dcb6-e677-4720-a5a4-a1e39a68a27e
543,8,2026-01-28 11:41:53.110465,89.125,11.75,14caa2c2-df9f-4818-8324-1ca8fb0909b0
544,8,2026-01-28 11:41:58.800072,89.1875,11.5,d2ed3452-dd48-4ae7-93f5-86c8781afbeb
545,8,2026-01-28 11:42:04.532432,89.25,11,c1757b08-2b45-4b87-a467-35ca13719187
546,8,2026-01-28 11:42:10.205738,89.3125,12,3f6fa995-42db-40ea-ad3f-07790cba0454
547,8,2026-01-28 11:42:15.910368,89.5625,11.75,54a5e944-0d5e-455b-bb93-23d6a4a36988
548,8,2026-01-28 11:42:21.640814,89.75,11.75,8bd8481f-d134-42e5-8a9c-a2c180cf36ad
549,8,2026-01-28 11:42:27.26659,89.75,11.5,198a86c0-c3fe-4ffe-b8f0-6350da7f3564
550,8,2026-01-28 11:48:53.249147,90.1875,13.25,124280dc-afd3-4b11-8a1f-1de0e12d02a5
551,8,2026-01-28 11:48:58.907694,90.125,13,7a6f668d-1e27-432c-93ae-d7cc7360cbe6
552,8,2026-01-28 11:49:04.510875,90.0625,12.75,e011fb37-eef0-4edf-b440-7950f7114248
553,8,2026-01-28 11:49:10.154205,90,13,4fa1d8f3-6750-4735-9a96-e3dc803afa73
554,8,2026-01-28 11:49:15.795064,90,13.5,4107e4a3-68b4-4509-b225-16875bf1d82d
555,8,2026-01-28 11:49:21.482365,90,13.25,4adcd848-49fb-4a7a-aa70-9579a0adb251
556,8,2026-01-28 11:49:27.061308,90,13.25,e2b37f95-a722-42ce-a45e-353426267047
557,8,2026-01-28 11:49:32.654517,89.9375,13.25,17c49de7-88c4-4470-bd4b-8198afe1a2a1
558,8,2026-01-28 11:49:38.272398,89.875,13.25,b22c9af3-499f-49cc-a313-1faa9f1a1b35
559,8,2026-01-28 11:49:43.863062,89.75,13,b17b4349-4c72-48c0-acd7-31a38b75bc68
560,8,2026-01-28 11:49:49.536569,89.8125,13.5,c3350692-cc0e-48ab-bdf2-c26f6c8bf14b
561,8,2026-01-28 11:49:55.143707,89.875,13.25,770c47f3-1467-4af9-85c6-d170a917d7b8
562,8,2026-01-28 11:50:00.850382,89.875,13.5,faa6fe53-756a-4d17-a1c1-0ab66b9ca79a
563,8,2026-01-28 11:50:06.484929,89.9375,14.25,1582c36c-3417-4279-8f85-a467baa31157
564,8,2026-01-28 11:50:12.101899,90,14,1f849d62-dd13-404a-b8e0-d0a0bf454f5a
565,8,2026-01-28 11:50:17.807261,89.9375,13.5,8eba972d-3c31-4265-92d9-3d509301dc75
566,8,2026-01-28 11:50:23.532309,90.0625,13,f93587b2-2e2a-4ec8-904a-8af25ce44fd0
567,8,2026-01-28 11:50:29.162821,90,13.25,11edb787-a170-476d-a64d-dddae0cb8778
568,8,2026-01-28 11:50:34.796954,90.1875,13.75,fdb920d3-8ff9-429c-b9bb-13b60e574856
569,8,2026-01-28 11:50:40.533125,90.375,13.5,a9c11005-20b3-4cdf-a101-3457f591b54e
570,8,2026-01-28 11:50:46.16473,90.5625,13.75,58e6c0e0-68a9-491e-b694-0c5bd17544cf
571,8,2026-01-28 11:50:51.846449,90.8125,13.5,78759dcc-a030-4734-9141-43bbec627f8a
572,8,2026-01-28 11:50:57.529159,90.9375,13.75,19f80e8e-e135-4d19-9776-f8a945f60661
573,8,2026-01-28 11:51:03.214233,91.0625,13.5,5d4b1cbe-7e5b-480b-8f03-2b94191bca37
574,8,2026-01-28 11:51:08.894723,91.125,13.75,3833613f-a4bb-438f-8c2d-7b85986d843e
575,8,2026-01-28 11:51:14.62728,91.25,13.5,583bb6a5-6cca-49b9-8850-ea834dd1e7dc
576,8,2026-01-28 11:51:20.368535,91.1875,13.5,4359054f-ea0a-4a27-95f0-c16f714ccfc8
577,8,2026-01-28 11:51:25.996965,91.0625,13.75,67282bd1-a9dd-4b7d-8d76-92fec9776730
578,8,2026-01-28 11:51:31.730069,90.875,13.75,f57440f0-9c69-47f8-971c-7b131265fcaa
579,8,2026-01-28 11:51:37.466677,90.75,13,3261baf7-bf9f-4c21-9fcb-634d05959eb4
580,8,2026-01-28 11:51:43.200198,90.625,13.25,221ea7f5-7978-4c3a-a134-0b608ab4b50c
581,8,2026-01-28 11:51:48.936421,90.5625,13.5,6b4d6dc5-eb10-4d1c-b92e-0c9365d9e731
582,8,2026-01-28 11:51:54.672683,90.4375,13.75,82677b38-7e50-4224-bdbb-ba569cdd93eb
583,8,2026-01-28 11:52:00.302606,90.375,13.75,59b9db58-edfa-447c-838d-1f6c81cb781e
584,8,2026-01-28 11:52:06.030314,90.3125,14,d9b20114-5672-41d9-bc24-3301d9349798
585,8,2026-01-28 11:52:11.768891,90.25,14.25,e8bf7bbf-b942-4b0c-883e-0a1cb844d542
587,8,2026-01-28 11:52:23.239248,90.125,14.75,6ef455af-0bd8-4da4-b089-8561830f843b
589,8,2026-01-28 11:52:34.707093,90.1875,14.25,ac084917-7f22-448a-ad94-889389f0b3c8
1355,8,2026-01-28 13:05:49.439289,88.25,23.5,8e9ac8cb-0768-4721-a95f-7c2ed51c1f41
1357,8,2026-01-28 13:06:00.807443,88.0625,23.75,ab6ff3f8-f4fd-4216-89e6-0d364ab43860
1549,8,2026-01-28 13:27:53.584626,89.8125,26,ef3dc5f6-13d5-41ec-9f81-e8695cbe1f9d
1550,8,2026-01-28 13:27:59.168008,89.5,26.5,36da8859-2abb-439a-8334-ce41636dea49
1638,8,2026-01-28 13:36:19.058481,88.8125,27.25,eec5ebf7-5f21-4181-9eef-47d880e083f8
1641,8,2026-01-28 13:36:36.238717,88.5,27.5,126ff907-7731-4096-9dac-67caeba721cb
1643,8,2026-01-28 13:36:47.711405,88.5,27,393dd371-29e5-4dea-9b1f-fc810f6949ac
1646,8,2026-01-28 13:37:04.668242,88.375,27.5,25353695-5b6c-4283-bdeb-ead4d48f937b
1648,8,2026-01-28 13:37:16.084445,88.4375,27.5,f9c48c56-8c03-427e-bf4f-bfc450a65ce6
1649,8,2026-01-28 13:37:21.810637,88.375,27.75,3580c3e4-a008-487b-b217-ee303acba4e1
1651,8,2026-01-28 13:37:33.069941,88.1875,27,29ca39bd-ee66-410a-bc91-e181926c05df
1655,8,2026-01-28 13:37:55.848893,87.875,27.5,225c1074-428a-44ef-9440-33f3708b30bd
1657,8,2026-01-28 13:38:07.274931,87.9375,27.5,939ecddf-60f6-4f49-b538-4ff623b0b255
1658,8,2026-01-28 13:38:13.013401,87.9375,27.25,393f30b3-8827-4c47-bd86-a16e9935a685
1660,8,2026-01-28 13:38:24.234258,88.0625,27.5,2a3b33ef-94e4-40f4-be44-b1c0e9a81cb7
1662,8,2026-01-28 13:38:35.519784,88.0625,27.25,6cd1c5fb-fd97-496b-80e5-b6ea0b30ac21
1663,8,2026-01-28 13:38:41.11756,88,28,48851489-0dc9-4e41-9395-21f8f06fa052
1664,8,2026-01-28 13:38:46.805262,88.1875,27.75,953ef584-98fd-45c8-bdf8-bcf677a65ae6
1666,8,2026-01-28 13:38:58.13179,88.1875,27.25,3ad343c4-81f1-40c0-bad0-3f583a086501
1667,8,2026-01-28 13:39:03.804661,88.125,27.25,2635af1d-6a27-4390-a23a-248e19243417
1669,8,2026-01-28 13:39:15.119716,88.125,27.75,25390966-6000-438d-94c2-6f1bbb710c80
1671,8,2026-01-28 13:39:26.390466,88.125,27.75,dc97b2ae-c4b5-456d-9061-e1be4fad7fbb
1672,8,2026-01-28 13:39:32.062426,88.0625,27.75,53a96d2b-5d6b-40a7-829c-247085faf37f
1674,8,2026-01-28 13:39:43.304553,88.5625,27.75,e5361595-becc-4261-a40b-eb12147dff7f
1675,8,2026-01-28 13:39:48.899802,88.75,27.75,90dee7e3-492b-4b29-9b3c-5cb4b0f4ce59
1676,8,2026-01-28 13:39:54.597604,88.875,27.5,a34305af-7691-42b1-9468-2c033483516a
1678,8,2026-01-28 13:40:05.855869,89.125,27.75,c14e8833-f73e-4b47-a376-a6026187585c
1681,8,2026-01-28 13:40:22.962556,89.4375,28,a96c4172-0b47-419c-978a-e06ecb79b6e6
1683,8,2026-01-28 13:40:34.424121,89.6875,27.75,da1ee27d-0ab5-4a4f-a07d-4f9d8f1f863d
1686,8,2026-01-28 13:40:51.471144,89.75,27.75,1a3bc176-6c7e-412b-9977-7543a27dae94
1688,8,2026-01-28 13:41:02.83768,89.6875,27.5,6e83c6d8-e3c2-4431-b2c4-184d392e9bdc
1689,8,2026-01-28 13:41:08.46488,89.6875,27.25,cd90db0a-7ae8-4193-a5fd-37f462985d8c
1691,8,2026-01-28 13:41:19.727202,89.75,27.75,89ea499a-fee0-4be8-8308-73db19c40b71
1825,8,2026-01-28 13:54:02.306186,89.625,29.75,f5463345-cbac-4068-b4b4-4335d45d32c5
1828,8,2026-01-28 13:54:19.308856,90.1875,30,f9b553a4-262b-49e8-b9e1-77bcf8a86cff
1830,8,2026-01-28 13:54:30.7306,90.4375,29.75,384dfdcc-5360-4db4-b8a2-01475c264bbc
1833,8,2026-01-28 13:54:47.830968,91.125,29.25,2fb9297f-dab6-403c-8b14-03c15a2f3ab4
1835,8,2026-01-28 13:54:59.298728,91.375,30,2f3040b7-59f4-4408-a817-15441d9e0f55
1836,8,2026-01-28 13:55:05.035661,91.3125,30,2582caf8-1b08-4f00-83c6-b1da8740523b
1838,8,2026-01-28 13:55:16.407802,91.4375,30.25,b670ae23-83c2-4868-9427-641ebb0c78cc
1840,8,2026-01-28 13:55:27.71174,91.5625,30,06d27060-765f-485d-b737-40a41c9b2bca
1841,8,2026-01-28 13:55:33.388148,91.75,30.25,b9ec28d1-40bd-4035-be1e-9142cf70657a
1843,8,2026-01-28 13:55:44.86734,91.8125,30.25,90c5274c-c444-4ce6-b51a-f1d9075ec1ab
1846,8,2026-01-28 13:56:01.968001,91.875,30.25,48a52053-5dda-4a8a-9ddd-aacfd06820ae
1847,8,2026-01-28 13:56:07.701804,92,30.25,8fadbd8c-5207-4ce1-b155-11020103dbac
1850,8,2026-01-28 13:56:24.70278,92,30.25,a4c7fa40-c8fd-4243-97ee-2432d04e8d6f
1852,8,2026-01-28 13:56:36.067285,92.1875,30.25,19501903-675b-4543-ba27-41ebc346cb4e
1855,8,2026-01-28 13:56:52.917466,92.5,30.25,341c8aa9-92ce-4cb7-b63c-eddf68f476ea
1857,8,2026-01-28 13:57:04.232228,92.5,30.5,9e5f24c0-6ebc-4f6a-9b77-3cdea457162e
1858,8,2026-01-28 13:57:09.963658,92.5625,30,02f1e03a-cd25-4a9b-b6cd-89203785a8f8
1860,8,2026-01-28 13:57:21.43094,92.4375,30.25,1c6a3012-9de2-4488-9f04-4ce999553f0e
1862,8,2026-01-28 13:57:32.900305,91.8125,30.25,adddbb37-c8a5-4866-b139-68035dfd0b68
1863,8,2026-01-28 13:57:38.640727,91.625,30.25,21d0bb26-c6f4-4408-b2f4-a7c1f917a2a7
1865,8,2026-01-28 13:57:50.001517,91.25,30,ed66a639-2334-4112-ad3a-e4d6b05e2ce6
1964,8,2026-01-28 14:07:13.110443,91.625,32,6061e88f-b9f9-4af8-86a0-41415ab9cfdc
1965,8,2026-01-28 14:07:18.839458,91.5625,32,8ac860ce-d8e3-43df-adb5-f0b79bc2ff9e
1966,8,2026-01-28 14:07:24.571342,91.5,32,68926c35-e963-4910-bb65-0fd9318d9997
1996,8,2026-01-28 14:10:15.273754,92.25,32.5,2cb58d14-a6b3-4a10-879d-4756e97a2acf
1999,8,2026-01-28 14:10:32.477713,92,32.25,585e2bb4-bb72-43cc-bb28-fede9732afe3
2001,8,2026-01-28 14:10:43.660867,91.9375,32,a8b9326a-b208-4dbe-939f-2d20b0dfe35b
2004,8,2026-01-28 14:11:00.535626,92.625,32,029b6a94-bba6-499e-8e35-5efe017a988c
2005,8,2026-01-28 14:11:06.120906,92.8125,32,66ba4f39-456f-4382-a396-5ddc8253f736
2008,8,2026-01-28 14:11:23.167439,93.1875,32,ae4ee1d7-9f3a-4ef4-ac70-461bb67c6ed0
2010,8,2026-01-28 14:11:34.356651,93.5,32.5,424ba56c-4b98-4f34-a553-342ccbf967e2
2011,8,2026-01-28 14:11:40.063012,93.75,32.25,14041ec6-0b8f-4955-add4-b0870e838dfa
2012,8,2026-01-28 14:11:45.693697,93.8125,32.5,77d2e30b-5c4a-41c6-9bb0-59ba86d336dd
2014,8,2026-01-28 14:11:56.897087,93.9375,32,7875bebe-97b3-4ec0-827c-3161fe7afeaa
2015,8,2026-01-28 14:12:02.544887,93.875,32.25,2611d556-5da7-4502-8827-7230e14838bd
2050,8,2026-01-28 14:15:21.349987,93.75,32.75,682d8540-094b-4ac7-ac96-62b8402d425a
2051,8,2026-01-28 14:15:27.028318,93.8125,32.75,9b1d8e5e-26ab-4709-b348-3c494fc71414
2053,8,2026-01-28 14:15:38.458614,93.375,33.25,91a2b8f0-8bf5-4544-981c-e0391fa04197
2055,8,2026-01-28 14:15:49.925077,92.8125,32.5,56535c02-35d3-4c87-bc0f-885e48e41810
2056,8,2026-01-28 14:15:55.553465,92.625,33,7a62e630-080d-43cc-b927-a0e5bcddfd98
2058,8,2026-01-28 14:16:06.761945,92.6875,33.25,bde39ed7-2c51-41aa-8848-e6764582f72c
2061,8,2026-01-28 14:16:23.712739,93.375,33,ed3c4ce8-4da5-4327-895c-74d47b47148b
2063,8,2026-01-28 14:16:34.97789,93.3125,33.25,06feb478-cc8f-4611-ba4c-4a99873b4680
2066,8,2026-01-28 14:16:52.026748,92.875,33,bb3a9fba-8f92-4f34-ab63-1543aa7582c5
2068,8,2026-01-28 14:17:03.341026,92.625,33,c34fe4a1-fd60-46fa-9df2-ed869c459d47
2069,8,2026-01-28 14:17:08.975001,92.375,33.25,ebcadd6e-d94d-422e-801c-b579f3995eac
2071,8,2026-01-28 14:17:20.338028,92.125,33,87da6837-c831-438a-9211-cc1cd8d23e00
2073,8,2026-01-28 14:17:31.620089,92.1875,33,86367d89-e805-444b-b4d8-63f895b45bda
2074,8,2026-01-28 14:17:37.339303,92.3125,33,01049c24-7457-4549-ade9-bca464c305bd
2076,8,2026-01-28 14:17:51.469629,92.25,33.5,4dfcd4bc-f96e-4b53-b092-1c603336f252
2078,8,2026-01-28 14:18:02.779555,92.625,33.25,7a1e96f3-ed41-44f2-b5b2-7bbe03c04ff5
2086,8,2026-01-28 14:18:48.617076,92.9375,33.25,55623884-63a2-424b-a5e7-dcdedb411423
586,8,2026-01-28 11:52:17.503195,90.1875,14,76ee0013-6ce5-48a1-a8a6-f38f8eff2a7f
588,8,2026-01-28 11:52:28.972981,90.125,14.75,98b88b26-4a36-4f88-9870-28f17e010405
590,8,2026-01-28 11:52:40.445251,90.1875,14.25,d3b5b1d2-3217-40ae-be04-6f3bc5a84f6d
591,8,2026-01-28 11:52:46.177187,90.3125,14.5,eece2cc6-9de8-4abc-a325-bafaa77b714d
592,8,2026-01-28 11:52:51.906506,90.4375,14.5,2e36ea4a-6e3d-4d9e-9a59-58946825239d
593,8,2026-01-28 11:52:57.542508,90.625,15,c22ffce0-dc96-443f-869b-42a3ca5ad967
594,8,2026-01-28 11:53:01.534279,90.625,14.75,57cf6cb1-10b3-44f4-9f55-8dc54901558d
595,8,2026-01-28 11:53:07.268017,90.5,13.75,59596d8d-a501-422d-a215-2d0ab51fa2c8
596,8,2026-01-28 11:53:12.944319,90.375,14.25,d75ff358-e901-44c8-a5d4-f116afbf1794
597,8,2026-01-28 11:53:18.63536,90.3125,14.25,b9aa72dc-0211-460c-ac01-782d99317a27
598,8,2026-01-28 11:53:25.129467,90.375,14,017cfee2-e2d5-43e3-af0a-549845efe1ac
599,8,2026-01-28 11:53:30.825651,90.375,14,708b34ee-22cd-46e6-8e14-3ab95e60ab5b
600,8,2026-01-28 11:53:36.554449,90.375,13.75,caa3844a-abd5-4af5-a154-40cc59932868
601,8,2026-01-28 11:53:42.143144,90.375,14.25,74f6a287-6e44-4e42-86e0-1ed8e5cd9a48
602,8,2026-01-28 11:53:47.820803,90.25,13.75,ed707bb6-b512-489c-821b-f3e6a064fdb1
603,8,2026-01-28 11:53:53.506518,90.1875,13.75,d6df6ebe-6d34-405a-b3fc-e03ffef2762a
604,8,2026-01-28 11:53:59.883129,90.25,14.25,ec8fd2a3-35a6-4259-aebe-12ece3f1cb07
605,8,2026-01-28 11:54:05.640458,90.25,14.5,8323deae-4824-4e2f-be12-a5a564479751
606,8,2026-01-28 11:54:11.369964,90.25,14.25,110a9f84-583c-4b62-86c8-15da465e16a9
607,8,2026-01-28 11:54:17.106413,90.3125,14.75,1db131e7-15fd-42b3-96c0-ed20ccc78829
608,8,2026-01-28 11:54:22.840278,90.375,14.5,d9e3601c-3aed-4e4a-bd33-8c31678e8f95
609,8,2026-01-28 11:54:28.57769,90.375,14.25,82fe0dec-b46a-4bcb-a897-f18113795b13
610,8,2026-01-28 11:54:34.312175,90.3125,12.75,925d47a0-f79a-42a6-bce4-209a0153f2a5
611,8,2026-01-28 11:54:40.047306,90.3125,14.25,7fef4c93-1fd5-4700-87bc-ac5247ea8b5d
612,8,2026-01-28 11:54:45.778169,90.3125,13,aa3e4cc4-feab-4f94-b2a6-15919c5169e5
613,8,2026-01-28 11:54:51.515265,90.3125,12.75,9ab966bc-4ea8-44cd-a9b7-c42ed664eff9
614,8,2026-01-28 11:54:57.245752,90.125,12.75,849b1071-aa51-45d1-8c5c-89c9f2dc93cb
615,8,2026-01-28 11:55:02.988793,90,12.5,d548659f-4a65-4d11-82b8-fbba7141a3a3
616,8,2026-01-28 11:55:08.71982,89.875,12.75,c8648c98-d748-4c16-9010-5f6c94247a6f
617,8,2026-01-28 11:55:14.452954,89.8125,12.5,37dfa595-3aa5-47af-ae03-cf2e0ac444d9
618,8,2026-01-28 11:55:20.188499,89.6875,12.25,a41e4c6c-2d23-4e46-a635-6979e69dca3b
619,8,2026-01-28 11:55:25.920896,89.5625,12.75,db1cfa35-0108-419c-839d-efe543f5d2d9
620,8,2026-01-28 11:55:31.651992,89.375,13,7b8a271b-f9e9-40a2-8583-4efb2602c460
621,8,2026-01-28 11:55:37.389382,89.25,12.5,24642cb3-1376-4343-8bda-83fe9d5461d4
622,8,2026-01-28 11:55:43.123132,89.1875,12.75,5db9326a-066a-4155-818a-73a9dd65f491
623,8,2026-01-28 11:55:48.856589,89.0625,12.75,a3aa11c5-10f7-43d8-b96c-9a052fcc8efc
624,8,2026-01-28 11:55:54.589388,89.0625,13,2fb73668-a889-4e76-8529-9dfb78ae72ee
625,8,2026-01-28 11:56:00.327662,88.9375,13,8032f8b1-59d7-46eb-b85b-bd670e40a2b2
626,8,2026-01-28 11:56:05.961111,88.75,12.75,83159254-d601-4cfd-b8bf-eecb0397301a
627,8,2026-01-28 11:56:11.694025,88.5,13.25,4edee7c2-d852-4a1a-a0af-6b3632575272
628,8,2026-01-28 11:56:17.424474,88.125,12.75,2eb16457-d776-494a-bc2a-ac302f47b122
629,8,2026-01-28 11:56:23.162287,87.9375,13.25,3c5d6a55-8f38-47dd-a75b-fba045b5d817
630,8,2026-01-28 11:56:28.89318,87.8125,12.75,07ba0fe1-1319-4f04-9566-560b800d3b95
631,8,2026-01-28 11:56:34.62797,87.5625,12.5,f5a63383-a551-4d3e-b77b-c59bc12929c7
632,8,2026-01-28 11:56:40.365771,87.4375,12.75,f28a130c-2dd3-4256-8745-16d37aa39a9a
633,8,2026-01-28 11:56:46.103632,87.625,12.75,cf208a9e-d15c-4f10-9ec3-8dfc19e70b3d
634,8,2026-01-28 11:56:51.833541,87.5625,12.5,a9f1bd02-ce77-478e-9627-6c3a15107813
635,8,2026-01-28 11:56:57.424457,87.5,12.5,a36f7cb9-7c23-4365-be21-f79dcd6b8b55
636,8,2026-01-28 11:57:03.095374,87.5,13.25,db6b4573-a072-4bee-8aee-c2d8893457d4
637,8,2026-01-28 11:57:08.829789,87.375,12.75,013a6c50-044e-4acf-91f2-ba53b969eec6
638,8,2026-01-28 11:57:14.519613,87.3125,13,7787570a-d0c1-46bb-8034-425889013795
639,8,2026-01-28 11:57:20.199557,87.3125,12.75,11488c7a-69b9-4de8-9107-b2e0cce75fc8
640,8,2026-01-28 11:57:25.937584,87.3125,13,e6daf203-c0f6-4526-81a7-f348066f570e
641,8,2026-01-28 11:57:31.666868,87.3125,13,1f077e24-ecd3-463b-a4a2-274acd98df34
642,8,2026-01-28 11:57:37.403814,87.3125,12.5,526c1732-64b3-43b9-aa8c-26d0c26494e3
643,8,2026-01-28 11:57:43.140426,85.5,13,ac875f01-d85b-4ddb-af29-06ec82fc0cb0
644,8,2026-01-28 11:57:48.870314,83.0625,12.5,4a690d5b-bb89-40f2-9dff-b2db6e457026
645,8,2026-01-28 11:57:54.607195,81.4375,13,41503160-9ef9-47c7-92ee-0bae1622480b
646,8,2026-01-28 11:58:00.681422,81.125,12.75,4ef1c3dc-889a-4d73-ba68-5b2d91e539d2
647,8,2026-01-28 11:58:06.575721,81.3125,12.75,bab3c89b-2a3f-4477-9a1b-f2a57b250e57
648,8,2026-01-28 11:58:12.667131,81.625,12.5,95a1b810-08b2-4b91-a5b5-5a2ede3b5359
649,8,2026-01-28 11:58:18.368648,81.9375,13,81020826-3ce4-4e1b-b982-6526a5978eb1
650,8,2026-01-28 11:58:24.096536,82.125,12.75,5436d048-af1d-4a68-8857-30cb2996557b
651,8,2026-01-28 11:58:29.833527,82.25,13.25,50b35f6d-9c2b-4986-a279-57cbd9124f86
652,8,2026-01-28 11:58:35.567563,82.1875,12.75,690ecead-0504-48f2-baf3-b6489128db1a
653,8,2026-01-28 11:58:41.299816,82.3125,13.25,415f04f6-dc21-48c8-b658-504b4ff1d853
654,8,2026-01-28 11:58:47.034577,82.4375,13.25,c86bb3a2-816c-4a4e-b61c-b1e8f0d562e3
655,8,2026-01-28 11:58:52.779026,82.75,13.25,27c55b32-7717-4d26-bdb7-8bb442dc7da4
656,8,2026-01-28 11:58:58.503232,83,13.25,31251f06-5eee-43ad-bde1-f0b004270f45
657,8,2026-01-28 11:59:04.236971,83.25,13.25,cf3df563-a78f-4c9a-aff0-d83be0a783fc
658,8,2026-01-28 11:59:09.970287,83.3125,13.25,643f1543-2b78-465e-b7d0-a1c576fc778f
659,8,2026-01-28 11:59:15.710392,83.4375,15.5,7ffff6c4-1e00-4a20-99af-65b6949f61de
660,8,2026-01-28 11:59:21.444796,83.5,15.25,1fb3d8e3-0308-42f0-8b62-c8ec3479f924
661,8,2026-01-28 11:59:27.175109,83.5625,15.5,0243fec9-6a7a-4b4a-bb23-25d7f7a414af
662,8,2026-01-28 11:59:32.908857,83.6875,15.25,b4a9188d-9d38-4012-96ad-e94248478000
663,8,2026-01-28 11:59:38.647864,83.875,15.25,4cee6265-6f85-46e9-ab44-beea06af447e
664,8,2026-01-28 11:59:44.378018,84.0625,15.25,1de9ff6b-fc6b-4162-8191-bd4e03fa2373
665,8,2026-01-28 11:59:50.114447,84.3125,15.25,78593d3a-e305-4702-95cc-27f896bae16b
666,8,2026-01-28 11:59:55.846504,84.625,15.5,69e51287-0609-453a-bba4-854cb87b4f2d
667,8,2026-01-28 12:00:01.478626,84.8125,15.25,95c49ecc-14f2-457f-b718-1c3f479e9e72
668,8,2026-01-28 12:00:07.110898,85.125,15.5,d70ce92e-eb0e-4f58-9068-54b03f6ac675
669,8,2026-01-28 12:00:12.8468,85.375,15.5,b594ae5d-e5c2-49d9-a531-bb22004cbb8b
670,8,2026-01-28 12:00:18.579349,85.5625,15.25,8a7d2d53-3adc-4998-9ca5-d7b23f48da1e
671,8,2026-01-28 12:00:24.314745,85.625,15.25,63c3d1b2-dcf8-44b0-8f78-953d2c1dda4b
672,8,2026-01-28 12:00:30.04867,85.6875,15.5,8c7915cc-f98b-499d-97d2-340207fc4639
673,8,2026-01-28 12:00:35.782995,85.75,15.25,ba9142b0-de20-422e-84be-909e08a0344b
674,8,2026-01-28 12:00:41.518199,85.8125,15.75,234c218e-4bad-44db-b083-713519098b35
675,8,2026-01-28 12:00:47.255083,85.9375,15.75,780b39ac-d1e7-4610-ad33-b556f994ceb0
676,8,2026-01-28 12:00:52.987365,86.0625,15.5,7c6343c4-2b3e-4604-8c3e-2030208bdd8e
677,8,2026-01-28 12:00:58.722074,86.125,15.75,44cc5a21-d711-4343-8536-60ac90a6a5b4
679,8,2026-01-28 12:01:10.191162,86.5,16,8b2519f0-003c-4c17-8ae8-bf7f3648ec04
681,8,2026-01-28 12:01:21.562808,86.9375,15.25,f8cd8cad-8430-4819-8808-44fe426bffdc
682,8,2026-01-28 12:01:27.291039,87.375,16,566edff7-a990-4376-9db4-0547afcab4b2
683,8,2026-01-28 12:01:32.990859,87.75,16,6a6fb6d6-5b35-4fc6-ba0e-b7523e948326
685,8,2026-01-28 12:01:44.391661,88.1875,15.5,a9b1b516-f726-42fc-a41b-f89b20f86dbf
686,8,2026-01-28 12:01:50.125784,88.25,15.5,1a9e214b-e0a0-4b3d-8fd4-e130a405489c
689,8,2026-01-28 12:02:07.330326,88.875,16.25,eb3d0593-f140-4cd2-b68a-a425d4c0fe60
1358,8,2026-01-28 13:06:06.442114,87.875,23.5,b7e681db-591a-4e11-a02c-e5b2dd817177
1360,8,2026-01-28 13:06:17.845437,87.8125,23.5,2dab2934-2245-42a5-92f4-f16da5035751
1363,8,2026-01-28 13:06:35.008161,87.5,23.25,381b7337-4f1b-4d32-ab6a-8f0b216f18bf
1365,8,2026-01-28 13:06:46.378245,87.3125,23.75,fc6d9b21-9d3c-403b-bb28-b1692bcfdc37
1368,8,2026-01-28 13:07:03.547761,87.5,23.5,bd7b2581-a96e-4d70-b181-e890814e9071
1370,8,2026-01-28 13:07:14.944561,87.625,23.75,56d1e712-af88-4f5e-b573-76e57b737d79
1371,8,2026-01-28 13:07:20.575846,87.75,23.75,d76122d1-7ff0-4d85-a5e6-436421d0a347
1373,8,2026-01-28 13:07:32.045471,87.5625,23.75,f3a9ad0f-93af-44f9-8f20-05da21b734f7
1375,8,2026-01-28 13:07:43.411764,87.4375,23.5,60de6160-b565-447a-a505-3e0381c9c343
1376,8,2026-01-28 13:07:49.146408,87.25,24,d1795885-b652-4ee7-a3b1-0d60a7c509f8
1378,8,2026-01-28 13:08:00.511999,87.3125,23.5,eb273132-1fd9-410b-9dd9-fee36a83eab5
1381,8,2026-01-28 13:08:17.410812,87.625,23.5,df609ec9-b8ff-4515-b447-0bca146302e6
1383,8,2026-01-28 13:08:28.744679,87.5625,23.75,f6cc6fb4-a855-4c5c-9699-447ec9bec64e
1551,8,2026-01-28 13:28:04.749278,89.1875,25.75,3233a705-a617-4f0e-a4ea-6f40bc891781
1665,8,2026-01-28 13:38:52.440176,88.25,27.75,2d581600-933b-4fad-ac02-57cfe83e52d6
1668,8,2026-01-28 13:39:09.434656,88.0625,27.75,f3db115e-ba29-48a6-b53f-e2bbb3dc4fc5
1670,8,2026-01-28 13:39:20.805029,88.1875,28,687582aa-3296-4282-a8bb-392757bd73b1
1673,8,2026-01-28 13:39:37.698159,88.25,27.75,e4ed6fc3-1ddc-4338-9e7f-eb18195fe472
1848,8,2026-01-28 13:56:13.335678,92.0625,30.25,e8deedfe-8575-4208-91e7-f9b04299f057
1849,8,2026-01-28 13:56:19.008786,92,29.75,50888c76-1676-4870-963b-81fd6efc7ab9
1851,8,2026-01-28 13:56:30.332617,92.125,30.25,93234333-9ed0-4c61-b26f-8f99560f7206
1853,8,2026-01-28 13:56:41.705182,92.3125,29.75,59b91096-3da0-47e7-9cad-aa80ed870499
1854,8,2026-01-28 13:56:47.300928,92.4375,30.5,5542caef-cc8f-4fcf-8912-afadc5d84be5
1856,8,2026-01-28 13:56:58.596273,92.5625,30,ab556d05-28ab-4e99-8af7-d0704836d1c6
1859,8,2026-01-28 13:57:15.69794,92.5625,30.5,4c3b8097-25b5-4424-931c-d5205313737a
1861,8,2026-01-28 13:57:27.171879,92.0625,30.5,f9eaffcf-d6ea-49c9-8603-95be598c6cdf
1864,8,2026-01-28 13:57:44.265884,91.4375,30.5,3fd58dfa-e649-4c22-9a2e-88fc5f934e6f
1866,8,2026-01-28 13:57:55.951115,91,30.5,df3253aa-4d3b-4ba5-aeb8-7bce0d4b55ed
1867,8,2026-01-28 13:58:01.623002,90.75,30.5,56dd4e9e-8d82-4bc1-9717-4b36b1aef4f0
1868,8,2026-01-28 13:58:07.207995,90.5625,30.75,fffeba81-86c8-479f-98ba-632eb85aa6e8
1967,8,2026-01-28 14:07:30.205575,91.4375,32.25,5852953d-da69-40c5-a6d9-177e5fda2095
1968,8,2026-01-28 14:07:35.93941,91.4375,32.25,23a01426-3104-4287-86e4-1db1e7a81183
1970,8,2026-01-28 14:07:47.307859,91.4375,32.25,c0425522-d675-453d-8dba-22b01afa75ff
1971,8,2026-01-28 14:07:52.936784,91.5,32.25,7bd0bd39-e95f-4291-998b-467c0fa80d47
1973,8,2026-01-28 14:08:04.279399,91.1875,32.25,5a537076-33be-45e6-aa2d-0632373129eb
1974,8,2026-01-28 14:08:10.038175,91,32,bff68afb-f042-45b2-896d-d6abecb9f5dd
1975,8,2026-01-28 14:08:15.771811,90.75,32.25,5aeaea40-6a5d-472a-bef0-b5435c9f680e
1977,8,2026-01-28 14:08:27.138616,90.625,31.75,e21efa28-923c-4f49-88c6-8b80108f7dda
1979,8,2026-01-28 14:08:38.505282,90.25,32.5,2c69b493-5f43-45db-ae89-6c3b732bce7a
1980,8,2026-01-28 14:08:44.240648,90.1875,32,3ed526ca-97f1-4487-b849-aa5ae404fbf0
1982,8,2026-01-28 14:08:55.605539,89.6875,32.5,fbe3cca4-ec01-4c9e-973c-60835ad0f2eb
1985,8,2026-01-28 14:09:12.707416,89.625,32.5,5682e113-8725-48b6-9403-9022de759663
1987,8,2026-01-28 14:09:24.014977,90.375,31.75,97713ca8-56ce-4864-85cb-fd24a7962c9e
1988,8,2026-01-28 14:09:29.706632,90.6875,32,77e53ee8-2517-4de9-939d-b9af2e516fcd
1989,8,2026-01-28 14:09:35.351774,90.9375,32,3a5bac2a-cd73-4ae2-8fa0-252af8715866
1991,8,2026-01-28 14:09:46.809009,91.5625,32.25,245a2234-4032-40ad-a524-a13fef7ef66b
1993,8,2026-01-28 14:09:58.176492,91.9375,32,582238ce-fb6d-497e-adcb-e4ac33fe4f81
1994,8,2026-01-28 14:10:03.934134,92.0625,32.25,4df19759-4fbc-493e-a2d9-a9d91c574d12
2006,8,2026-01-28 14:11:11.800021,93,32.25,0796d6a6-2490-4ab6-9fd5-dd95cf04f2df
2007,8,2026-01-28 14:11:17.43541,93.125,32.25,321ba15f-f03d-4bab-a887-19b5e828a517
2009,8,2026-01-28 14:11:28.767171,93.4375,32.25,8cd5eb52-72ea-43ad-9793-2c51c7d6ece9
2082,8,2026-01-28 14:18:25.674714,92.5625,33.25,6399bc3b-f397-4cf2-a41b-07943908b275
2085,8,2026-01-28 14:18:42.880011,92.8125,33.5,004d54f6-91ad-4d10-8160-e2af2e3f4235
2087,8,2026-01-28 14:18:54.347643,93.25,33.25,72905e29-d2f9-4f33-8185-70584ea8f665
2088,8,2026-01-28 14:19:00.079276,93.5,33.25,2964533b-d397-4c9e-bf94-21ee8e37232c
2089,8,2026-01-28 14:19:05.813035,93.8125,33.5,65edc8f0-e0d0-4cdd-af84-76dade9048af
2090,8,2026-01-28 14:19:11.446302,93.8125,33.25,721c7023-2f7a-4bef-b580-d4c7063cff67
2091,8,2026-01-28 14:19:17.05993,93.75,33.5,bd5c471d-fb17-482f-8c1f-914509678295
2092,8,2026-01-28 14:19:22.654546,93.6875,33.5,608bfd0a-4aa2-4b00-9938-c9d6f039ff2b
2093,8,2026-01-28 14:19:28.284254,93.75,33.5,dbae092a-3522-40f1-9ca9-6d9d9a9ee2de
2094,8,2026-01-28 14:19:33.978444,93.875,33.5,75fbb66c-3cd6-4c1f-928a-d803369b4c2d
2095,8,2026-01-28 14:19:39.708004,94.125,33.25,47b956fd-43b6-418b-944d-251332ea025c
2096,8,2026-01-28 14:19:45.449065,94.125,33,faf0cd75-c067-4688-98fd-84d81866618b
2097,8,2026-01-28 14:19:51.177452,94.25,33.5,a883c291-48a2-4d43-86de-23adc43535b5
2098,8,2026-01-28 14:19:56.913752,94.4375,33,e0b0de16-e5de-4a61-b12c-684dbbf84965
2099,8,2026-01-28 14:20:02.54453,94.625,33.5,3f96719a-5cd8-4f8c-a793-fcaa187f6605
2100,8,2026-01-28 14:20:08.280114,94.875,33.5,4a0f8553-8cc0-4c4b-840b-72cd24bc7037
2101,8,2026-01-28 14:20:14.015479,95.125,33.5,0788357e-baa1-4647-a18e-58f8c8853b63
2102,8,2026-01-28 14:20:19.860267,95.4375,33.5,3d79f8bf-6d5b-45ae-b0a1-26a4c01df1dc
2103,8,2026-01-28 14:20:25.584393,95.5625,33.5,2c2347da-4527-41bd-ba37-fb9b90af43a0
2104,8,2026-01-28 14:20:31.321359,95.75,33.5,11e4143b-ccaa-4a52-a4bd-1fbe36e79990
2105,8,2026-01-28 14:20:37.057281,95.75,33.5,3e9e4c79-922e-4fb5-bb64-d6010ee6f168
2106,8,2026-01-28 14:20:42.684179,95.8125,33.25,f863f8cb-9771-4c19-b662-9a4bacbc4c6e
2107,8,2026-01-28 14:20:48.28315,95.8125,33.5,8197e267-dedf-4409-b5d6-01e11eaf3623
2108,8,2026-01-28 14:20:53.899027,95.9375,33.75,0bb625fc-f7d6-4b37-b051-81f217386c30
2109,8,2026-01-28 14:20:59.602065,96.0625,33.75,af1b6343-98f6-497f-a25f-7071739813eb
2110,8,2026-01-28 14:21:05.318472,96.1875,33.25,25e7b2cc-357c-4df4-b166-1b9807f833b9
2111,8,2026-01-28 14:21:11.048782,96.4375,33.75,33383149-289f-4234-ac85-b26405423f03
2112,8,2026-01-28 14:21:16.785426,96.5625,33.5,736989ef-184c-4c57-a181-36d13903c968
678,8,2026-01-28 12:01:04.456048,86.3125,15.5,1980016b-8e50-4068-87ca-5ec9c8585ea8
680,8,2026-01-28 12:01:15.92513,86.75,15.25,c5afc381-c6a5-4d99-a55d-a1d16a6c1e73
684,8,2026-01-28 12:01:38.658059,88,16,dc36c590-ca3c-4b6e-95d2-c1c58792ee26
687,8,2026-01-28 12:01:55.862506,88.4375,15.75,ad4e9be6-0851-41b6-bc1e-a82b0301cfe9
688,8,2026-01-28 12:02:01.595701,88.6875,15.75,225ea318-8fd9-42d7-83b0-23f708752c9f
690,8,2026-01-28 12:02:13.076916,89,16,ab97c19c-1792-4f7f-b894-c84165a435bb
691,8,2026-01-28 12:02:18.748288,89.125,15.75,bc4bfc5f-1c5d-4259-81cc-5f74ac65cbaf
692,8,2026-01-28 12:02:24.372098,89.3125,15.75,e052c343-46ac-48c2-97d3-10069a145125
693,8,2026-01-28 12:02:30.062494,89.3125,16.25,8a1d9a45-3bf8-4028-94be-93da95296fc8
694,8,2026-01-28 12:02:37.35596,89.625,16,ca5f264f-b354-4ff5-bcb5-d69e8119a93a
695,8,2026-01-28 12:02:43.007622,89.8125,16,efb7d1d1-d4f5-4a35-9116-e76e82428038
696,8,2026-01-28 12:02:48.698764,90,15.75,27367f60-7a8c-405b-a02e-65cfed32b598
697,8,2026-01-28 12:02:54.443651,90.1875,16.25,2196ac43-0403-4565-b2be-7c838f6638d9
698,8,2026-01-28 12:03:00.167913,90.3125,16.25,36409d51-57f8-46d7-9919-b14b05ff218c
699,8,2026-01-28 12:03:05.800186,90.5,16.25,a6200b4c-970a-489e-b957-83ee51424eb2
700,8,2026-01-28 12:03:11.534931,90.625,16.25,c0635b3f-c713-44f7-9b84-f05f2a185bde
701,8,2026-01-28 12:03:17.169159,90.8125,16.25,1fda4478-c7d7-44ab-b1ed-58354e82a25a
702,8,2026-01-28 12:03:22.903585,90.9375,16,f521b3ed-2903-4691-b5ca-10188543a021
703,8,2026-01-28 12:03:28.575288,91.0625,16,77847f9e-1f60-428c-b64c-dca064fa2d70
704,8,2026-01-28 12:03:34.268207,91.1875,16.5,321d9051-722d-4a8f-8bf7-f7b9eab8118f
705,8,2026-01-28 12:03:40.001524,91.125,14.25,34a8eb13-833b-4331-98da-05dd843a6b24
706,8,2026-01-28 12:03:45.7397,91.0625,16.25,086991a6-2ddb-4c93-a3e3-495670a2ae69
707,8,2026-01-28 12:03:51.471901,90.9375,14.25,555a06de-0562-4a3a-8a3d-df4bf6477163
708,8,2026-01-28 12:03:57.102616,90.8125,14,178ced4a-a31d-4b3a-985c-0bafdb2c86d3
709,8,2026-01-28 12:04:02.845071,90.625,14,e164ff51-aa06-477e-9708-d61f935bcdf2
710,8,2026-01-28 12:04:08.572586,90.5625,14.25,75894ccf-384a-43f7-a77b-41f518527e5d
711,8,2026-01-28 12:04:14.208287,90.375,14.25,0f181541-4dbb-4e09-ae96-247bde3a83d7
712,8,2026-01-28 12:04:19.939274,90.1875,13.75,cc843571-119a-4d78-8a9d-b1e0aa6b604d
713,8,2026-01-28 12:04:25.612929,89.9375,14.75,f19d661b-f0a3-4873-a3ca-46f82a8b1e12
714,8,2026-01-28 12:04:31.304295,89.75,14.75,6d49313c-54d0-4aab-a84b-a14ee2857e31
715,8,2026-01-28 12:04:36.999707,89.75,14,760724b1-a216-462f-876f-b93c8eb36452
716,8,2026-01-28 12:04:42.671578,89.625,14.75,8737439c-5e71-4b86-bde1-c7b10271d93e
717,8,2026-01-28 12:04:48.303373,89.4375,14.75,57d8fabb-cadc-4db8-923b-64f8840515b0
718,8,2026-01-28 12:04:54.037293,89.25,14.75,53016f18-d54e-485b-a278-1c1fbb87e1dc
719,8,2026-01-28 12:04:59.772781,89,15,75c70147-b354-418f-9efa-f9470d87c044
720,8,2026-01-28 12:05:05.506746,89,14.5,397e48da-3528-4b49-8b7a-7146abf2cb58
721,8,2026-01-28 12:05:11.240488,89,15,433c143d-c093-43db-865a-2c11e49ae14d
722,8,2026-01-28 12:05:16.975834,89,14.75,e46d362b-5b11-445d-8ed6-d4b09ff137cc
723,8,2026-01-28 12:05:22.607461,88.9375,14.5,3a552c8b-3dee-467f-9482-1f2b18cba9e1
724,8,2026-01-28 12:05:28.282615,88.875,14.75,69fa8336-2a0e-4787-870a-c5260309c438
725,8,2026-01-28 12:05:33.97381,88.625,14.75,85743517-d0f7-4fb7-97aa-b4b0ab5971b5
726,8,2026-01-28 12:05:39.714807,88.5625,14.75,bf53e81c-5c23-43fd-a1e5-d7ab30995733
727,8,2026-01-28 12:05:45.383477,88.4375,14.5,e1191547-e2e9-40cc-b470-68b47e3fa5da
728,8,2026-01-28 12:05:50.963932,88.25,15,2a967289-901b-4558-bc7c-b7b44952bbdf
729,8,2026-01-28 12:05:56.604918,88.25,14.5,e593327e-c27c-459f-bcc7-ec7580bc351d
730,8,2026-01-28 12:06:02.236021,88.1875,14.75,318244e2-9551-4c64-a95c-0f6f7cd31639
731,8,2026-01-28 12:06:07.834879,88,15,05bfd488-7fa6-4479-9515-9cf6f6f42c69
732,8,2026-01-28 12:06:13.46068,87.875,14.5,b4b4d89f-83cd-430c-9229-92c7dde31ba8
733,8,2026-01-28 12:06:19.073744,87.8125,14.75,9ef07080-5b0d-49ce-b398-acf5327596a3
734,8,2026-01-28 12:06:24.702452,87.6875,14.25,883ccd12-6463-4672-aed1-60ec44003997
735,8,2026-01-28 12:06:30.293798,87.5625,14.25,b4fa05aa-fe1a-478a-b32b-b994036e3c6c
736,8,2026-01-28 12:06:35.889885,87.5625,14.5,7da897e4-af55-4c5a-adf7-850b1de9b929
737,8,2026-01-28 12:06:41.477232,87.625,14.5,c6f97534-6365-4122-ba11-154fd15d36e8
738,8,2026-01-28 12:06:47.087803,87.6875,14.5,38ca4685-75b8-40e5-9dcc-779910e5a41b
739,8,2026-01-28 12:06:52.68142,87.625,15,6c60d237-7d66-4c90-859c-5e257fcb5e1e
740,8,2026-01-28 12:06:58.269766,87.6875,15,5034c378-ca0e-4651-8bde-bf883875f45b
741,8,2026-01-28 12:07:03.867105,87.625,14.75,b2c8a5e5-0b23-4ff4-a5f8-926d0125d623
742,8,2026-01-28 12:07:09.453968,87.5625,14.75,67261ef9-b938-4b46-b9ce-1df2c524477f
743,8,2026-01-28 12:07:15.146242,87.5,15,17f984f7-4eb4-4733-b376-55543546697a
744,8,2026-01-28 12:07:20.884226,87.375,14.75,083a887f-16bc-43e1-8739-460c2fc2de96
745,8,2026-01-28 12:07:26.482438,87.3125,15,f87612e8-5aa9-4fa0-8927-881251220665
746,8,2026-01-28 12:07:32.071797,87.1875,15,2caac7ae-60f3-4d98-92d6-d8c5af6545aa
747,8,2026-01-28 12:07:37.658168,87.0625,15,b5fbcb94-1837-482b-9d4a-01b33ba0ad94
748,8,2026-01-28 12:07:43.308074,86.9375,14.75,d527d662-5caf-4eb0-a925-eda7ccec38a5
749,8,2026-01-28 12:07:48.898865,86.8125,14.5,d76a4468-a376-497c-aa4f-2ff75a59cf5d
750,8,2026-01-28 12:07:54.509698,86.75,14.75,1e53e663-cae3-4968-bb32-65ef99555375
751,8,2026-01-28 12:08:00.100246,86.625,15,a7e9b999-6312-430a-af38-504d03255621
752,8,2026-01-28 12:08:05.732438,86.5625,15,c693e7b2-4b6a-4a2b-94ad-ccf19cdd17ab
753,8,2026-01-28 12:08:11.319973,86.5,15.25,4c59a2e8-546c-4468-988b-5148999a4f8a
754,8,2026-01-28 12:08:16.918138,86.5,14.75,0b81daed-a185-4185-8605-cdcadac87265
755,8,2026-01-28 12:08:22.509808,86.3125,15.25,41e6194c-e056-4905-aee2-407a2e778aad
756,8,2026-01-28 12:08:28.095914,86.1875,15.25,26cc608d-f24d-4bb7-bee7-c869ef29061f
757,8,2026-01-28 12:08:33.687147,86,15.25,3fffaa32-204e-4711-b990-1b1948e6e52f
758,8,2026-01-28 12:08:39.270246,85.875,15.25,c6c91dc9-97f4-4a95-809e-03db24522c3d
759,8,2026-01-28 12:08:44.95105,85.875,15,43e09231-cfc6-4630-a115-a2e7d1458998
760,8,2026-01-28 12:08:50.685898,85.75,15,a3ef7bf3-c991-4dd8-924d-434a94149fd3
761,8,2026-01-28 12:08:56.419639,85.8125,15,3253666b-54bf-4222-a0fd-be4c2bcd2d76
762,8,2026-01-28 12:09:02.101149,85.875,14.75,b9624e5c-241b-43ed-98c8-43c8ebb751bf
763,8,2026-01-28 12:09:07.78755,86,15,4159d5e0-6f34-41ee-8a06-7a7fc14551e2
764,8,2026-01-28 12:09:13.521066,86.0625,15.25,758b44f5-923b-40ff-9b83-f003b6e4d245
765,8,2026-01-28 12:09:19.254733,86.0625,15.25,f90420c1-021e-4800-b2fb-82147fa9a7d7
766,8,2026-01-28 12:09:25.092842,86.0625,15,c491e15c-5df6-468f-89e9-fad01100c10a
767,8,2026-01-28 12:09:30.826826,86.0625,15,45c0688f-1d83-4a15-8764-a39d26b3a8cd
768,8,2026-01-28 12:09:36.562018,86.125,15.5,a563ec84-fbdb-4152-915c-ea791ac2da74
769,8,2026-01-28 12:09:42.193912,86.1875,15,0c1f47cc-69cb-43e4-b680-1811ff110e32
770,8,2026-01-28 12:09:47.874972,86.25,15,b75c92a8-2f41-47c7-b913-2fdcc6b7637b
771,8,2026-01-28 12:09:58.213764,86.3125,18,e90bc590-518c-4e41-a12c-47f87e88bbf5
772,8,2026-01-28 12:10:03.907861,86.25,17.75,8ca78ae4-d113-4c58-a278-f4b5df62a690
773,8,2026-01-28 12:10:09.637078,86.25,18,26b96c19-e665-4c11-a3b0-80c7d85250ad
774,8,2026-01-28 12:10:15.378979,86.1875,17.75,499bbf03-9b0d-47f7-882c-04a797f22337
776,8,2026-01-28 12:10:26.840587,86.0625,17.75,d602f322-1775-411c-9162-5499bb5819a2
778,8,2026-01-28 12:10:38.310146,86.0625,18,1638a446-418e-4284-a936-e81da8074595
780,8,2026-01-28 12:11:06.376198,86.0625,18.25,ffd30feb-7b4f-4bb4-919f-e8849a4f43af
782,8,2026-01-28 12:11:24.697685,86.0625,15.5,a0030812-8b42-4dc9-a439-d2f023298bbb
784,8,2026-01-28 12:11:36.171005,86.3125,16,ba6f8c71-7eae-4513-ba57-7e6a3c41fca6
786,8,2026-01-28 12:11:47.634344,86.375,16,8410f20c-6f3a-46ea-ac6a-173438138a6d
787,8,2026-01-28 12:11:53.368477,86.4375,16.25,69f4d14f-3f3d-4f17-9159-87a235f05a9b
789,8,2026-01-28 12:12:04.837832,86.25,15.75,57931d8a-fee4-4fd4-9ea2-0bd485404056
791,8,2026-01-28 12:12:16.204428,85.9375,16.25,b8351575-d3b8-41f9-a9c9-9cb37aaaf519
792,8,2026-01-28 12:12:21.939161,85.8125,16,bda138e9-07b3-4964-8c89-898d9cb21e6a
794,8,2026-01-28 12:12:33.30512,85.9375,16,826104fe-4c40-4919-ab1d-8bb06821db50
796,8,2026-01-28 12:12:44.773382,86,16,92c3d601-63e7-4cbf-83a6-a87a9579f65e
797,8,2026-01-28 12:12:50.445384,86.0625,16.25,2b482ed2-1867-4af4-b46e-a81f806fb9cb
798,8,2026-01-28 12:12:56.046832,86,15.75,abb76c74-3587-41b3-89c3-5111b4d390fa
800,8,2026-01-28 12:13:07.408593,85.9375,16,4652596d-a028-454c-a553-963b0a53165c
802,8,2026-01-28 12:13:18.771614,85.6875,16.25,a7aa9d13-b8eb-4cc0-bafd-10e0b294aaf2
803,8,2026-01-28 12:13:24.506386,85.5625,16.25,17d49a4d-1826-4fbc-b38c-f4edb55bec2b
805,8,2026-01-28 12:13:35.872565,85.625,15.5,35716bd4-7eea-4237-8d16-7eb1926c45c1
809,8,2026-01-28 12:13:58.650182,85.75,16.25,061579ee-4637-4261-b34f-e28ea956e6c6
811,8,2026-01-28 12:14:10.17656,85.6875,16.5,b6af1627-e060-45a0-88e1-db21532eee61
814,8,2026-01-28 12:14:27.385277,81.9375,16.5,32597f2d-d668-4171-b62a-339f606c8df3
816,8,2026-01-28 12:14:38.84809,81.0625,16.75,d2257784-52c3-4882-b4a5-d31825917bb9
818,8,2026-01-28 12:14:50.256616,81.4375,16.25,364553d7-02f1-45fa-9f84-a65a217414e5
819,8,2026-01-28 12:14:55.950648,81.75,18.75,04188371-75f1-4460-af70-c4a24d0f8149
821,8,2026-01-28 12:15:07.366333,82.375,18.25,9af7accb-36d0-479d-9da8-2fc5f886ab2d
823,8,2026-01-28 12:15:18.787207,82.8125,18,8ab4760d-e657-47f0-9c50-c78c3ae78c7a
824,8,2026-01-28 12:15:24.520432,83,18.5,5f19fc52-20d5-42fe-9a41-a3489a1fac1f
825,8,2026-01-28 12:15:30.259614,83.3125,18.5,20de1d80-6dd8-41a4-a4cd-8c57a215cb75
827,8,2026-01-28 12:15:41.558587,83.9375,18.75,63f5934e-c462-4fd6-a34e-22a6abff7d42
830,8,2026-01-28 12:15:58.721115,84.5,19,a3b08c20-d1be-4b98-b922-0561efc0bb7e
832,8,2026-01-28 12:16:10.194871,85.0625,18.5,2f6e6901-7fdc-4eaa-b1bc-ccb6a2f1d162
834,8,2026-01-28 12:16:21.660272,85.375,18.5,3eba82a8-c59a-4efe-b69b-6daff92d4d7c
835,8,2026-01-28 12:16:27.394602,85.75,18.5,4cd9ca66-cbde-4845-85a2-465a03e0362d
837,8,2026-01-28 12:16:38.862316,86.25,18.75,e01de9b5-0742-456d-8c8d-3bf1e7bfe6ff
839,8,2026-01-28 12:16:50.22989,86.5625,19.25,938bfeb3-80b5-41c8-8fde-5b10b54f61bf
840,8,2026-01-28 12:16:55.908063,86.6875,18.75,cc66dfc8-8cf5-4ea3-8ecc-58b71c4fe5e6
842,8,2026-01-28 12:17:07.33057,87.1875,18.75,5cbe549b-83b8-4fb6-b8eb-8a98f082a1d9
844,8,2026-01-28 12:17:18.694985,87.3125,19,6ead431f-f393-433d-b688-1cfa8e1b25b4
845,8,2026-01-28 12:17:24.32758,87.375,19,c346bf7f-1fdf-4635-bb7e-3f0416c4371a
847,8,2026-01-28 12:17:35.797585,87.5,19.25,23cc14fe-6d0f-456a-be33-551d51a85cae
849,8,2026-01-28 12:17:47.266635,87.5625,19.25,f235f179-4def-4424-a5e9-8e0fb9395cba
852,8,2026-01-28 12:18:04.57382,88,19.75,bf069996-a789-432e-8462-9c0f4ff55ecb
1359,8,2026-01-28 13:06:12.176477,87.8125,23,b487fd2c-9dcd-4705-8787-fd19ba1078b7
1361,8,2026-01-28 13:06:23.539754,87.75,23.75,567e1dab-7dcb-4358-a11f-2ab72a131a3a
1362,8,2026-01-28 13:06:29.272797,87.625,23.75,e8d4abe7-8bf2-4e0e-b4d0-be83b028f756
1364,8,2026-01-28 13:06:40.725554,87.375,23.5,ce876ede-2924-497b-9df7-d5545ad350c9
1366,8,2026-01-28 13:06:52.107351,87.3125,23.5,56d8ab2b-7cea-432b-b224-a529e86af89c
1367,8,2026-01-28 13:06:57.842549,87.4375,23.5,5f4e7c0c-a2b2-4e93-9464-999b479b8886
1369,8,2026-01-28 13:07:09.212229,87.5625,23.5,f0da0753-6066-4f70-bf85-e000287da4d5
1372,8,2026-01-28 13:07:26.31015,87.6875,23.75,25fb45c8-4304-454b-bebb-cc8aaa586182
1374,8,2026-01-28 13:07:37.779133,87.4375,23.75,e5b511a0-178c-45b7-a624-3d7a31b0a592
1377,8,2026-01-28 13:07:54.816337,87.1875,24,b507c209-4550-4ebc-9fcd-ac741c90f101
1379,8,2026-01-28 13:08:06.095624,87.4375,24.25,2486f158-be64-41e4-ac8f-f1b3076551ce
1380,8,2026-01-28 13:08:11.712811,87.5625,23.5,a34aa08f-db58-487c-bf45-af64f816b428
1382,8,2026-01-28 13:08:23.142643,87.6875,23.5,56af3a7c-95eb-4c50-9e94-a8650e2588f0
1384,8,2026-01-28 13:08:34.345038,87.625,23.75,4fa47afe-384a-4819-94fa-aaf5f14d6510
1385,8,2026-01-28 13:08:39.934614,87.75,24,20846e7a-b982-44ea-a514-da51cf3221bf
1386,8,2026-01-28 13:08:45.670593,87.875,24,29130280-ee78-4ce9-951d-a6c7a78daedc
1388,8,2026-01-28 13:08:56.841006,88.25,24.25,c12898a1-e1f5-4b03-88b9-3453a70300f9
1389,8,2026-01-28 13:09:02.432456,88.4375,24,5ec7fbe8-31aa-495f-938e-4df211c6a55d
1391,8,2026-01-28 13:09:13.616808,88.5,23.75,bfe709e6-88b6-421a-b56e-14e650f6dfde
1394,8,2026-01-28 13:09:30.384179,88.5,24.25,edc8ed68-6e74-4737-bf61-b12a20f3d5e2
1396,8,2026-01-28 13:09:41.560784,88.75,24.25,73d2507c-3b3d-4ae2-8e02-1b0fc157915b
1397,8,2026-01-28 13:09:47.148995,88.8125,24,3649d9c6-7a18-49ef-a5b4-ed2ebe332f96
1399,8,2026-01-28 13:09:58.480713,88.6875,24,f9ad6b08-07de-4801-a03f-ca5067f9e474
1401,8,2026-01-28 13:10:09.842957,88.625,24.25,2833afed-675e-4d04-80c7-7dfae754c55a
1402,8,2026-01-28 13:10:15.478718,88.5625,24.5,1b31965a-bc81-40dd-b136-5d5e275005ab
1404,8,2026-01-28 13:10:26.740373,88.375,24.25,85ba14d6-f388-4586-8194-d566aa6dda3a
1406,8,2026-01-28 13:10:37.952669,88.5,24,a7a71111-85e8-407a-8f78-468d77bc1c93
1407,8,2026-01-28 13:10:43.598549,88.4375,24.25,d0029f59-d4ff-4410-81bf-4ed1ebdc5e81
1409,8,2026-01-28 13:10:54.796963,88.6875,24.5,ebc2bc62-a172-486e-818d-8d885016683c
1412,8,2026-01-28 13:11:11.799953,88.75,24.25,bc948dd3-da66-4544-a5b4-20d7aa34c967
1414,8,2026-01-28 13:11:23.307419,88.8125,24,2a3b73da-c76a-498c-9d36-d08c12fa729f
1417,8,2026-01-28 13:11:40.261733,89,24.5,cf4ce432-701e-4af3-bc58-5d85848395be
1419,8,2026-01-28 13:11:51.613873,88.9375,24.75,31def0d9-9c1b-473c-9ac5-a3ab1a27550f
1420,8,2026-01-28 13:11:57.214844,88.75,24.25,b9378b4f-db0e-48c0-af08-bf6ad99ead6f
1422,8,2026-01-28 13:12:08.397585,88.375,24.25,f28c2fb9-6f05-454a-ab87-06bde5171a7e
1424,8,2026-01-28 13:12:19.611985,88.1875,24.25,a966c7df-aa58-4d55-8bb2-32a8d54d4ade
1425,8,2026-01-28 13:12:25.198207,88.1875,24.5,1f6f1cd0-8fe7-4bff-94c6-112a71eea181
1427,8,2026-01-28 13:12:36.3823,88.4375,24.75,e76273a8-21a4-4d4e-bc7d-e667a43b31b3
1430,8,2026-01-28 13:12:53.423594,88.75,24.5,79bbda44-9463-4fae-9b85-cd406b79b12f
1432,8,2026-01-28 13:13:04.689148,88.8125,24.5,940c673f-1240-4421-843f-2653a68ec0a3
1435,8,2026-01-28 13:13:21.684719,89.125,24.75,6a251561-ac1f-4d00-98a4-c62c5a0fbf7a
1437,8,2026-01-28 13:13:33.007255,89.3125,24.5,f73c2b08-b4a5-485a-9a4b-504b01385da0
1438,8,2026-01-28 13:13:38.64314,89.375,24.5,ba2fc863-d88b-4a0a-900d-51ae3b7a6e95
1440,8,2026-01-28 13:13:49.903239,89.1875,24.5,1a0876b1-0bb0-40bf-916c-015243cd035e
775,8,2026-01-28 12:10:21.106045,86.125,17.75,12595263-7407-49ba-8b79-18d013dc7441
777,8,2026-01-28 12:10:32.575904,86,18.25,ad305798-c9b1-4f72-a2cc-28062f7787d7
779,8,2026-01-28 12:11:00.538516,85.9375,18,4b2c8ad5-bac4-4185-89e9-e8400f64332e
781,8,2026-01-28 12:11:18.964237,86.125,15.75,3ebd4526-d815-4f65-ab3c-d7af2e8aa83b
783,8,2026-01-28 12:11:30.431649,86.125,16,b26a79f7-d14c-4cdd-8f16-b7d4b778185b
785,8,2026-01-28 12:11:41.900275,86.375,15.75,d7e100ce-fb4f-470a-9207-a9dfc50be945
788,8,2026-01-28 12:11:59.104244,86.375,16,3df2dcf0-0a53-4ac0-9d87-a36026a82378
790,8,2026-01-28 12:12:10.469279,86.1875,15.75,81ed9f15-df0c-4eca-88b0-9a61d097776b
793,8,2026-01-28 12:12:27.571098,85.875,16,5bf150f0-ada8-4af7-9d08-e85b861b289b
795,8,2026-01-28 12:12:39.039819,85.9375,16.25,cb9ceaa4-ff65-42c8-b555-12bc6fe7f0d9
799,8,2026-01-28 12:13:01.777445,85.9375,16,758279c1-c057-4f06-8958-9ec8b6382feb
801,8,2026-01-28 12:13:13.077528,85.875,16.25,c7c80ec9-59e8-4c26-80f6-46bf92d1f82f
804,8,2026-01-28 12:13:30.137337,85.5625,16.25,2ee54d86-7930-40f9-959b-29f42cc15a3f
806,8,2026-01-28 12:13:41.607058,85.5625,16.25,8d8fb631-e5ee-463d-97cd-4ce5fb88161b
807,8,2026-01-28 12:13:47.246646,85.625,16.25,96c0661a-2878-4b5d-b692-fdb6b3ac8144
808,8,2026-01-28 12:13:52.972845,85.75,16.25,37690ecf-311c-45a3-bf24-28b7b670d0a5
810,8,2026-01-28 12:14:04.441122,85.75,16.25,d71cab0b-b6f6-45b2-b1ae-6fc51982fcda
812,8,2026-01-28 12:14:15.912696,85.5,16.5,8e10e76d-8520-4a5a-aaca-b896e7bc5f6b
813,8,2026-01-28 12:14:21.645629,83.6875,16.5,3b545881-2d7a-4390-abc8-e65b57c43846
815,8,2026-01-28 12:14:33.11379,81.25,16.5,28b597a3-e154-4421-a3b9-982fa2b89106
817,8,2026-01-28 12:14:44.584076,81.1875,21.25,7111146e-75f1-4f4c-b003-765da0cc001b
820,8,2026-01-28 12:15:01.684189,82.125,18.5,171c797d-bd37-4243-9ad0-47564578e672
822,8,2026-01-28 12:15:13.050252,82.5625,18.5,dd8feb93-b86f-4f8f-b871-2ccab1572c91
826,8,2026-01-28 12:15:35.886821,83.6875,18.75,ea9dee62-8888-4c0d-adb0-2f2624e773f4
828,8,2026-01-28 12:15:47.252761,84.1875,18.75,72155e7f-930b-4791-b9d7-4f9f3c0bda23
829,8,2026-01-28 12:15:52.991277,84.375,18.5,1fc739d1-b88c-4412-b841-c1d52da8face
831,8,2026-01-28 12:16:04.455555,84.875,19.25,143aabc4-bfd5-4319-a072-163beed998a4
833,8,2026-01-28 12:16:15.926417,85.25,19.25,6247fd51-373d-41b2-8a6c-07165d3d57e0
836,8,2026-01-28 12:16:33.127802,86,18.75,719bab2b-5ead-4017-9162-55bb463df5bf
838,8,2026-01-28 12:16:44.493407,86.375,18.75,02be476a-0c18-4d8c-b9d0-2f9eed5e1722
841,8,2026-01-28 12:17:01.597162,86.9375,18.75,3f3fe9bc-ee07-4864-addc-5a49f97f8163
843,8,2026-01-28 12:17:13.071817,87.3125,18.75,e7bcc242-0b44-46f3-80b1-73dee7dc901f
846,8,2026-01-28 12:17:30.066641,87.375,19,0f5aac3a-227b-410f-a9e9-f3ec41e0a76a
848,8,2026-01-28 12:17:41.533916,87.625,19.25,5260ab72-caea-417c-ab19-90f0cc2f7d21
850,8,2026-01-28 12:17:53.007568,87.6875,19,9037f706-5f84-43e6-b2ec-34e6128719b8
851,8,2026-01-28 12:17:58.897178,87.875,19.25,bf389d30-e30d-40f4-9e45-3852e9f9c928
853,8,2026-01-28 12:18:10.313857,88.125,19,217a3aba-28ac-4b4e-ae4b-6e274a76edee
854,8,2026-01-28 12:18:16.040074,88.25,19,0fc3d1c8-ab24-4167-8a8a-563aca4d626a
855,8,2026-01-28 12:18:21.775507,88.625,19,238f586f-ac66-426f-8e73-254c195e1ad5
856,8,2026-01-28 12:18:27.4106,89,19.25,fa54eccf-4322-47d7-89aa-803513cfd062
857,8,2026-01-28 12:18:32.991173,89.25,19,73b8ec4e-9c2f-4482-bfea-d38f4a659501
858,8,2026-01-28 12:18:38.67048,89.375,18.75,7e851698-98bd-4485-8dc5-5ac2f1924171
859,8,2026-01-28 12:18:44.406903,89.3125,19,3a0b7db7-e63b-484a-b557-f11698a481dc
860,8,2026-01-28 12:18:50.140062,89.25,19,36f228b6-68cd-48f6-8150-0704c0453930
861,8,2026-01-28 12:18:55.875702,89.3125,19.25,7176a622-cc2e-4bdf-ad06-37f519d48bdf
862,8,2026-01-28 12:19:01.507865,89.375,19.25,4e0efce8-91de-441a-a0b2-2536cd6b803f
863,8,2026-01-28 12:19:07.140009,89.5,19,e0d7ad61-a61a-4676-9137-bef4dc46e4cd
864,8,2026-01-28 12:19:12.872486,89.625,18.75,1bf6e15f-ee23-43e7-8bab-9caf24f26451
865,8,2026-01-28 12:19:18.600727,89.8125,18.25,377a09d4-1a12-4ebb-915c-7b916ca151f3
866,8,2026-01-28 12:19:24.343015,89.875,19,59e6234e-cc04-41cc-8027-5e762b36deb5
867,8,2026-01-28 12:19:30.077729,89.875,18.25,43847d21-76ee-4593-a737-4d2c496310e2
868,8,2026-01-28 12:19:35.830195,90,18.75,3708af01-9a5f-4771-9145-9a9724f20ac2
869,8,2026-01-28 12:19:41.549888,90,16.75,b08de8c2-5165-4ac3-a319-5e5645b9f5fb
870,8,2026-01-28 12:19:47.220893,89.8125,17,d86e996c-a268-4dc2-b876-33947c36da4b
871,8,2026-01-28 12:19:52.853063,89.5625,17,f24c90a3-66e8-4598-895e-0646cfce87a5
872,8,2026-01-28 12:19:58.543655,89.375,17,afd6ac41-09b2-4cd1-ba81-c41e97f8504b
873,8,2026-01-28 12:20:04.279409,89.1875,16.75,5d5c0adf-bf39-457d-a8cf-77bc88550d72
874,8,2026-01-28 12:20:09.870927,89.1875,17,3ddd2778-1419-4745-83e5-baef84a83711
875,8,2026-01-28 12:20:15.542955,89.1875,16.75,0cd787f1-3dd8-466b-bd6f-dd0115e312b3
876,8,2026-01-28 12:20:21.28408,89.125,16.5,b7ae4db2-0bea-457a-9dad-cf7ef9535f78
877,8,2026-01-28 12:20:26.991604,89.0625,16.75,4b61505f-2261-45de-b342-b255da90074d
878,8,2026-01-28 12:20:32.760257,89,16.5,23c532be-c088-492a-ba48-88aa2ba43226
879,8,2026-01-28 12:20:38.353887,88.875,16.75,d3afe424-560d-4924-8b5a-8d820899cef7
880,8,2026-01-28 12:20:44.010383,88.6875,16.5,bcacb15f-b017-4989-9e65-dd36be86999e
881,8,2026-01-28 12:20:49.641512,88.5,16.25,99af7b02-5736-495a-80ed-e8881c780a52
882,8,2026-01-28 12:20:55.248925,88.4375,16.75,a8f0cdfc-94ed-49db-920b-e385e55c8e6a
883,8,2026-01-28 12:21:00.904802,88.375,16.75,3b2d8b62-c85a-4b7b-aae7-3713252134ee
884,8,2026-01-28 12:21:06.640833,88.4375,16.75,582814d7-0c3e-4961-ad86-efba3a24af68
885,8,2026-01-28 12:21:12.228828,88.5,16.75,afb72958-925d-4ccf-a882-f1028452ab26
886,8,2026-01-28 12:21:17.903646,88.4375,16.75,2a4b6a9e-f29e-4918-b2bd-c1b27bda1e67
887,8,2026-01-28 12:21:23.637904,88.25,16.5,f23116d4-54ea-48b3-b898-cb515f2a4495
888,8,2026-01-28 12:21:29.215561,88.1875,16.75,e9ec2c88-a51f-40fe-938e-6ad0af71a08e
889,8,2026-01-28 12:21:34.903077,88.0625,17,a1bc98f2-e56a-45b0-b697-5b2f6dfe5e4b
890,8,2026-01-28 12:21:40.535743,87.875,17,90d1d7d2-ca37-49f1-b652-e39b11294bed
891,8,2026-01-28 12:21:46.166193,87.75,17,15e7d00e-ca54-4ed4-aba0-ee4cdadd764c
892,8,2026-01-28 12:21:51.900929,87.6875,16.5,31694f63-0be7-43d4-8d9d-b9d6e39de909
893,8,2026-01-28 12:21:57.635076,87.5625,16.75,675d5093-2a90-4bcb-8f19-9f80f8527f9d
894,8,2026-01-28 12:22:03.370356,87.375,16.75,843d75d9-13c6-42ce-9683-407645b438dc
895,8,2026-01-28 12:22:08.951806,87.4375,16.75,611f68a2-2371-44f3-bc76-14670b80c54a
896,8,2026-01-28 12:22:14.63387,87.3125,16.75,879bc063-beda-4f76-bbb2-201145cf0436
897,8,2026-01-28 12:22:20.270202,87.3125,17,73cdaecb-e433-4075-bcf5-10d393079e8a
898,8,2026-01-28 12:22:25.966805,87.125,17,aa5c3c7a-cc79-4a0a-b451-ad1361d68306
899,8,2026-01-28 12:22:31.552005,86.9375,16.25,97dfa69b-1cab-4abe-b7ed-a6176d3e494a
900,8,2026-01-28 12:22:37.137227,86.75,16.5,b2498b10-2108-4d1d-ab4b-cf3794259bd1
901,8,2026-01-28 12:22:42.85499,86.6875,16.5,ef2beec0-be5d-44b2-aacd-9faa69a0ffc9
902,8,2026-01-28 12:22:48.537357,86.8125,16.5,4f8d1d6b-925b-4d23-a29b-a43d0822ce61
903,8,2026-01-28 12:22:54.263627,87.125,17.25,7ad676b7-311c-4175-aeda-f5e2f9329df8
904,8,2026-01-28 12:22:59.894462,87.1875,16.5,c0176b5a-f082-4955-b4e0-2e032e9b9caa
905,8,2026-01-28 12:23:05.637133,87.375,17.25,ad0d2a03-0549-45d8-b5a0-01cbbcd43373
907,8,2026-01-28 12:23:16.893755,87.5625,17,efdbd930-786a-4bc1-a9bb-f175d830a2fd
910,8,2026-01-28 12:23:33.898704,87.5,16.75,49c694af-b7ce-4f9b-bbe0-4e3e444e37d0
912,8,2026-01-28 12:23:45.261022,87.4375,17,4570a659-7522-46f8-932f-a5f4cf40f052
1387,8,2026-01-28 13:08:51.254944,88.0625,23.75,a03239cc-5cc6-4b17-a857-bb5b577cbf35
1390,8,2026-01-28 13:09:08.024292,88.5,24,b463e983-ebab-4b4e-a497-87fdd4c2a831
1392,8,2026-01-28 13:09:19.206459,88.5625,24,ca356f17-83b2-44f8-90e4-36757e92fe4c
1393,8,2026-01-28 13:09:24.792999,88.5,24.25,fc7f624f-8bc0-42e9-b9fe-7b84fe01aa0b
1395,8,2026-01-28 13:09:35.970774,88.625,24,a6683156-016f-4be0-8a64-3bd81d2f7c89
1398,8,2026-01-28 13:09:52.78508,88.75,24,02fb4a21-1ec9-4a52-963e-ca3921fa11db
1400,8,2026-01-28 13:10:04.108033,88.6875,24,7f85f2ac-1cec-431e-b9f2-f1f87ac44e57
1403,8,2026-01-28 13:10:21.151459,88.375,24.5,f1dd7a50-c208-4a25-a78c-09e78de65d8b
1405,8,2026-01-28 13:10:32.329858,88.375,24.5,712b88c3-f293-4640-80e3-ee6abde65477
1408,8,2026-01-28 13:10:49.205343,88.5,24,5c62185c-8839-4fb5-8ae2-5d1cd3471f41
1410,8,2026-01-28 13:11:00.387623,88.75,24.25,9982a103-8ad3-49b2-ab44-22c84e302870
1411,8,2026-01-28 13:11:06.06047,88.8125,24.5,71bb9137-e33a-4c51-81c5-15639903faab
1413,8,2026-01-28 13:11:17.637249,88.75,24.5,bfb5e713-48e3-430f-964b-949bdf643c8f
1415,8,2026-01-28 13:11:28.999927,88.8125,24.5,ce974610-e78c-417d-aac0-81a2aa46b689
1416,8,2026-01-28 13:11:34.592188,88.9375,24,36428426-3ca8-4595-92ca-5830b64b0b92
1418,8,2026-01-28 13:11:45.936425,89,24,ff860930-19c3-47bc-9987-d9419f2ab404
1421,8,2026-01-28 13:12:02.803296,88.4375,24.75,6fd4c3a8-1d25-401b-b281-abc9613280c4
1423,8,2026-01-28 13:12:14.023629,88.25,24.25,1f7f61e0-e5da-4a91-a810-6f9dacef3b72
1426,8,2026-01-28 13:12:30.788961,88.25,24.75,bad8035e-089a-43d2-9801-b430a4f8a113
1428,8,2026-01-28 13:12:42.011344,88.5625,24.25,a37d7084-65fa-4e5c-8f5d-56b5b1067d39
1429,8,2026-01-28 13:12:47.746532,88.625,24.5,202ea2f1-2373-4cae-b431-983429a54cbf
1431,8,2026-01-28 13:12:59.0748,88.6875,24.5,d8ee1167-5d7e-4841-a427-a98a9989670b
1433,8,2026-01-28 13:13:10.376657,88.9375,24.25,a5d85eaf-3b14-46b5-bb9c-1cf4bcfd44fa
1434,8,2026-01-28 13:13:16.009046,89.125,24.5,cb3d333c-d3bd-4f4d-a00a-7cf035ce2638
1436,8,2026-01-28 13:13:27.323654,89.1875,24.5,22fc8c20-124d-47b8-8579-2c594bb7aad1
1439,8,2026-01-28 13:13:44.274258,89.375,24.5,8bd8be06-ce59-4b0f-b537-e267bcf5221a
1441,8,2026-01-28 13:13:55.545715,89,24.25,8662b515-14e5-4643-8121-b02cea4d1fa7
1444,8,2026-01-28 13:14:12.534339,89.125,24.75,85ecfa0d-2f38-4328-be9b-8f85e670098e
1446,8,2026-01-28 13:14:23.697864,89.25,24.75,ca96ec4c-73a8-4cbe-80a8-527a0b90a6eb
1447,8,2026-01-28 13:14:29.372104,89.3125,24.75,6f190636-8f6b-4038-a0c7-ac3d96f152a6
1449,8,2026-01-28 13:14:40.554328,89.375,24.75,7f45fc10-5a6d-489c-8dd9-f7150782b221
1452,8,2026-01-28 13:14:57.310944,89.25,25,b4924e66-911f-42d1-95a2-d5ed209a9a2f
1454,8,2026-01-28 13:15:08.489466,89.25,25,b8daef20-cda3-4d80-9951-dcf6d67ea066
1455,8,2026-01-28 13:15:14.076121,89.25,24.75,3a07f61f-3b0c-4636-bbfd-c8c36d6d9417
1457,8,2026-01-28 13:15:25.341135,89.4375,24.75,26bf6ec4-71f3-4556-98a8-303fa76137f9
1458,8,2026-01-28 13:15:30.924878,89.375,24.75,d55b2603-ad2b-49ea-a6f4-80ec39d05de6
1460,8,2026-01-28 13:15:42.134868,89.3125,24.75,6ab264cf-e3c5-415e-a8e8-e39fa58012c4
1463,8,2026-01-28 13:15:58.897068,89.3125,25,c63fc29b-e3af-4704-82bd-29d48c398b0f
1465,8,2026-01-28 13:16:10.201845,89.5,25,22061ca6-0db4-4fc6-928a-263ba748ae3e
1468,8,2026-01-28 13:16:27.29479,89.375,25,02e885ef-56bd-4d33-9bd6-70fb12f3701d
1470,8,2026-01-28 13:16:38.709789,89.125,25.25,da754184-338a-4d17-89dc-a4ba924f8538
1473,8,2026-01-28 13:16:55.700453,88.875,24.5,9f821ba0-c800-4bcb-8e55-2085328a53f4
1475,8,2026-01-28 13:17:07.024609,88.875,24.75,22a28743-c107-473a-97f7-e5634bc5975b
1476,8,2026-01-28 13:17:12.763541,88.9375,25,d26dbb44-d713-4923-968a-ae750f7b7215
1478,8,2026-01-28 13:17:24.232347,89,25.25,11199205-ffc2-4ad3-8b4d-093b7046b6a6
1480,8,2026-01-28 13:17:35.597292,88.875,25.25,c644b438-19f8-4aef-b7dd-b32eaec8218c
1481,8,2026-01-28 13:17:41.277337,88.875,25.25,d3cc160a-c67f-4c3d-b1c0-20515473e3ae
1552,8,2026-01-28 13:28:10.340938,88.9375,26.25,ba4220ed-ccd7-4785-b1a1-a45cf1281114
1553,8,2026-01-28 13:28:15.92768,88.625,26.25,0c4daf32-56c8-42da-a327-55dddb5c382b
1677,8,2026-01-28 13:40:00.227586,88.9375,27.75,353e8258-b6a8-4aa5-8996-4cd37dfb9a57
1679,8,2026-01-28 13:40:11.533727,89.25,27.75,54ef3c3e-938d-495e-93fa-10a3ee3e194c
1680,8,2026-01-28 13:40:17.227841,89.375,27.75,b0182ae1-46cd-4195-9b26-7e364a842a9e
1682,8,2026-01-28 13:40:28.691557,89.5,28,870ed189-2640-4b30-8a91-3ccb2d177520
1684,8,2026-01-28 13:40:40.160118,89.8125,27.75,1f5c38d8-86e6-4e7b-b3cb-1b0a8c215867
1685,8,2026-01-28 13:40:45.833176,89.875,27.75,acaa1a06-008a-46e3-bae9-f351f801d793
1687,8,2026-01-28 13:40:57.163991,89.625,27.5,572ee5c9-95cf-4653-8c6d-1fc4eecc8a0e
1690,8,2026-01-28 13:41:14.104408,89.625,28,9153d72c-eb25-48d8-b57a-e0834ee0bd73
1692,8,2026-01-28 13:41:25.320597,89.75,27.75,74cdebea-b39e-46d6-b221-6ebb10c4c02d
1869,8,2026-01-28 13:58:12.800936,90.625,30.5,d684cc20-424c-424e-aab9-93aac898b628
1870,8,2026-01-28 13:58:18.409954,90.8125,30.25,38ed20ce-e74b-4209-9c00-73918f0a64d8
1873,8,2026-01-28 13:58:35.520437,91.125,30.5,e4d661b6-02fe-4fe5-b720-fe2d547b4e6a
1875,8,2026-01-28 13:58:46.776017,91,30.75,3ee4a9d5-a2a9-4884-85fb-9364180e5dc2
1876,8,2026-01-28 13:58:52.465665,90.9375,30.75,f7f94918-ee97-4ae5-bcff-e4c7b688f4ad
1878,8,2026-01-28 13:59:03.937758,90.5,30.75,1f4df1d9-9ef6-4cec-b006-4f98b0aac711
1880,8,2026-01-28 13:59:15.40509,90.25,30.75,a976e121-8908-4abb-a7b7-990d1ac72790
1881,8,2026-01-28 13:59:21.137139,90.375,30.5,71b050f8-3c24-49e3-88a2-3e0df238a918
1883,8,2026-01-28 13:59:32.503565,90.5,30.5,cd7e0227-71af-42b8-ab8e-64fa66c7e77c
1885,8,2026-01-28 13:59:43.719061,90.875,30.5,5f750abf-8524-4ba0-b5e2-5a35ac2eac0f
1886,8,2026-01-28 13:59:49.401018,91.1875,30.25,540d0585-8381-4989-8c5b-891e3096ab04
1887,8,2026-01-28 13:59:55.139079,91.3125,30.75,2ebad0ba-a006-447b-a61a-2abe1c91cf26
1889,8,2026-01-28 14:00:06.607193,91.25,30.75,be6f6082-467a-4142-821b-c8c151f611c7
1892,8,2026-01-28 14:00:23.650514,91.5625,31,c6be08c2-e613-4cb9-881e-650adab41b32
1894,8,2026-01-28 14:00:35.072954,91.75,30.75,41cfc493-4a54-4f23-8e98-58d8d2a6ddb0
1895,8,2026-01-28 14:00:40.702801,91.875,30.75,59fb63e0-7da6-4f09-9420-7ed7270a9f39
1897,8,2026-01-28 14:00:51.969447,91.9375,31,124ee361-f4ad-4585-a798-91bd12368917
1899,8,2026-01-28 14:01:03.172456,91.75,30.5,c44edd86-4048-4b36-834e-f5db0ccb1693
1900,8,2026-01-28 14:01:08.862917,91.6875,30.75,fe7b7664-19a3-4b57-b15a-bfc05bdb9205
1902,8,2026-01-28 14:01:20.233536,91.5625,30.75,8e65497d-184f-400d-a7de-446cd6169eff
1905,8,2026-01-28 14:01:37.334343,91.375,31,a9d28700-3883-44ef-9d75-c6a9ad6c30b1
1907,8,2026-01-28 14:01:48.80174,91.625,30.75,f53de51b-90bc-44b8-ae74-0a9bc2e23556
1910,8,2026-01-28 14:02:05.798417,91.625,30.75,4acb5e06-13e3-4192-9571-7ddead61f05c
1912,8,2026-01-28 14:02:17.064827,91.75,30.75,8132f454-d9ff-4402-9f2d-b4b78ff7d9e1
1913,8,2026-01-28 14:02:22.796851,91.9375,31.25,d6c23bcc-bf51-4faf-a2f4-0a56fa0333a8
1915,8,2026-01-28 14:02:34.104386,92.1875,31.5,bb3e4ce5-245b-4f3b-85d9-b94891d7261b
906,8,2026-01-28 12:23:11.261053,87.5625,17,f3fc936d-b35e-4408-9823-85f5d67dcb35
908,8,2026-01-28 12:23:22.525773,87.5,17,1e3d6796-fea1-4fba-8a17-a6e3c41fb20d
909,8,2026-01-28 12:23:28.162325,87.5,16.75,0ccc74fe-f4d4-4066-9d23-da73acec8bbd
911,8,2026-01-28 12:23:39.567124,87.4375,17,ff397de8-0450-432a-89ad-efa9252568f2
913,8,2026-01-28 12:23:50.999473,87.5,17.25,8af6a6b7-1c84-461d-a925-6bcb843c26dd
914,8,2026-01-28 12:23:56.727015,87.6875,17.25,da10c758-2c0d-489e-a591-db350c227127
915,8,2026-01-28 12:24:02.475863,87.8125,17,638f511d-eb01-4cb7-91fb-edc7bb1eaf26
916,8,2026-01-28 12:24:08.137043,87.75,17,bfde9f1b-ef43-404e-a3ab-c9f5f99579e5
917,8,2026-01-28 12:24:13.842618,87.6875,17.25,ed84e516-8434-42c7-8d7f-046ac3e898b1
918,8,2026-01-28 12:24:19.562476,87.4375,17.25,6fe43966-455f-4451-8191-42adcd61bd22
919,8,2026-01-28 12:24:25.29806,87.4375,17.25,930f70c0-d995-413e-95b2-c99319888f4e
920,8,2026-01-28 12:24:30.972798,87.375,17.25,142c7308-20f1-42ba-a28a-5db89413fbdf
921,8,2026-01-28 12:24:36.709867,87.3125,17,6568c33e-929d-4298-af7c-3d3d4b2fd8e8
922,8,2026-01-28 12:24:42.404785,87.3125,17.5,419dc8ff-39d4-483c-bef7-044a90853cca
923,8,2026-01-28 12:24:48.138699,87.3125,17.5,dc27102c-fdec-405d-871e-7b5d0900bec7
924,8,2026-01-28 12:24:53.874917,87.25,17.25,4edce005-d9c8-4a9f-8a55-96f1b868ba06
925,8,2026-01-28 12:24:59.602919,87.0625,17.5,453a07f9-b03c-4680-93f1-8267da408c4a
926,8,2026-01-28 12:25:05.2329,86.9375,17.75,f62c0d08-883a-4969-847b-05b91650d65d
927,8,2026-01-28 12:25:10.967902,86.9375,17.25,1420c801-6641-4c37-b053-d26d69199ee0
928,8,2026-01-28 12:25:16.705003,86.8125,17.25,dc150421-aeb5-4ae3-aa2b-e0f3e977268e
929,8,2026-01-28 12:25:22.439596,86.875,17.5,1d88da04-3001-4d4c-9338-fd472deeec2d
930,8,2026-01-28 12:25:28.177383,86.9375,17.5,e5259a0e-f7bc-452d-9ef1-544e5453bf66
931,8,2026-01-28 12:25:33.907105,87,17.5,6a4a63f0-e547-413a-96f2-5b13b0df37e8
932,8,2026-01-28 12:25:39.591788,86.9375,17.5,c1dab557-edbe-4d83-b357-8191fae845cd
933,8,2026-01-28 12:25:45.269797,86.875,17.5,f0f09d7e-799c-4f83-94f6-de5777b61c66
934,8,2026-01-28 12:25:50.911789,86.8125,17.25,04c18403-b57f-4852-afd8-6519c26943db
935,8,2026-01-28 12:25:56.541237,86.75,17.75,e8abfad1-180c-4e7b-89e5-9c69fd1b7195
936,8,2026-01-28 12:26:02.270448,86.6875,17.75,bea2aab2-762e-46ff-9a91-738d6a91144d
937,8,2026-01-28 12:26:07.949999,86.75,18,9a88654d-8a78-4326-b855-44d384758a61
938,8,2026-01-28 12:26:13.641258,86.625,17.75,cd5c9005-4fd1-44be-aaf3-d6fe9ec35bbb
939,8,2026-01-28 12:26:19.375027,86.5625,18,cb62ad18-11d0-4449-aad6-a5247220bf36
940,8,2026-01-28 12:26:25.113929,86.5,17.75,8657a3b1-14d1-4cef-b636-65e3d67b1920
941,8,2026-01-28 12:26:30.748812,86.5,17.75,5bc54e4a-6405-4397-aa5e-223bb0fa6d83
942,8,2026-01-28 12:26:36.480019,86.5,17.75,80703099-1c9c-4799-a3d5-f58246732b10
943,8,2026-01-28 12:26:42.071344,86.5625,18,d6bb365f-d805-47d2-a1d6-00394dc1108e
944,8,2026-01-28 12:26:47.869997,86.5,17.75,e72e9d02-41cc-4cfa-8965-f35e4e7c23c3
945,8,2026-01-28 12:26:53.78281,86.375,18,647f0e8e-d476-4b0f-aa54-67cf06e5e4a1
946,8,2026-01-28 12:26:59.411639,86.25,18.25,dfacdeef-43bd-4566-9445-e883586fdb51
947,8,2026-01-28 12:27:05.082592,86.25,18,3e37d147-cddf-4e34-8c0b-63db2eb418c5
948,8,2026-01-28 12:27:10.777991,86.25,17.5,975e856e-d5a3-44d3-9a46-c22aa863a23a
949,8,2026-01-28 12:27:16.449005,86.1875,18.25,5d6fdf1c-0b6d-4ad6-ba52-d9b9501cebde
950,8,2026-01-28 12:27:22.147729,86.25,17.75,6708d56b-f481-4d67-b602-b08a1169837c
951,8,2026-01-28 12:27:27.732276,86.375,17.75,fb89a000-49a1-4702-91b2-04fc01c32b79
952,8,2026-01-28 12:27:33.409581,86.5,17.75,a642a239-3631-479c-b2a9-a7eee803343d
953,8,2026-01-28 12:27:39.082181,86.5625,18,9474e778-fcd2-4d81-a7de-eeb5bb248889
954,8,2026-01-28 12:27:44.775341,86.5625,17.75,6d024aab-2767-4d14-afa0-25230585ed79
955,8,2026-01-28 12:27:50.452802,86.5,17.75,5cb7a838-38f8-4aa1-b905-5ed2743bd27d
956,8,2026-01-28 12:27:56.152603,86.5,17.5,21a6a933-f8e9-473c-a6a6-72510c37f5fd
957,8,2026-01-28 12:28:01.881676,86.3125,18.25,2dd86174-18b2-43ec-8911-f4474b3b3e42
958,8,2026-01-28 12:28:07.614257,86.1875,17.75,57ba9b79-dde9-4b7a-826a-b73475c2ba23
959,8,2026-01-28 12:28:13.344735,86.25,17.75,19b71a78-e2b2-4214-a580-d13c5219d98f
960,8,2026-01-28 12:28:19.079278,86.375,17.75,1b3bb78b-7edb-47b8-9b7b-ca8bf4d6b0eb
961,8,2026-01-28 12:28:24.813307,86.5,18,916fd2bc-ca3a-4676-a3a5-16931817c5a6
962,8,2026-01-28 12:28:30.550256,86.625,18,209de651-51c1-49ec-a280-54b81e5bfba5
963,8,2026-01-28 12:28:36.144252,86.5625,18.25,c567096b-8f06-4a42-b17a-3dbffaee22e1
964,8,2026-01-28 12:28:41.749256,86.5625,17.75,b6514be8-0197-474b-9c34-92818902da81
965,8,2026-01-28 12:28:47.396644,86.5625,18.25,9f7da841-70f0-4f80-bec6-e58f488803f6
966,8,2026-01-28 12:28:53.076187,86.5,18.25,5646ab8d-5f52-4df6-8ac4-d13594bc76ea
967,8,2026-01-28 12:28:58.814738,86.5,18.25,695570b1-c3e2-417c-b8cf-1c67efb5808a
968,8,2026-01-28 12:29:04.544301,86.5625,18,3ab01182-91ea-467e-94d5-caf3417b581a
969,8,2026-01-28 12:29:10.180776,86.5,17.75,cf7364d6-89f2-4ebd-8901-70b72d76e9d2
970,8,2026-01-28 12:29:15.918058,86.5625,18.25,761f9ab3-13ec-4caa-b8c3-2ea82ed78755
971,8,2026-01-28 12:29:21.649368,86.5625,18.25,fb917792-26f3-46e3-bb56-39b2409047ef
972,8,2026-01-28 12:29:27.382062,86.5625,18.25,4795a941-63bf-4fe6-9523-a635878e88fd
973,8,2026-01-28 12:29:33.059151,86.5625,18.25,33c69977-2ed0-4fab-aa79-4845c2536a81
974,8,2026-01-28 12:29:38.746429,86.4375,18.5,f3d164ce-796c-4b50-9980-84ddedccf688
975,8,2026-01-28 12:29:44.496402,86.3125,18,e0b9b145-b580-472b-a549-90e408a53fca
976,8,2026-01-28 12:29:50.222175,86.125,18.5,c811d56a-35ab-4de9-afcb-4c2e209aedce
977,8,2026-01-28 12:29:55.850697,86,18.25,9c80c46e-cd13-4cd3-a93b-30f4f7db7edc
978,8,2026-01-28 12:30:01.584109,85.9375,18.5,2db75c41-c8c2-4684-a4f8-a0f1f007e8f3
979,8,2026-01-28 12:30:07.324827,85.875,18.25,c208ddd4-c162-4b5c-842e-278048f8f18c
980,8,2026-01-28 12:30:13.05576,85.9375,18.5,f7502a19-eb10-41be-bd7f-b4a3730e738a
981,8,2026-01-28 12:30:18.708276,85.9375,18.5,7f51361d-39c3-4858-86fd-4b7ca8a1498d
982,8,2026-01-28 12:30:24.313764,85.875,18.25,9bffc2e8-12f0-4e11-91f6-bfbd37b54e46
983,8,2026-01-28 12:30:30.053133,85.875,18.5,f52a13fd-2264-4f65-8ffa-3180b0ccb621
984,8,2026-01-28 12:30:35.787553,85.9375,18.75,1145ff41-26c3-4e5d-9f05-1ee1d08e8b18
985,8,2026-01-28 12:30:41.524357,86.0625,18.5,c77acdbc-514c-4aef-b26a-7738a6555bab
986,8,2026-01-28 12:30:47.108905,86.125,18.5,d0b151b8-2f11-47d9-890c-b8d390e00e42
987,8,2026-01-28 12:30:52.723075,86.1875,18.5,11ccf91b-687c-446f-ab32-a0dc3df0de7d
988,8,2026-01-28 12:30:58.3551,86.25,18.25,4a3bb66c-75c5-4891-9133-b9a2c07be0c4
989,8,2026-01-28 12:31:04.047485,86.375,18.25,a2e3cc17-666a-4d6c-ba25-595693c93d3c
990,8,2026-01-28 12:31:09.780701,86.5,18.25,27945782-0dbb-48a9-af87-1ee1aee967e3
991,8,2026-01-28 12:31:15.51758,86.625,18.75,7ec038aa-4e71-473a-b1e3-130981c9c1a7
992,8,2026-01-28 12:31:21.249986,86.8125,18.75,6925ddc9-69e3-4cc9-9a36-5f300b9fa03f
993,8,2026-01-28 12:31:26.986133,87,18.75,d2cdbe5e-a049-4633-8e96-8a90f2d59608
994,8,2026-01-28 12:31:32.717105,86.9375,18.75,a0e3302c-2b4a-4a27-bdde-8122838ad579
995,8,2026-01-28 12:31:38.45275,86.9375,18.25,839be7aa-8794-4105-8d9f-647981a59a5b
996,8,2026-01-28 12:31:44.13992,86.8125,19,386c3e41-7362-4f1f-b92f-261fc1b32cfe
997,8,2026-01-28 12:31:49.818804,86.625,18.5,a8391870-21c3-4a11-9500-850f1333fff8
998,8,2026-01-28 12:31:55.495059,86.5,19,e71f27c2-63df-442f-8ad2-7813c2517884
1000,8,2026-01-28 12:32:06.920423,86.3125,18.75,67785779-42ef-4500-846d-da687c433afa
1002,8,2026-01-28 12:32:18.289766,86.1875,18.25,41e9f0b4-d922-46c3-b949-dc18572344ac
1003,8,2026-01-28 12:32:23.971233,86.125,18.75,55d4cb6e-384c-446f-95fa-058e8932c9c6
1005,8,2026-01-28 12:32:35.331038,86.1875,19,d6c80ba5-aee5-4427-9007-b2b8621b3761
1007,8,2026-01-28 12:32:46.693858,86.3125,18.5,2f281398-5094-48d2-b708-31abb8a64ac0
1008,8,2026-01-28 12:32:52.400205,86.5625,19,802b2743-bd03-4e88-a8c8-eab72c999036
1010,8,2026-01-28 12:33:03.753739,86.5625,19,e340ef25-a59b-4312-bf4e-0bb6325f2de4
1013,8,2026-01-28 12:33:20.955276,86.8125,19,0fa2cbdf-9f34-4949-b6f3-4f2025e338db
1015,8,2026-01-28 12:33:32.329863,86.8125,19,747481ba-1ab0-4ec0-b9f1-10b7b543e180
1018,8,2026-01-28 12:33:49.528294,87.25,18.75,312b8c7f-31b3-4695-92f5-395516e31ff1
1442,8,2026-01-28 13:14:01.166932,88.875,24.75,10797103-ed66-4b46-b1c2-478306a427b0
1443,8,2026-01-28 13:14:06.902734,89.0625,24.75,cd9ceccc-e421-4f6e-bb9b-23c71551cc51
1445,8,2026-01-28 13:14:18.117992,89.0625,24.75,2188fc94-8c58-4b97-818b-b1aea8921a87
1448,8,2026-01-28 13:14:34.963534,89.4375,25,e53a37fd-73c5-4c97-9878-1e5ea261ca4a
1450,8,2026-01-28 13:14:46.145425,89.25,24.5,28f125b0-8d32-4099-b89d-1ab5928b44ad
1451,8,2026-01-28 13:14:51.730704,89.25,24.75,777c3787-288c-42ce-8e0a-2b8b97868888
1453,8,2026-01-28 13:15:02.904443,89.25,24.75,a959e8e1-941a-419e-8852-0f64a08e3b70
1456,8,2026-01-28 13:15:19.658503,89.25,24.75,370c062f-aa52-45f8-95c3-d3289165fa84
1459,8,2026-01-28 13:15:36.546825,89.3125,24.75,2a2c6026-1ad3-4fd4-9769-c9c4c91bda4a
1461,8,2026-01-28 13:15:47.711892,89.1875,25,8711b9bc-b8ae-4872-bcc7-894930efc2a1
1462,8,2026-01-28 13:15:53.301038,89.25,25,161545e5-878e-4a0d-89f5-65db87382013
1464,8,2026-01-28 13:16:04.527632,89.4375,24.75,1f2c5226-7a19-4191-bd1d-0256eacd5272
1466,8,2026-01-28 13:16:15.874814,89.375,25,8fc9bdaa-3205-4c0e-a904-7c138700902e
1467,8,2026-01-28 13:16:21.560891,89.375,25,01acfbb7-9ca3-49af-a8e6-30cc527f03d8
1469,8,2026-01-28 13:16:33.031976,89.25,25,89ae6833-0be5-4976-8f99-63e2c8b5d1a6
1471,8,2026-01-28 13:16:44.332578,89,25,3693e42f-eb69-46cd-ac1a-edc3216b821e
1472,8,2026-01-28 13:16:50.026769,88.9375,24.75,d8be28a2-4931-4eaa-b9bc-df17f6d95862
1474,8,2026-01-28 13:17:01.341338,88.875,24.5,0847d9aa-b9cb-4150-8c9d-81225f6bf14c
1477,8,2026-01-28 13:17:18.499536,89,25.25,55d54853-08b5-4428-a6a7-2874e3cfcc73
1479,8,2026-01-28 13:17:29.861579,88.9375,25,03c69f91-3f2d-4511-ad1b-fefe30c210af
1482,8,2026-01-28 13:17:46.963381,88.9375,25,9e97fb85-49fd-483a-9922-06207a7feea0
1483,8,2026-01-28 13:17:52.696114,88.9375,24.75,ab9e4bde-d9b2-457a-bff2-ac23fde114a3
1485,8,2026-01-28 13:18:04.064323,88.8125,25,82982314-2359-4951-91dc-d0e23f7e9cfd
1486,8,2026-01-28 13:18:09.798967,88.8125,25.25,257b2621-4d08-42cd-a980-34ebc2f3dd68
1488,8,2026-01-28 13:18:21.061896,89,25.25,ca164ea3-8133-4a36-be23-37b3d7489ae4
1490,8,2026-01-28 13:18:32.408617,89.0625,24.75,ae33f2c5-777d-4bfa-86d3-440828b673cd
1491,8,2026-01-28 13:18:38.112438,89.25,25.25,34729325-98fe-4bd6-adc0-17277bae8a66
1493,8,2026-01-28 13:18:49.528724,89.375,25.25,cce45be5-7197-4acf-bfca-b311323f1fc6
1554,8,2026-01-28 13:28:21.64643,88.4375,26.25,35318c46-d506-4621-a584-71db566c4ccd
1555,8,2026-01-28 13:28:27.274954,88.3125,26.5,a2403320-caa6-4b7c-9140-1c5afa59c8c2
1556,8,2026-01-28 13:28:33.013006,88.25,26.5,965c35b0-142e-4c6e-a78b-9303eea8e975
1558,8,2026-01-28 13:28:44.3367,88.4375,26.5,cb32681f-9995-4816-bc1f-aff6176f08a8
1559,8,2026-01-28 13:28:50.00825,88.5625,26.25,3515feb4-affb-4102-b98e-8fe066e55a62
1561,8,2026-01-28 13:29:01.476788,88.625,26.5,5e27ab80-97ee-4729-afb4-2e969f8093a2
1563,8,2026-01-28 13:29:12.843873,88.8125,26,722acb45-ebdc-48cd-93a6-38d1ebd37fd7
1564,8,2026-01-28 13:29:18.440472,88.6875,26.25,13669138-1018-4444-89f1-ccd111c7d2be
1693,8,2026-01-28 13:41:30.95741,89.625,28,22c630ed-d519-4af1-8a11-a940de1902f2
1694,8,2026-01-28 13:41:36.542523,89.625,27.75,f70dd217-e03a-4fea-b0de-68ad1e145ce0
1695,8,2026-01-28 13:41:42.217909,89.625,28,50902f8a-bc74-4866-81a8-4cbe24607b26
1697,8,2026-01-28 13:41:53.414199,89.6875,27.5,cbfa92f0-0d9e-456a-a60e-52e11100a5d2
1700,8,2026-01-28 13:42:10.474941,89.6875,27.75,295650ea-611d-4b77-895b-1566be396c1e
1702,8,2026-01-28 13:42:21.73874,89.75,28.25,0fc43a82-3448-45d8-82e2-61a6f7916491
1703,8,2026-01-28 13:42:27.474725,89.75,28.25,9700f6be-3872-4c15-8e0f-5be100168637
1705,8,2026-01-28 13:42:38.746362,89.875,28.25,061a7e39-04b2-4604-89ce-335400fd2ffc
1707,8,2026-01-28 13:42:49.975044,89.9375,27.75,2b0776b2-7865-4fa7-9f78-214c94066e2e
1708,8,2026-01-28 13:42:55.852001,89.75,27.75,2f93ebe2-f5d0-4ffb-a7ea-937bf6facbd5
1710,8,2026-01-28 13:43:07.720095,89.25,27.75,9a4a8704-7fb2-4f01-ba67-849c95519f7b
1712,8,2026-01-28 13:43:19.030454,88.9375,28.5,b27dac72-fbc7-46f1-a6d2-426ca298014d
1713,8,2026-01-28 13:43:24.719388,89,28.75,c7cd60fe-27fc-4be2-9df7-dd2c3588a7c0
1871,8,2026-01-28 13:58:24.100892,91,30.5,3d3e15d8-7738-4c44-92d9-3ccc822ab8e4
1872,8,2026-01-28 13:58:29.838361,91.125,30.75,68633628-76a8-4765-81dd-e87d88130695
1874,8,2026-01-28 13:58:41.141514,91.0625,30.25,e308af30-2927-47b7-8313-f9228a92f039
1877,8,2026-01-28 13:58:58.209406,90.75,30.75,0966911a-8bf5-4ab2-beb6-072eae39b257
1879,8,2026-01-28 13:59:09.668827,90.375,30.5,3dd27510-0766-4efa-8d5a-1c44586ed5a6
1882,8,2026-01-28 13:59:26.881858,90.4375,30.5,e8b40d75-c9dc-432d-9668-feba084bf2d8
1884,8,2026-01-28 13:59:38.102155,90.75,30.5,0bc14954-1129-4c0f-9b4f-3857014b273c
1969,8,2026-01-28 14:07:41.672745,91.4375,31.75,01e7cc57-67e2-4609-8fe7-4704c34f47d9
1972,8,2026-01-28 14:07:58.65024,91.3125,32.25,39612f4d-86c9-47f2-9b66-e5df149910b2
2013,8,2026-01-28 14:11:51.307263,94,32.5,3b7d88a8-a4a6-4701-99aa-ce04738b9f61
2016,8,2026-01-28 14:12:08.225202,94.0625,32.25,802794f9-420c-41c9-943b-0dd52abc0187
2017,8,2026-01-28 14:12:13.960649,94.25,32.25,0555e924-2871-4786-8cb4-1a65806d2795
2020,8,2026-01-28 14:12:31.159687,94.9375,32.5,fa8d6905-40c8-490d-bb57-9ed45b8080fc
2022,8,2026-01-28 14:12:42.574116,94.9375,32.5,7d5e40b3-3593-4e8d-915a-353c2c9e6e0c
2025,8,2026-01-28 14:12:59.537367,95.25,32.5,bd4ca9ea-9d9e-48e5-98f2-392e80b1cb4a
2027,8,2026-01-28 14:13:10.788349,95.5625,32.25,71d0adb8-9268-4a2b-89f9-eed5bed31471
2030,8,2026-01-28 14:13:27.630885,95.9375,32,b8429897-ace9-4166-a385-fdc8d87e177c
2032,8,2026-01-28 14:13:39.052993,96.0625,32.5,a7ff677f-e0ad-4360-856d-32b62180747b
2033,8,2026-01-28 14:13:44.68735,96.125,32.75,a2bce7ec-94d5-4caf-9db0-7f62305da339
2035,8,2026-01-28 14:13:56.158018,96.125,32.75,5c502a6e-9004-4b8a-ade2-5534ef205c71
2038,8,2026-01-28 14:14:13.122008,96.125,32.5,1478f203-7efe-4f6c-a884-2d3cde9771ea
2040,8,2026-01-28 14:14:24.51969,95.875,32.75,62cc002f-c1e2-4541-a343-629d7af01242
2043,8,2026-01-28 14:14:41.415524,94.8125,33,071496d4-2593-409b-96ec-dcb4176eef30
2045,8,2026-01-28 14:14:52.684591,94.5,32.75,a6d53800-91fe-4d99-b6d8-04a3210844d2
2046,8,2026-01-28 14:14:58.426741,94.4375,32.75,aa2c5eba-8290-4fae-a548-7a0c668f5887
2083,8,2026-01-28 14:18:31.405567,92.625,33.5,99fbde3e-f97e-441d-b23d-5715d3c0f1ab
2084,8,2026-01-28 14:18:37.141819,92.6875,33.5,b6dadc3d-7a0c-4f75-b510-117262f34de6
999,8,2026-01-28 12:32:01.186182,86.3125,19,1a28fe44-9623-4e1f-b283-99ee6fc0a129
1001,8,2026-01-28 12:32:12.615521,86.3125,18.5,6b4a0201-ebd0-4d97-aab8-908b9e74a43f
1004,8,2026-01-28 12:32:29.653431,86.1875,19,715ecc28-edf4-4082-a640-e73139c5ee7f
1006,8,2026-01-28 12:32:41.019987,86.25,19,35ac2089-614a-4438-969c-c2b1aec2f36b
1009,8,2026-01-28 12:32:58.080287,86.5,19,1b2745ac-bd4b-4c43-9550-c0b735115af2
1011,8,2026-01-28 12:33:09.486173,86.6875,18.75,1f644077-1e66-4d98-a2dd-223c8aa87b57
1012,8,2026-01-28 12:33:15.228815,86.8125,19,db04c881-1a80-48a9-9100-aede41d2284a
1014,8,2026-01-28 12:33:26.693412,86.875,19,63073eb9-3298-4e9e-882d-1de770701139
1016,8,2026-01-28 12:33:38.058694,86.875,19,6313fdb3-13b9-450b-8ad7-3a15e40ea37e
1017,8,2026-01-28 12:33:43.792321,87.125,18.75,08750f92-309e-4306-a60a-5e8583d9f20a
1019,8,2026-01-28 12:33:55.260078,87.6875,19,2d51b95f-a94c-450f-bd7f-23c100a0ff57
1020,8,2026-01-28 12:34:00.995144,87.8125,19.25,6f84aa1a-2a2d-4979-8662-28d2255fdc0f
1021,8,2026-01-28 12:34:06.635019,87.8125,18.75,106320ea-9ae3-47dd-9b79-91a510995389
1022,8,2026-01-28 12:34:12.36129,87.75,19,b9a8fdd9-75fc-404c-925b-9d807378869a
1023,8,2026-01-28 12:34:17.995264,87.625,19,1e8d34f1-03b1-45c6-b24b-890aa1c6d54a
1024,8,2026-01-28 12:34:23.727234,87.5625,18.5,58a24331-7397-4fae-b9f8-69149ab14729
1025,8,2026-01-28 12:34:29.406122,87.5625,19.25,fa71cdd6-1335-4a82-876f-bba2f5caba65
1026,8,2026-01-28 12:34:35.093356,87.4375,19,df0645e3-79ee-4f9a-84a7-a51d87d92596
1027,8,2026-01-28 12:34:40.827944,87.3125,18.75,ab574bc0-5ccb-4d11-8211-968f20323d35
1028,8,2026-01-28 12:34:46.503439,87.25,19.25,5dfc21ab-e843-4a20-b6a7-befb670e8fb5
1029,8,2026-01-28 12:34:52.194827,87.125,19.25,c2993da3-6851-4450-8a28-dbf0948a99d3
1030,8,2026-01-28 12:34:57.929138,87.125,19,1050556c-64f7-4535-b9ac-1f4115a501ff
1031,8,2026-01-28 12:35:03.563901,87.25,19.5,e8a5ce65-8456-46c8-b6dc-5cf8d1e5e85b
1032,8,2026-01-28 12:35:09.29566,87.25,19.5,dff5b7b5-0ecf-4bff-bc4f-4620d6bf8e26
1033,8,2026-01-28 12:35:15.030367,87.3125,19.25,119d8e34-9c37-4844-a880-bf8840775d60
1034,8,2026-01-28 12:35:20.766996,87.3125,19.25,61442d5b-187e-40da-ad78-61e7fe08fc0e
1035,8,2026-01-28 12:35:26.498551,87.5,19.5,8fcc4d9f-86e1-4379-8a05-ded4dbe07e54
1036,8,2026-01-28 12:35:32.233712,87.5625,19.25,142290ad-e259-4a7d-89be-4ae46ae1dc3f
1037,8,2026-01-28 12:35:37.959871,87.625,19.25,4e3bb0a8-1dd9-40ec-b1ae-dcca4874584f
1038,8,2026-01-28 12:35:43.701745,87.6875,19.5,ca8abe77-c515-4ea4-a35b-3c92a90c4e1c
1039,8,2026-01-28 12:35:49.334358,87.6875,19.5,bb817b5b-3748-4f26-b8d6-aade1d278c7d
1040,8,2026-01-28 12:35:55.074084,87.6875,19.5,e29d6a03-0ac5-4227-9416-6a4d4e9ad5ab
1041,8,2026-01-28 12:36:00.700875,87.625,19.5,ea5f1da4-2787-4cae-84fb-44d78dd26b3b
1042,8,2026-01-28 12:36:06.435128,87.6875,19.5,b4ad73e8-77ea-41e7-b247-83650c0a612f
1043,8,2026-01-28 12:36:12.111904,87.6875,19,2c4d48bc-0b05-4f0d-bc47-fea80edeebff
1044,8,2026-01-28 12:36:17.753089,87.5625,19,3de0f60b-0a39-4997-a82a-c67c91f80d0e
1045,8,2026-01-28 12:36:23.436852,87.4375,19.5,ad11f294-1735-46b1-81f0-91af8ee8edd4
1046,8,2026-01-28 12:36:29.175237,87.3125,19.75,fe6e29e1-69f4-4c29-a3fe-976c841c0776
1047,8,2026-01-28 12:36:34.902659,87.1875,19.5,49e7472f-00ee-44b9-bd29-e6c50bd9e2a1
1048,8,2026-01-28 12:36:40.536819,87.125,19.25,5e7640bc-9e6c-4f6a-91ce-e677005d0134
1049,8,2026-01-28 12:36:46.27305,87.125,19.5,0e6cc8dd-7da2-492c-9f53-c74492ca6705
1050,8,2026-01-28 12:36:51.867052,87.0625,18.75,665ceab1-11af-40dd-8ebe-d770956591d5
1051,8,2026-01-28 12:36:57.533067,87,19.5,35f5872e-92bd-41cc-a4af-bc8796adaa7c
1052,8,2026-01-28 12:37:03.169405,87,19.75,d31f6f9a-e401-4453-bbb1-1500fce2dab2
1053,8,2026-01-28 12:37:08.901412,86.875,19.75,ca15d088-4416-4f33-8995-494a3f9a0a68
1054,8,2026-01-28 12:37:14.572709,87,19.5,98d21d2e-ac38-49a9-855f-502b56da9172
1055,8,2026-01-28 12:37:20.272084,86.9375,19,6edb555a-e518-4b81-b506-d5014c161fa9
1056,8,2026-01-28 12:37:26.000249,86.9375,19.75,4175282d-7c27-42c5-8713-3ab102db4939
1057,8,2026-01-28 12:37:31.734943,87.125,19.75,54bb37f6-55c3-4bf8-ae6f-51a6d82c211b
1058,8,2026-01-28 12:37:37.368627,87.0625,19.5,e52a0989-4abd-421d-9d36-494c0b424c40
1059,8,2026-01-28 12:37:42.998902,87.1875,19.5,c995fc83-efe9-4f1e-97cb-6d9ad1a70822
1060,8,2026-01-28 12:37:48.710549,87.1875,19.75,006f6555-7c8d-4faa-8f3c-1e3c08cacde0
1061,8,2026-01-28 12:37:54.471346,87.125,19.5,893bfcc9-e64a-41a8-a0a1-e14584d3408f
1062,8,2026-01-28 12:38:00.202049,87.0625,19.75,bdbb9b0b-07f5-4768-8a09-cd19ac980582
1063,8,2026-01-28 12:38:05.939267,87.125,20,838365c7-bfb0-458f-89a7-3c03a74ea461
1064,8,2026-01-28 12:38:11.570234,87.5625,19.5,e1b9ad60-4041-4820-b936-dd05f0e5408a
1065,8,2026-01-28 12:38:17.30324,87.875,19.25,42712572-2762-4177-b413-faa210602479
1066,8,2026-01-28 12:38:23.045786,88.0625,19.25,2f5bdbad-35c9-45ef-bd63-9fc4c982f280
1067,8,2026-01-28 12:38:28.772704,88,20,b7f32f0f-c403-4e39-9c44-6db16e5409cf
1068,8,2026-01-28 12:38:34.509027,87.875,19.5,99621131-f33c-45dd-9db0-ef70c91abd60
1069,8,2026-01-28 12:38:40.140582,87.75,19.75,c4dfba87-8e2d-4993-b84f-792d61311c71
1070,8,2026-01-28 12:38:45.770927,87.625,19.5,0f0437bd-13c5-43c5-b80a-c7a98b20bdc2
1071,8,2026-01-28 12:38:51.508839,87.5625,20,b668a3ee-9b78-48a5-9a0c-3909faf54f9a
1072,8,2026-01-28 12:38:57.17904,87.5,20,78d25527-4295-4dfb-9514-f85fd0e1fee7
1073,8,2026-01-28 12:39:02.87155,87.5625,20,00e65fd4-4888-4ea7-bf9c-03e05ce72ef6
1074,8,2026-01-28 12:39:08.624006,87.5,19.25,133d5539-31bf-44aa-9c8b-b5517554d45d
1075,8,2026-01-28 12:39:14.281022,87.5,20,d90931f0-c5ae-48a9-ba1f-4e6c0b2d8c39
1076,8,2026-01-28 12:39:19.974782,87.5,20,ae571d50-332d-4d56-9969-e96fd924a86f
1077,8,2026-01-28 12:39:25.604447,87.4375,19.75,1b995a89-8516-4597-84e9-aa12ae2833fd
1078,8,2026-01-28 12:39:31.202166,87.375,19,eba90e44-f742-42cd-b838-bf8bbe294404
1079,8,2026-01-28 12:39:36.970622,87.375,20,8ec287c6-0c32-4e21-b417-b0f7b9495970
1080,8,2026-01-28 12:39:42.705471,87.375,20,3e3d255f-b97c-4aee-b79d-241cd8689c19
1081,8,2026-01-28 12:39:48.286103,87.375,20,7905e4ba-d27c-4b8b-a8db-bc937003354a
1082,8,2026-01-28 12:39:53.968772,87.5625,19.75,0616a54b-2eb6-4461-afb4-6cc95be02d69
1083,8,2026-01-28 12:39:59.705652,87.5625,20,36858432-ed69-40e6-8dbb-ddb43cd89e9d
1084,8,2026-01-28 12:40:05.439348,87.625,19.5,eeaefc06-d964-45fd-a217-fc80cb72250f
1085,8,2026-01-28 12:40:11.176038,87.75,20,b355871a-0a9c-447d-92ee-660a1b6e2687
1086,8,2026-01-28 12:40:16.845359,88.1875,20,8e48be52-22df-458e-8966-2fbacc552563
1087,8,2026-01-28 12:40:22.543741,88.5625,19.75,e77e536b-1ae7-49ae-ad1d-fdddbb977e25
1088,8,2026-01-28 12:40:28.279322,88.8125,20.25,91f680ae-a00f-4afd-839e-883113e606a9
1089,8,2026-01-28 12:40:33.953056,89.25,20.25,d34dea72-cf88-467c-bc0d-622f59ad8c93
1090,8,2026-01-28 12:40:39.57987,89.5625,19.5,9c30be7c-fcb8-4ad0-b704-53f1b7b61e20
1091,8,2026-01-28 12:40:45.273924,89.5,20,c89e9fc8-9257-4ead-b419-ef71133733c5
1092,8,2026-01-28 12:40:51.00638,89.5625,20.25,8ee55660-94b0-4920-92ed-e226db1c6c18
1093,8,2026-01-28 12:40:56.742722,89.5625,20.25,07e5cf82-4b02-4622-80b5-28aced9621ad
1094,8,2026-01-28 12:41:02.373961,89.5,20.25,58f856a6-9829-42d3-9d36-4844698f9579
1095,8,2026-01-28 12:41:08.116593,89.1875,20.25,1766cf6d-99be-4ea1-ac5e-cb2a97d1070e
1096,8,2026-01-28 12:41:13.843531,89.125,20,dae6b5f2-62e2-45c6-bbe9-e506120ed5fb
1097,8,2026-01-28 12:41:19.580393,89,20.5,8c967b9e-8b90-4824-bc97-9cd3efc426fa
1099,8,2026-01-28 12:41:30.944552,88.8125,20.25,4e200d92-2b8b-4da2-8d3a-0951e0d49aa0
1100,8,2026-01-28 12:41:36.678922,88.6875,20.5,b58dd627-3de2-40f9-9bce-c39239444112
1102,8,2026-01-28 12:41:48.09609,88.5,20.5,749c5d3b-6641-486d-86e9-74ac9717d30a
1484,8,2026-01-28 13:17:58.372486,89,24.75,ffe697ce-6389-4a44-9e83-f07182f150dd
1487,8,2026-01-28 13:18:15.430629,88.875,24.75,84f780a7-a0b8-44d7-9ae5-4203b93a2c87
1489,8,2026-01-28 13:18:26.695057,89.0625,25,f6e7b937-1fae-4288-ab1c-b3ed91a2b3bc
1492,8,2026-01-28 13:18:43.803272,89.375,25.25,346d5a52-a166-48af-9502-caa1f3afa461
1494,8,2026-01-28 13:18:55.263015,89.3125,25.25,3da1205b-9260-47c9-92eb-023b24937bde
1495,8,2026-01-28 13:19:00.998535,89.3125,24.75,5d93016f-b2b5-4060-b464-516d3f685b31
1496,8,2026-01-28 13:19:06.672858,89.25,25.25,5061cf00-20f0-46e9-bd6d-2cbbd45455a4
1498,8,2026-01-28 13:19:17.99617,89.1875,25.75,99915c36-1bef-4133-adaf-4c2b894c2b79
1501,8,2026-01-28 13:19:35.199593,89.3125,25.25,2b9f3670-0f2c-46c1-ab69-b968522b9442
1503,8,2026-01-28 13:19:46.667852,89.5,25.5,32e9dbfe-f9f4-405c-994b-ab26c60770ee
1506,8,2026-01-28 13:20:03.874315,89.6875,25.25,648e0dbc-15ec-4345-8368-b4c55a092889
1508,8,2026-01-28 13:20:15.239492,89.6875,25.5,b206e8f9-7011-4a21-bd4a-12afc219facb
1509,8,2026-01-28 13:20:20.97462,89.6875,25.5,be395c7d-78e1-48c5-9416-970908bc570c
1511,8,2026-01-28 13:20:32.39093,89.625,25.25,ab2125a5-c3ea-493c-931d-67856b14e2eb
1557,8,2026-01-28 13:28:38.641539,88.3125,26.25,23669dd7-d104-4d76-8cfc-680b8404b7f1
1560,8,2026-01-28 13:28:55.74169,88.5625,26.25,d7e3c15d-c95f-4b7d-b8a3-e2f0e97c3768
1562,8,2026-01-28 13:29:07.212537,88.75,25.75,bb504d4b-9b8b-4d0f-9248-c29b6a65d5d0
1565,8,2026-01-28 13:29:24.058809,88.6875,26.5,09fa0153-f2e8-48c1-bc2e-7e13c0a8c6b9
1566,8,2026-01-28 13:29:29.743591,88.6875,26.25,4591dac9-7d07-43bb-8c10-b64aed950fae
1567,8,2026-01-28 13:29:35.473748,88.6875,26.5,4a9c71e8-6419-4887-9c10-3dc1adbcf97c
1568,8,2026-01-28 13:29:41.208685,88.5625,26.5,ea0852e9-d0e4-47b8-bb6d-6187ef50db19
1570,8,2026-01-28 13:29:52.578306,88.375,26.25,e84eac75-f6c1-43bb-a734-df61936b6be8
1571,8,2026-01-28 13:29:58.315387,88.5,26,e444d2a0-02b7-43db-b01d-786d870f9574
1572,8,2026-01-28 13:30:03.917404,88.4375,26,276e21df-3ec3-4aa2-8475-6060722d46b0
1574,8,2026-01-28 13:30:15.152757,88.0625,26.5,dce67ddd-8115-435e-b4f3-fdefb0b15422
1576,8,2026-01-28 13:30:26.471262,88,26.5,7f68302c-4b07-40d7-a29a-9f054b3efa16
1577,8,2026-01-28 13:30:32.204346,88.0625,26.25,ca29a8b9-3d88-4dd9-8f1f-902e28d0e554
1579,8,2026-01-28 13:30:43.520535,87.875,26.5,e90ad9f2-6da8-4d93-b833-57ea7e03c789
1582,8,2026-01-28 13:31:00.467888,87.5625,26.5,c8327f2e-9bd4-4b6a-aa2f-75cf03f618ff
1584,8,2026-01-28 13:31:11.730597,87.3125,26.5,5fba0802-325c-4773-b587-2dffabd8c5f9
1587,8,2026-01-28 13:31:28.809695,87.4375,26.75,84ec4633-de87-475f-b67d-c5b82f5cd3d2
1696,8,2026-01-28 13:41:47.793257,89.6875,28,00f12cdf-7848-4ee9-86f5-0b57abc91bcd
1698,8,2026-01-28 13:41:59.110674,89.8125,27.25,89bc3e0d-c90a-438f-a976-323a28febe30
1699,8,2026-01-28 13:42:04.796788,89.75,28.25,7ac91fbb-5bcc-4845-88ca-7033b93183a7
1701,8,2026-01-28 13:42:16.107887,89.75,28,7a226498-6e93-4c70-8ebb-3023fa22ee9f
1704,8,2026-01-28 13:42:33.147502,89.8125,28,9fbe859d-327b-4c0c-be70-12ab8640a214
1706,8,2026-01-28 13:42:44.380776,89.9375,28,dde9e9f5-8e03-4f26-8912-fcf4967725ce
1709,8,2026-01-28 13:43:01.989532,89.5,28,745f2c8e-dbc0-470e-9bd2-78efe8d79c92
1711,8,2026-01-28 13:43:13.403094,89.0625,28.25,2e82045d-0017-4f37-ae1b-2577b742ac4f
1714,8,2026-01-28 13:43:30.454547,89.0625,28.5,1ed82726-e55a-4993-9595-f7b74992c3d7
1715,8,2026-01-28 13:43:36.08189,89,28.25,a6d5f37a-2646-4aca-986e-159aa4a68d11
1718,8,2026-01-28 13:43:53.030376,88.4375,28.5,43f19c68-5849-473d-b03f-21bb56d89a25
1720,8,2026-01-28 13:44:04.350604,88.375,28.25,75baacd6-fb90-4910-96c0-b343369bd721
1721,8,2026-01-28 13:44:09.942445,88.3125,28,f7cff75b-c1a3-4243-82c1-2c18548b72e6
1723,8,2026-01-28 13:44:21.18318,88.1875,28.25,5bd6f86d-3e0e-4e1a-bdc5-fb0d97c7a36a
1725,8,2026-01-28 13:44:32.456579,87.875,28.5,6eb559ac-c53e-47c0-be75-f4dd9b0d818b
1726,8,2026-01-28 13:44:38.073307,87.8125,28.5,e5b88f92-fdab-4bf1-b4f3-0a737a475626
1728,8,2026-01-28 13:44:49.402162,87.625,28.25,77f9c246-4620-46e0-a1e6-af9530e81798
1731,8,2026-01-28 13:45:06.606292,87.125,28.75,d87ef8bd-ddb4-4b20-9282-caca178137e8
1733,8,2026-01-28 13:45:17.971988,86.875,28.5,356d8b9f-2ad0-4f3f-9995-33171747d055
1736,8,2026-01-28 13:45:34.91661,87.0625,28.25,3805cf06-e183-43b2-9581-6663cc2ac6b0
1738,8,2026-01-28 13:45:46.336038,87.1875,28.75,4956f376-9229-4e16-adf7-cea85a445949
1741,8,2026-01-28 13:46:03.435599,87.1875,28.75,19e04a63-b5cc-41e9-b341-cd633cc3e61e
1743,8,2026-01-28 13:46:14.841668,87.1875,28.75,b35371a8-4933-4f6c-89c9-281611eb5ce8
1745,8,2026-01-28 13:46:26.271892,87.4375,28.25,26cba596-aae9-48d2-bd6e-52bf7bf69e4d
1746,8,2026-01-28 13:46:32.007577,87.375,28.5,ead933a9-664b-404a-995d-6d5dff6251ec
1888,8,2026-01-28 14:00:00.871745,91.25,30.25,bc333fe0-6ed8-4720-9e58-6beeb3a7a792
1890,8,2026-01-28 14:00:12.23824,91.3125,30.5,62cd1800-68c7-4c55-8f88-17a7cc68efe3
1891,8,2026-01-28 14:00:17.978794,91.4375,30.75,b52e0139-fed4-470c-b949-eadb53e2f1b3
1893,8,2026-01-28 14:00:29.336725,91.6875,30.75,27d639bf-8722-4b06-903e-cdf8e808f316
1896,8,2026-01-28 14:00:46.341847,91.9375,31,7f5ae842-e5e9-4a4f-8904-c3cc8c4d2c7e
1898,8,2026-01-28 14:00:57.558061,91.875,31,d188be64-791f-44cc-af19-af7340ff1608
1901,8,2026-01-28 14:01:14.597265,91.625,31,e0407e5a-9e17-46e9-aff2-06d7cee364b3
1903,8,2026-01-28 14:01:25.963788,91.5625,31.25,68a26b45-0f69-4abe-bb41-05c06c2738c2
1904,8,2026-01-28 14:01:31.697988,91.4375,31,c13eda56-64ad-446d-b8f7-7a586726131a
1906,8,2026-01-28 14:01:43.064898,91.5,31,de160e20-ec8b-4342-9bcf-20a6cc719f01
1908,8,2026-01-28 14:01:54.432685,91.625,30.75,0e21c5b5-420d-4ff6-9b1a-e9a185353272
1909,8,2026-01-28 14:02:00.063974,91.625,31,c6c726cf-3926-4e26-a549-95c1fa2d3542
1911,8,2026-01-28 14:02:11.435028,91.625,31.25,a282b408-5513-4941-9385-123fb3f6f790
1914,8,2026-01-28 14:02:28.47366,92.0625,30.75,a83f9e6b-05ce-4d70-881c-dec683bdc22b
1916,8,2026-01-28 14:02:39.797228,92.5,31,1c5a1f62-59ba-4df8-aae5-6edf55e00983
1919,8,2026-01-28 14:02:57.008473,93.25,31,ee83ddc2-aad9-412e-b619-3dc8780cc6c6
1921,8,2026-01-28 14:03:08.470097,93.5625,31,87179be4-95ae-47bd-aa85-d20f1afeb1a6
1924,8,2026-01-28 14:03:25.569698,93.625,31,4f5cc90f-83b2-4ddf-acbd-d634cbe8219d
1926,8,2026-01-28 14:03:36.941499,93.5625,31.5,8c8d1f74-5d96-4b03-96fd-4ab7ac2e0204
1929,8,2026-01-28 14:03:53.830504,93.25,31.25,fe6f8a39-eece-49ab-a459-2468b31da348
1931,8,2026-01-28 14:04:05.299898,93.125,31.25,7a0f9e69-292e-4b80-af57-c22c1d681842
1932,8,2026-01-28 14:04:11.033863,93.0625,31.5,2c25f2e2-0214-4057-a8f5-00b1179a30c2
1933,8,2026-01-28 14:04:16.770846,93,31.5,52b5f33f-3790-496b-acbc-c026b3f977ef
1935,8,2026-01-28 14:04:28.135942,92.875,31.25,0e6429d8-3dc4-4827-8cca-6f9d68b61bc3
1938,8,2026-01-28 14:04:45.340266,92.5625,31,9434a7bd-ef86-4962-b64e-93773a592fc3
1940,8,2026-01-28 14:04:56.814818,92.5625,31,3a59f1ad-a8b0-4c24-b6af-d6f21b788a85
1943,8,2026-01-28 14:05:13.64334,92.4375,31,d4307d8f-8336-486b-8887-6be84b661b87
1945,8,2026-01-28 14:05:25.070019,92.25,31.25,f1a72aff-99a9-44de-842d-bbc606d01d6d
1098,8,2026-01-28 12:41:25.211317,88.8125,20,14e89929-0950-45a7-8cb0-717ea28daa80
1101,8,2026-01-28 12:41:42.41479,88.625,20.25,1ac9fe34-3571-41a0-8d58-89da781dd1af
1103,8,2026-01-28 12:41:53.779875,88.4375,20.25,505dfc59-1b31-4c2a-99ad-68a9295affa7
1104,8,2026-01-28 12:41:59.414349,88.375,20.5,a01f6e71-1a26-4b07-b216-0d08bbd888f9
1105,8,2026-01-28 12:42:05.145248,88.25,20.5,4d2a2633-3a83-495a-9f1d-4a722e3530d2
1106,8,2026-01-28 12:42:10.881288,88.1875,20.5,d709d855-0e27-4a60-850b-dee2223f9cba
1107,8,2026-01-28 12:42:16.614497,88.125,20.25,b5891863-4d01-47b1-9573-11d9793bcd2d
1108,8,2026-01-28 12:42:22.323726,88.125,20.5,5f39d918-c097-4aec-bb5a-b42ba3de713b
1109,8,2026-01-28 12:42:28.085033,88.25,20.5,232e3c0b-d30a-45c9-91ce-7f268c0a7fd8
1110,8,2026-01-28 12:42:33.823162,88.375,20,88e84b14-4566-419a-b3d7-2cdab9fca614
1111,8,2026-01-28 12:42:39.493628,88.4375,20.5,84839aa3-8743-4022-9b1a-57120e835c3f
1112,8,2026-01-28 12:42:45.185901,88.4375,20.25,b4d497fd-522b-4767-b7f0-5959848d7170
1113,8,2026-01-28 12:42:50.919401,88.4375,20.5,ca13e7be-09d0-45d2-af07-8161fe9a42e3
1114,8,2026-01-28 12:42:56.664114,88.4375,20.5,5857bcde-d633-46a4-9d38-b0b235004f66
1115,8,2026-01-28 12:43:02.59938,88.5,20.5,68915023-ff1a-4765-b626-f80378d68122
1116,8,2026-01-28 12:43:08.333574,88.4375,20,6a39df52-6f95-41f7-834b-54835e8f0ea1
1117,8,2026-01-28 12:43:14.063994,88.4375,20.25,a5501a7c-0cad-4c75-95fd-d17477044fd6
1118,8,2026-01-28 12:43:19.738308,88.3125,20,d31c6e2d-14e0-47b2-b364-7b465312d3ba
1119,8,2026-01-28 12:43:25.430734,88.25,20.75,c6b34de8-a8ad-4514-9c4d-72dd7631c935
1120,8,2026-01-28 12:43:31.060355,88.1875,20.75,baae2812-e0f8-44b5-bdea-85391907f42d
1121,8,2026-01-28 12:43:36.695497,88.25,20.5,6bf3fb7e-8fb9-4c7b-894a-a833f6d00185
1122,8,2026-01-28 12:43:42.326142,88.1875,20.25,d9ede892-162a-4a1a-81b6-e7d8db7ca29d
1123,8,2026-01-28 12:43:48.060406,88.1875,20.75,74d90c89-a3bd-4d13-a755-fc650e7821c2
1124,8,2026-01-28 12:43:53.691291,88.1875,20.75,60622985-4d04-4f32-b4c3-62a243749235
1125,8,2026-01-28 12:43:59.426364,88.125,20.75,84775fdd-4d93-4cbf-a07e-380eccc10d3b
1126,8,2026-01-28 12:44:05.133064,88.0625,20.75,a03f0ea2-70f5-4809-9f89-34630825e201
1127,8,2026-01-28 12:44:10.896054,88.0625,20.5,5e43b443-b912-49d9-ba4d-527f13fc2967
1128,8,2026-01-28 12:44:16.630458,88.125,20.5,342c9528-f43f-4ef1-94ab-929a216f0723
1129,8,2026-01-28 12:44:22.262403,88.0625,20.25,8abf721c-c55b-4b86-98d7-91f977bdf6ad
1130,8,2026-01-28 12:44:27.894426,88,20.75,decfbd40-e965-449e-968d-c0a5b3375e3c
1131,8,2026-01-28 12:44:33.628691,87.875,20.5,36c1eb1f-fed8-4d7d-b5b9-88bb5a4c6579
1132,8,2026-01-28 12:44:39.327835,87.8125,20.75,ee758e62-6213-434e-b2cc-167143885f6f
1133,8,2026-01-28 12:44:44.995349,87.625,20.75,650fa040-a636-4bf8-acb3-89f5e457d502
1134,8,2026-01-28 12:44:50.625681,87.4375,21,ef69d4fd-dbab-41b6-b771-8386893eb37c
1135,8,2026-01-28 12:44:56.259673,87.25,20.75,30716b44-d402-413a-9487-eedac2c48ff5
1136,8,2026-01-28 12:45:01.995079,87.1875,20.75,66bab945-40b5-4786-a7c8-c3cb5ebf51b4
1137,8,2026-01-28 12:45:07.669116,87.1875,21,fdcfa2ce-6284-486b-94d0-2715002945d9
1138,8,2026-01-28 12:45:13.370523,87.25,21,c116a61a-b87d-4112-8f28-906b99c519d9
1139,8,2026-01-28 12:45:19.094614,87.3125,20.75,404ff618-6482-47ff-adc5-620e6dec432b
1140,8,2026-01-28 12:45:24.68519,87.375,20.75,8d8f90af-3de6-4c18-aeb0-d699759ac916
1141,8,2026-01-28 12:45:30.359634,87.375,21,f2e8bd82-cb28-4697-ab99-854c55eac317
1142,8,2026-01-28 12:45:36.091979,87.3125,21,892e0813-7d66-49a5-b4ee-f503b56673ff
1143,8,2026-01-28 12:45:41.826419,87.25,20.75,48a4950e-8374-4395-aeb7-ac7eb80a965f
1144,8,2026-01-28 12:45:47.503245,87.25,20.75,d3d5b743-b97b-4b8c-a915-2f4f4bbdc00e
1145,8,2026-01-28 12:45:53.200505,87.25,20.5,0dc04bc3-7d10-4322-8a4f-f873bfe18aac
1146,8,2026-01-28 12:45:58.93619,87.3125,21,7dcbbb63-46dd-4f07-aee2-6df49b122afc
1147,8,2026-01-28 12:46:04.663292,87.375,21,f02ab1ed-63ca-41f3-9913-e8825182cf26
1148,8,2026-01-28 12:46:10.25547,87.5,20.75,17695d7e-811c-4ed3-88e2-1ec9058bd0bc
1149,8,2026-01-28 12:46:15.876597,87.5,21,ba46111c-055d-4313-90ce-9c3674e8f15d
1150,8,2026-01-28 12:46:21.564746,87.5625,20.75,91ffeb42-a614-4e7a-8bc1-9704f3736885
1151,8,2026-01-28 12:46:27.29535,87.5625,21,b6b32cb8-5512-4ff2-b398-ba164b003c24
1152,8,2026-01-28 12:46:33.035816,87.5,20.75,5aba8f34-e5e9-46b8-bb77-a8730c3333af
1153,8,2026-01-28 12:46:38.657051,87.5625,21,b56482fb-6655-4d50-bcd4-a52095cd09e5
1154,8,2026-01-28 12:46:44.342539,87.5625,21.25,32be4092-5905-496f-9a28-5bfd66c4db9b
1155,8,2026-01-28 12:46:50.030227,87.5625,21,63014614-589a-4e1f-a15b-3be442816193
1156,8,2026-01-28 12:46:55.763496,87.4375,21,7117b44c-c86c-4531-8206-29bd92756b5a
1157,8,2026-01-28 12:47:01.389996,87.3125,21,b77d0377-412e-40ad-b444-72e29d4cf1ea
1158,8,2026-01-28 12:47:07.082027,87.125,21.25,0192b2ca-8e88-48a1-8bed-f6038e9ff390
1159,8,2026-01-28 12:47:12.708061,87.1875,20.75,35c2673f-16d7-4d15-b0e0-3a6cba9fc740
1160,8,2026-01-28 12:47:18.335855,87.1875,21,628e71ce-ab44-4496-bfa6-0742b8439727
1161,8,2026-01-28 12:47:23.971802,87.0625,21,a21c9637-3077-4359-bff8-f042d293f9c6
1162,8,2026-01-28 12:47:29.597955,86.9375,21,49d9b753-14d5-4b74-8cbd-538a41da24f7
1163,8,2026-01-28 12:47:35.288513,86.9375,21.25,f856f783-6685-4714-a38c-2683fdc31d1d
1164,8,2026-01-28 12:47:40.925941,87.0625,21,ebfbe11c-1d2c-4873-bec4-f765136aa8cc
1165,8,2026-01-28 12:47:46.605815,87.0625,20.5,3bf948fe-8c03-493b-9511-51d38f93c50b
1166,8,2026-01-28 12:47:52.289939,87.125,21,fe4d9440-2efc-4273-b4d4-77ed16048788
1167,8,2026-01-28 12:47:58.02252,87.125,21,31818554-4226-465a-9b8e-b07a1d2874a2
1168,8,2026-01-28 12:48:03.761275,87.25,21.25,91748fa5-8c20-4716-8dcb-d967cac6ee47
1169,8,2026-01-28 12:48:09.490752,87.375,21.25,d58ed145-b0b8-4093-b550-925ec8fbe18b
1170,8,2026-01-28 12:48:15.225814,87.4375,21.25,ebb9765f-4274-4044-a30c-fb5bfdbe35f1
1171,8,2026-01-28 12:48:20.909071,87.5,21,4afcc976-5659-41ba-8330-435a245e587c
1172,8,2026-01-28 12:48:26.592872,87.4375,21.25,5f4f9a6d-a4d3-4113-97ea-c9e049b63a6e
1173,8,2026-01-28 12:48:32.327117,87.25,21,8152af9b-6155-4913-b002-e77d67e4ed2f
1174,8,2026-01-28 12:48:38.061206,87.125,20.75,e39b7eb8-3b04-4a27-a1d8-741af29ef7fd
1175,8,2026-01-28 12:48:43.752015,87,21.25,0cd62890-d3ea-4235-a4b8-4dd9a87098fd
1176,8,2026-01-28 12:48:49.427172,86.9375,21.25,1d38289d-bde2-4a66-b836-7587b0794420
1177,8,2026-01-28 12:48:55.060563,87.0625,21.25,ab467406-f42f-4ddc-b284-faa442088d7d
1178,8,2026-01-28 12:49:00.757382,87.0625,21,54d8a823-f150-4584-b81c-afdd0ec23407
1179,8,2026-01-28 12:49:06.42553,87.125,21.25,2f86d09d-4846-4345-a696-798bd3c5f75f
1180,8,2026-01-28 12:49:12.058613,87.125,21.25,dfd6d706-f7e8-4627-a3b8-8433eca07b4a
1181,8,2026-01-28 12:49:17.791428,87.0625,21,0b095144-6998-4526-8800-45a0d0b316f8
1182,8,2026-01-28 12:49:23.426723,86.9375,21.25,9a679e5a-9f97-4563-a5cd-651f644082c8
1183,8,2026-01-28 12:49:29.104904,87.0625,21.25,7f7b6390-dad3-4765-9edb-6e70b53b5729
1184,8,2026-01-28 12:49:34.753339,87.125,21.25,40048d93-d9be-4cb2-b748-1342898b7c79
1185,8,2026-01-28 12:49:40.424329,87.25,21.25,100b21b3-aa62-4b48-ad3f-1d488f179430
1186,8,2026-01-28 12:49:46.158248,87.5,21,a21a4abb-4368-4939-a0ea-af5d0ef50abd
1187,8,2026-01-28 12:49:51.888619,87.5625,21.5,04af2ca7-a86c-4f24-beba-8102bed76e5e
1188,8,2026-01-28 12:49:57.625868,87.5625,21.5,70168ed4-416a-4b90-85fd-75a2560ddaa7
1189,8,2026-01-28 12:50:03.261019,87.75,21.25,66287690-bc64-4b2a-acea-ede30e1b3efb
1191,8,2026-01-28 12:50:14.732764,87.75,21.5,62da3689-55ac-4b71-bdcc-d94f79f2ccbe
1192,8,2026-01-28 12:50:20.462114,87.5625,21.5,6a7d318f-5e40-4b8f-8bdb-56cef8975d97
1194,8,2026-01-28 12:50:31.828809,87.5625,21.5,46d4c45d-9e9d-4f03-9d34-a295bb575915
1196,8,2026-01-28 12:50:43.240137,87.5,21.75,39ca1b9b-e04a-4193-b86c-6ca0c4cbfa0b
1197,8,2026-01-28 12:50:48.927635,87.4375,21.5,4c1c96c8-104d-42b5-8186-edf4d9dfb9df
1199,8,2026-01-28 12:51:00.397144,87.375,21.5,b5fb6300-8d2e-46b5-bb48-ad912d5f97e9
1201,8,2026-01-28 12:51:11.766767,87.4375,21.75,110e464a-b4c9-4f98-9514-0c5241ac8933
1202,8,2026-01-28 12:51:17.502226,87.4375,21.75,bc750a05-a74c-44c5-94a7-27f9b2520391
1204,8,2026-01-28 12:51:28.870047,87.625,21.75,1cad5173-88e3-456a-b8b1-c9b594080c4f
1206,8,2026-01-28 12:51:40.33217,87.6875,21.5,6b82e595-a2e4-4d91-af83-fb3700652a6d
1207,8,2026-01-28 12:51:46.071324,87.75,21.25,6c3dcb00-9e22-43c6-b524-cf251e80f43f
1209,8,2026-01-28 12:51:57.537558,87.8125,21.25,341ee119-4986-439c-b7ce-cc655e084135
1211,8,2026-01-28 12:52:08.799774,87.75,21.75,bd96e874-c3f1-4955-a9c6-7a90892c0070
1212,8,2026-01-28 12:52:14.394609,87.875,21.25,f0440588-fc82-4c9e-b076-eb7a40a6a221
1214,8,2026-01-28 12:52:25.735638,87.625,21.75,9d41c36c-908b-48ce-9e47-7e853df1d040
1217,8,2026-01-28 12:52:42.900679,87.25,21.5,8d2c241f-e59a-41d7-a02e-82c05fb6d5a4
1219,8,2026-01-28 12:52:54.268684,87.375,21.5,b2521665-9d87-4f7c-8f9e-2bfabf350f17
1497,8,2026-01-28 13:19:12.368378,89.125,25.5,63b9935b-602a-42d4-99e2-7e13d9eb39c9
1499,8,2026-01-28 13:19:23.731863,89.375,25.5,82ed1c8b-b457-4465-96f4-78bd7eca8331
1500,8,2026-01-28 13:19:29.464749,89.375,25.25,14570c20-889b-4818-94bb-a4eb9efaa748
1502,8,2026-01-28 13:19:40.934931,89.375,25.25,a047b861-1e10-42fb-b4af-508f79e6a277
1504,8,2026-01-28 13:19:52.404152,89.5,25.5,e17a9a69-1645-468f-b95c-19498d7ba1d4
1505,8,2026-01-28 13:19:58.139697,89.5625,25.75,a9a114ce-9f02-413a-9387-0d1e4eaa9147
1507,8,2026-01-28 13:20:09.505458,89.625,25.5,4601f06b-2936-400d-aefc-54ad04c9f7e8
1510,8,2026-01-28 13:20:26.710052,89.6875,25.75,d84c2547-0fbc-4988-a7bd-a1bb8c2a9df8
1512,8,2026-01-28 13:20:38.176177,87.8125,26,9bb1029d-b23b-4a24-b8b3-656292403365
1513,8,2026-01-28 13:20:43.911555,85.5,26,475591e5-8a0f-4ba9-a594-7ffd047209f4
1514,8,2026-01-28 13:20:49.658828,83.375,26,d1e76af4-17b6-45ba-99c8-83a3aaedb6c8
1516,8,2026-01-28 13:21:01.113508,79.75,27.5,2a2b388f-326b-4200-a3a5-ebf3536fbcb0
1569,8,2026-01-28 13:29:46.944133,88.4375,26,2bd47e3a-a010-46e0-bc3a-dd2d5c099696
1716,8,2026-01-28 13:43:41.819127,88.8125,28.25,2156c53b-e5d3-4f1c-b67e-00272ca5f913
1717,8,2026-01-28 13:43:47.413056,88.625,28.5,b7d7fdf3-1d2f-43a2-bd93-58f020c27251
1719,8,2026-01-28 13:43:58.721614,88.4375,28.5,4f843682-ff05-432b-a9b9-2998cb3aedf4
1722,8,2026-01-28 13:44:15.558231,88.25,28.25,61e0c60c-a3f3-4a8e-92c3-16343ab62f61
1724,8,2026-01-28 13:44:26.803043,87.9375,28.5,e46d8aca-6083-4318-92d2-46edee92d8b5
1727,8,2026-01-28 13:44:43.667149,87.75,28,4a92b3c6-b6b1-4ea7-ae88-ac94599486b2
1729,8,2026-01-28 13:44:55.140766,87.5,28.75,6b651fbc-dd89-4bd7-927e-e7bc1a63bd7b
1730,8,2026-01-28 13:45:00.875948,87.25,28.5,066b86bc-209b-4615-ac88-e4eccf37a1db
1732,8,2026-01-28 13:45:12.339314,87,28.5,2266c336-2029-4aa5-8392-097a2191769a
1734,8,2026-01-28 13:45:23.603731,86.875,28.5,33ba7c6c-cf02-4cd7-8b1c-e72171c050c5
1735,8,2026-01-28 13:45:29.285355,86.875,28.25,b0061dda-f8af-4e2f-ad40-9016d024fd9b
1737,8,2026-01-28 13:45:40.601607,87.125,28.5,1a00ae0e-b017-41de-a4cb-7c942ca0a7ba
1739,8,2026-01-28 13:45:51.967711,87.25,28.75,8e47da92-a373-4c44-9fab-8830a17744eb
1740,8,2026-01-28 13:45:57.701155,87.25,29,250f06d8-7993-4175-b676-3375b36d2199
1742,8,2026-01-28 13:46:09.173531,87.125,28.5,8d38e9fb-b036-4499-a05b-7f8ae75c8fcd
1744,8,2026-01-28 13:46:20.539287,87.3125,28.5,dd193dbb-95ff-4f54-9f57-e52cf7cfad6d
1747,8,2026-01-28 13:46:37.740868,87.375,28.75,2a85413f-d816-46e4-b1df-987554aea83e
1748,8,2026-01-28 13:46:43.475616,87.625,28.5,0d160a4f-6dd8-4bd6-85ed-68a457804b13
1750,8,2026-01-28 13:46:54.732106,87.75,28.75,752bd062-db60-438c-9ac6-20a90b53476f
1751,8,2026-01-28 13:47:00.344869,87.5625,28.75,74a14ac2-1d6f-47a5-b981-6c966b78b4af
1753,8,2026-01-28 13:47:11.737401,87.8125,28.5,2eb25cb2-7463-4cb7-9932-80a6e09cecf8
1756,8,2026-01-28 13:47:28.837957,88.1875,28.5,585f4902-c00d-4fcd-8758-3675fff56314
1758,8,2026-01-28 13:47:40.306147,88.375,28.75,3c39b801-98da-46fc-afac-76fe4c5a0335
1759,8,2026-01-28 13:47:45.983475,88.3125,29,5df2422c-c367-4f30-b009-e1da375a5896
1761,8,2026-01-28 13:47:57.518764,88,29,6a7c785d-220c-42e1-bfa1-5b2a5c1f25af
1917,8,2026-01-28 14:02:45.529627,92.75,31,c0e8ef16-f01c-4cee-a5a3-b41efe30af61
1918,8,2026-01-28 14:02:51.161745,93,31.25,911baa85-fc0e-4d40-9a3a-60992eba4ff8
1920,8,2026-01-28 14:03:02.735769,93.5,30.75,8716bc2c-e0b5-4356-a2ef-52548a22d9c4
1922,8,2026-01-28 14:03:14.149739,93.5,31.5,93ebabd5-771c-47b3-bc88-bd4309609951
1923,8,2026-01-28 14:03:19.835356,93.5625,31.25,d06ba763-7688-4673-8dbb-7614b6bdbd6a
1925,8,2026-01-28 14:03:31.303102,93.625,31.5,a0aa4350-ced7-459a-ac09-f81f7c5be3aa
1927,8,2026-01-28 14:03:42.53628,93.375,31.5,6df53fd7-aea4-4cd7-a7f3-91adcf24978e
1928,8,2026-01-28 14:03:48.150139,93.3125,31.25,edcba979-dc25-45c0-b46b-02a78c125f5f
1930,8,2026-01-28 14:03:59.566153,93.125,31.25,fd397969-bc6b-48c9-baad-48e6f86abf61
1976,8,2026-01-28 14:08:21.506165,90.6875,32.25,2a96e6a7-edd9-4224-a42b-0e8a99818336
1978,8,2026-01-28 14:08:32.832592,90.5,32.25,9fe3d7c2-9fe8-49e3-8e93-b4f01fdfe2c6
1981,8,2026-01-28 14:08:49.973479,89.875,32.5,5c2ae1c6-d2ce-42d1-be7d-f5ff9de4f761
1983,8,2026-01-28 14:09:01.342495,89.5625,32.5,35bc191d-253d-44bd-9ccd-d2ec54441d1d
1984,8,2026-01-28 14:09:07.074629,89.5625,32.25,a71eec61-a596-4522-906e-ddf67b731596
1986,8,2026-01-28 14:09:18.328994,89.875,31.75,4c6aa3dc-3d41-43a2-9099-b65693c292d3
2018,8,2026-01-28 14:12:19.691007,94.4375,32.5,416103fa-506d-4c19-a2de-40191cd0fcdb
2019,8,2026-01-28 14:12:25.427436,94.6875,32.5,dd649b34-46b5-41a5-a1b1-6c70aad5430b
2021,8,2026-01-28 14:12:36.898504,94.9375,32.5,523c2aed-31a5-4a3a-8314-44da735337fa
2023,8,2026-01-28 14:12:48.20506,95,32.5,a86adc17-4621-459e-93f4-b25fb4828ba9
2024,8,2026-01-28 14:12:53.892886,95.0625,32.5,0d41cdd0-909f-4f3f-8cc0-03fc5d4a4dd2
2026,8,2026-01-28 14:13:05.15638,95.5,32.5,67008a8c-4170-487c-8a16-048e1a89977c
2028,8,2026-01-28 14:13:16.378936,95.6875,32.5,fdf33e59-0b2f-4f30-ba7c-f58deb39569e
2029,8,2026-01-28 14:13:22.000713,95.75,32.25,b1b004f1-6c1f-4f0d-b3ed-5ace8b132e21
2031,8,2026-01-28 14:13:33.317179,96.0625,32.5,47ad5abb-c36c-43ec-b915-40eb4be837df
2034,8,2026-01-28 14:13:50.424296,96.0625,32.5,15aaa1dc-d889-4869-b8b0-b5a833975f0d
2036,8,2026-01-28 14:14:01.833395,96.1875,32.75,d867e3ab-0a39-4524-b9f5-94abce28513f
2037,8,2026-01-28 14:14:07.529732,96.25,32.5,5fad4ad8-5391-4c55-bc46-aa289169463a
2039,8,2026-01-28 14:14:18.790025,96.125,32.5,326941b4-bff6-4cf3-8735-cb07334126a5
2041,8,2026-01-28 14:14:30.151374,95.5625,32.5,ffb6ff70-edc8-41da-aa8e-4eca6b393fa5
2042,8,2026-01-28 14:14:35.740154,95.0625,32.5,57ace10d-1cb7-42b1-99d6-a4522849bd88
2044,8,2026-01-28 14:14:47.012293,94.625,32.75,f18226c9-200c-4757-868f-b535eda5d67b
2047,8,2026-01-28 14:15:04.146505,94.25,32.75,61bb80a2-2a70-4fd2-969e-f09cca86f429
1190,8,2026-01-28 12:50:08.990571,87.8125,21.5,b5772ea7-cfb3-48b6-ac20-a4e0b674fde2
1193,8,2026-01-28 12:50:26.195199,87.5625,21,286c5226-5ef1-49fd-8b2e-993cbeec5cc4
1195,8,2026-01-28 12:50:37.562023,87.5,21.5,d0884e35-6717-4ee8-9b54-347f7471a802
1198,8,2026-01-28 12:50:54.664857,87.375,21.5,13d8b335-7243-4337-acfd-f58b363b2665
1200,8,2026-01-28 12:51:06.135298,87.4375,21.25,92b59b32-5ed3-4ec1-948c-adc5d879b702
1203,8,2026-01-28 12:51:23.18391,87.5625,21.5,8626cbef-999d-4f11-8a78-9840fb2c3ddf
1205,8,2026-01-28 12:51:34.599352,87.625,21.75,b0040792-c832-4ef6-8dd8-00727e7aafc7
1208,8,2026-01-28 12:51:51.802166,87.8125,21.5,c16ef3c4-20ff-4b6f-84cb-6c32b444f89d
1210,8,2026-01-28 12:52:03.128122,87.875,21.25,681bb693-b96c-450f-ae39-bb549f0a6bae
1213,8,2026-01-28 12:52:20.065558,87.75,21.5,a62a0f75-7232-418c-8955-534ce82a996e
1215,8,2026-01-28 12:52:31.433405,87.5,21.5,95f9e421-2b06-4a24-9265-4bd3380fb2ed
1216,8,2026-01-28 12:52:37.166289,87.375,22,a7ca0a18-cd21-4c4a-84a4-71eee2d5695b
1218,8,2026-01-28 12:52:48.635625,87.25,21.5,3fa80333-a9aa-43d4-91ef-d533eee07038
1220,8,2026-01-28 12:53:00.119919,87.4375,21.75,c2678490-1f03-4fb4-8ddc-c68c60f2939e
1221,8,2026-01-28 12:53:05.735691,87.4375,22,d98827ae-a8b3-4765-8339-a5f483ef226e
1222,8,2026-01-28 12:53:11.368245,87.4375,22,7557e566-5d51-44e6-8984-158f2f50da30
1223,8,2026-01-28 12:53:17.101588,87.625,21.5,f11ea6dd-d19b-4b88-ab3e-6d2f25f02f2e
1224,8,2026-01-28 12:53:22.779194,87.6875,21.5,58c5406b-f3d8-4a2a-ab19-c388dee6c4a4
1225,8,2026-01-28 12:53:28.469881,87.625,21.5,69e6b4d9-bf7e-491f-aa29-394998dc9e08
1226,8,2026-01-28 12:53:34.164881,87.5,22,1b592aee-832c-4203-a4c0-d7891c867ca1
1227,8,2026-01-28 12:53:39.790036,87.4375,21.5,55344a57-3d59-4aee-8a4d-09fb08e892b0
1228,8,2026-01-28 12:53:45.472886,87.4375,22,5679f519-9c6f-4e04-b3a4-49728af91372
1229,8,2026-01-28 12:53:51.208888,87.3125,22,c89594dc-54e1-4dc8-acb5-29f3f815cd11
1230,8,2026-01-28 12:53:56.83539,87.1875,22.25,9bef2584-143a-486d-8cf0-122c1eea3497
1231,8,2026-01-28 12:54:02.568566,87.1875,21.75,fdd20e98-10af-47cc-8459-49b2d91fbb27
1232,8,2026-01-28 12:54:08.303113,87.25,22,f7e4b5f0-b81e-45e6-aa80-ed33cf2dae98
1233,8,2026-01-28 12:54:14.04839,87.25,21.75,a06f7080-800f-4dc3-a143-2b65448ff386
1234,8,2026-01-28 12:54:19.773452,87.25,21.75,a22e07d9-23e1-45d0-8178-02073f214dba
1235,8,2026-01-28 12:54:25.453176,87.375,21.75,4d147081-4c43-4ce3-9e58-cba33bf1607e
1236,8,2026-01-28 12:54:31.139094,87.5,21.5,e9897bdd-5f3c-484b-8859-a75ee6f027c6
1237,8,2026-01-28 12:54:36.90089,87.625,21.5,ddfa9ce2-16a6-43d0-8b2a-7feadd4b4e0d
1238,8,2026-01-28 12:54:42.606506,87.5625,21.5,1de1b3fa-6334-4662-bde0-908a852bc481
1239,8,2026-01-28 12:54:48.341501,87.4375,22,f0c0ee80-bccf-445d-8d81-d4553a4d6761
1240,8,2026-01-28 12:54:54.080693,87.4375,22,eeac3530-024b-4ba1-88c0-ad2f683462d5
1241,8,2026-01-28 12:54:59.710583,87.375,22,a5bbcdbb-26bf-4943-8dc4-13afc868f6a2
1515,8,2026-01-28 13:20:55.380248,81.375,28.25,5dd852ac-012b-4b8f-90ab-a59de4836577
1517,8,2026-01-28 13:21:06.748824,78.0625,27.75,6e94436b-da72-42fb-9ece-e63cf6fba5ae
1518,8,2026-01-28 13:21:12.426043,76.375,27.75,a1ff06a8-75f7-4478-85ec-17c5682bfb7e
1519,8,2026-01-28 13:21:18.046111,75.0625,28.25,a38de4a3-011d-4369-8b88-5cc2305dc963
1521,8,2026-01-28 13:21:29.316188,74.6875,28.25,b0d28f1d-c3ca-43ab-84b4-3319bc209335
1524,8,2026-01-28 13:21:46.07858,76.625,28.25,a428e3a9-7fa6-485d-82a6-9fade255d5a6
1526,8,2026-01-28 13:21:57.436206,78.125,27.5,c6defb44-88d5-4453-ba4a-1d5a0ef18c2b
1527,8,2026-01-28 13:22:03.176895,78.875,28.25,a39fe549-0c72-4551-a84c-f131ca56c690
1529,8,2026-01-28 13:22:14.639568,80.0625,28.5,961bcf71-db1b-46ee-9588-daeb14a2c198
1531,8,2026-01-28 13:22:26.106766,81,28.5,5fc73c9f-986e-4583-9aa6-6e28e039d85f
1532,8,2026-01-28 13:22:31.842044,81.1875,28.5,d7ccfa15-108c-4dde-9707-45795b5dd5f2
1534,8,2026-01-28 13:22:43.308931,81.6875,28.25,bfe18328-cada-4b27-96a3-95322b9346bb
1536,8,2026-01-28 13:22:54.479034,82.3125,28.5,5f3941fc-60bc-40fb-81f3-3881709e7f13
1537,8,2026-01-28 13:23:00.27964,82.75,28.25,9f9ad307-c34f-4552-ae61-3b78ab2141d4
1539,8,2026-01-28 13:23:11.449413,83.6875,28.25,3ba5da9f-d1fa-4ce6-9d5b-0f527264dbf0
1573,8,2026-01-28 13:30:09.503708,88.25,26.5,58059585-da57-4660-81e0-369f279f562a
1575,8,2026-01-28 13:30:20.784108,88,26.5,f23d1504-0f0b-4e96-be36-5c43b5058d9c
1578,8,2026-01-28 13:30:37.802826,88,26.25,981dadd9-15ad-40cb-a74e-034878fcca0a
1580,8,2026-01-28 13:30:49.130384,87.8125,26.25,ec20376f-4c8a-4e33-a4e3-016afe5c9201
1581,8,2026-01-28 13:30:54.782406,87.75,26.75,73053bfc-cb27-446a-97c2-5173e70ede52
1583,8,2026-01-28 13:31:06.114247,87.375,26.75,fa415ced-ceb6-46c6-9775-b49d05a2ae88
1585,8,2026-01-28 13:31:17.411457,87.375,26.75,aff09f11-4fef-4ce6-8bb0-3f3217c4a71c
1586,8,2026-01-28 13:31:23.096973,87.4375,26.5,e3d817be-507e-4b0e-9908-7d39f61eac80
1588,8,2026-01-28 13:31:34.464682,87.5625,26.5,86142819-6ba5-496e-be2b-a36e6cc8580e
1589,8,2026-01-28 13:31:40.199236,87.625,26.75,50e469fb-8b4f-4c6a-92e1-eafddaf7168e
1590,8,2026-01-28 13:31:45.79526,87.625,26.75,d358ec6d-db3f-4001-b766-50020de79005
1592,8,2026-01-28 13:31:56.982374,87.3125,26.5,457bd477-f7fa-461f-b14e-a7876ccaf355
1749,8,2026-01-28 13:46:49.105941,87.875,28.75,0b49e3e9-c7df-4a3c-b8a2-7406af6dafcf
1752,8,2026-01-28 13:47:06.044515,87.6875,28.75,fb308176-663b-4483-9c43-4bca51b7ed33
1754,8,2026-01-28 13:47:17.409296,87.9375,28.75,84c5b08f-1488-4b78-96bc-4bcc9ffa7631
1755,8,2026-01-28 13:47:23.105108,88.0625,29,bd2ba1d9-1e16-4571-b458-064a706cf477
1757,8,2026-01-28 13:47:34.578828,88.3125,29,63fa3622-4d4f-4acc-9f47-b726b497fc89
1760,8,2026-01-28 13:47:51.678774,88.1875,29,02d293ab-4fc8-4e51-ba7f-a9f03d3c8352
1934,8,2026-01-28 14:04:22.469158,92.9375,31.5,b3a8f930-7d39-4b81-a406-fedb1330ebdd
1936,8,2026-01-28 14:04:33.871164,92.8125,31.5,3505ab4c-cff2-4aae-ae4f-f4e8644c193e
1937,8,2026-01-28 14:04:39.603786,92.6875,31.25,8cb89d98-b03f-462f-a7a4-e64c4e5583e6
1939,8,2026-01-28 14:04:51.072529,92.625,31.5,a2e60154-160f-458d-9190-dd779388356e
1941,8,2026-01-28 14:05:02.439375,92.5625,31.25,da8c5502-8422-4f98-8f44-9d2fb0e92819
1942,8,2026-01-28 14:05:08.038253,92.5625,31.5,b9e3833d-2052-4091-a17c-65f89c0aa27f
1944,8,2026-01-28 14:05:19.335259,92.25,31,3eda1e8f-abef-482a-8a51-42ab8fadc8ad
1947,8,2026-01-28 14:05:36.538901,90.75,31.25,c59d83ab-f5aa-44c1-8249-159b388b9902
1949,8,2026-01-28 14:05:47.906311,90.5,31.5,649dad8a-b14a-4c08-8d02-51db20350470
1951,8,2026-01-28 14:05:59.279413,90.8125,31.5,05903aaf-7636-4785-abd8-dbc1808b9f88
1952,8,2026-01-28 14:06:04.908714,90.8125,32,df726f82-7fae-470b-b680-08ee6f467662
1953,8,2026-01-28 14:06:10.640069,90.6875,31.75,bd3f45fa-94d7-485d-a3e5-8d097cc7d091
1955,8,2026-01-28 14:06:22.004666,90.5,31.5,c7dc8ebd-436b-4912-b0b7-0715b878abbf
1958,8,2026-01-28 14:06:38.943693,91.125,31.25,b619feca-a301-4fe3-b20c-a7853cb8565e
1960,8,2026-01-28 14:06:50.370982,91.5625,31.75,b5bfdac6-a0d1-4537-a074-6bb10ae1f9c3
1961,8,2026-01-28 14:06:56.002019,91.625,31.75,755b63ac-1fa8-4202-a994-d20bcdd867f5
1963,8,2026-01-28 14:07:07.418939,91.5625,32,e4959607-aae2-42fc-92da-f3b360186c3f
1990,8,2026-01-28 14:09:41.071964,91.1875,32.25,a00dcea5-9f54-468e-b70a-7172fdc2cf4c
1992,8,2026-01-28 14:09:52.43649,91.8125,31.75,efe9d398-c95b-4480-be08-28fb47449139
2048,8,2026-01-28 14:15:09.882649,94.0625,32.25,8f70ac30-72e9-4ebe-8f77-0056b07658a5
2113,8,2026-01-28 14:21:22.826597,96.5625,33.75,05e3ee3e-6282-40f4-9cd2-5609c6623fcb
2114,8,2026-01-28 14:21:28.559827,96.5,33.75,8aa165ae-4478-4ffe-a0e1-e9fabee2adfc
2115,8,2026-01-28 14:21:34.191729,96.375,33.75,0d473334-9759-4556-8d4f-ddceb6e12974
2116,8,2026-01-28 14:21:39.823384,96.3125,33.75,cb91cd2b-67f1-4468-9932-b418de28018b
2117,8,2026-01-28 14:21:45.558126,96.25,33.75,73678008-febc-4032-b04b-8e654ef9ad06
2118,8,2026-01-28 14:21:51.292384,96.1875,33.75,62001b86-2e5d-4de4-a880-9668f99382c9
2119,8,2026-01-28 14:21:57.029002,96.1875,33.75,25974016-5c33-4405-961f-b89c373b1539
2120,8,2026-01-28 14:22:02.693703,95.9375,33.75,ca130ba1-7b91-4c09-beb5-6209fee806a3
2121,8,2026-01-28 14:22:08.394948,95.8125,33.25,959a803f-b7cf-4066-84e8-f0bc0b7d3aa3
2122,8,2026-01-28 14:22:14.025804,95.9375,33.75,1d5a3574-3db5-4a6f-8f4e-aa8b8a2057a8
2123,8,2026-01-28 14:22:19.752966,95.875,33.25,85ee091b-8df1-491e-8353-1bc584fec7da
2124,8,2026-01-28 14:22:25.43939,95.875,33.75,5b0ebc14-15bb-4ada-a089-ada35c4ed847
2125,8,2026-01-28 14:22:31.126866,95.9375,33.75,9eb052e0-8c87-4a24-9ce6-61c2afa99863
2126,8,2026-01-28 14:22:36.860923,96.1875,33.75,292d58b4-6d68-43e2-bef8-16ec0cd55d46
2127,8,2026-01-28 14:22:42.539455,96.25,33.75,bc7a78a3-fb4f-48cf-867d-8885a696da9f
2128,8,2026-01-28 14:22:48.22849,96.3125,33.5,30790b2e-d11f-42af-abd5-4410bd5e989d
2129,8,2026-01-28 14:22:53.966325,96.3125,33.75,b912363b-e4e9-484e-b57d-5b3074dafba2
2130,8,2026-01-28 14:23:00.01229,96.375,34,57c7f35d-6e24-4e4d-ad44-bc1b6a6deed0
2131,8,2026-01-28 14:23:05.737913,96.4375,33.75,8c7eecdb-6c49-41e3-b1bd-2402cdbb2c72
2132,8,2026-01-28 14:23:11.476748,96.75,34,9e4546ca-91aa-4fcf-9ca6-8b019224f717
2133,8,2026-01-28 14:23:17.160782,96.875,34,889d05ed-0f2a-4c63-b36d-804d8cb67b50
2134,8,2026-01-28 14:23:22.783098,96.875,33.5,cb79b380-1b4f-469d-9958-27abc6af46be
2135,8,2026-01-28 14:23:28.573399,96.9375,34,e3524fd1-a3d2-4fdd-8d60-242b877cb8e7
2136,8,2026-01-28 14:23:34.205482,97.125,34,70f2d00d-60f7-40de-8a99-3c4de048184c
2137,8,2026-01-28 14:23:39.795111,97.125,34,793ae986-4092-43f5-990f-b2924195006d
2138,8,2026-01-28 14:23:45.394271,97.0625,34,89679e32-ff33-452b-87cc-f5392a9a362f
2139,8,2026-01-28 14:23:51.052779,97.0625,34,701107ae-4810-4cd3-858c-e097b4997522
2140,8,2026-01-28 14:23:56.733107,97.0625,34,9a8281eb-27bb-4651-b361-86d0b231f6f1
2141,8,2026-01-28 14:24:02.412182,97,34.25,c9225dbe-f55d-4201-bcb0-a0845eee11af
2142,8,2026-01-28 14:24:08.099739,97,34.25,c07b4864-c4e4-4ddb-91f4-186624c9cd27
2143,8,2026-01-28 14:24:13.732593,97.0625,34,b866f471-ca97-4221-8e06-0999fa6d459b
2144,8,2026-01-28 14:24:19.364177,97.1875,33.75,4e2d7395-d067-4832-b5a8-27dfce497ccf
2145,8,2026-01-28 14:24:25.101092,97.1875,34.25,75337826-0a21-40f0-8e2f-a3c2d592bc33
2146,8,2026-01-28 14:24:30.730912,97.25,34.25,cc9dcf26-ef0d-488c-916e-407ce7e576e2
2147,8,2026-01-28 14:24:36.48784,97.25,34,74b799a4-ce4f-4dcf-8b56-564517a468c6
2148,8,2026-01-28 14:24:42.145018,97.1875,33.75,592d7648-6d17-40e2-94d2-17a52ac33788
2149,8,2026-01-28 14:24:47.742974,97.1875,34,7a10697f-e0db-433f-a923-a0dce8f3803c
2150,8,2026-01-28 14:24:53.468014,97.3125,33.75,fc73ae12-8494-4be3-a8b4-8822912ec852
2151,8,2026-01-28 14:24:59.19804,97.3125,33.75,0e8481da-3e6b-42ca-9b63-2c1c8981c34a
2152,8,2026-01-28 14:25:04.788119,97.125,33.75,041409bb-7aaa-49df-87c4-d4200c01fd81
2153,8,2026-01-28 14:25:10.412189,96.8125,34.25,b017ca0b-1534-419e-93a9-42d6401606e1
2154,8,2026-01-28 14:25:16.094597,96.375,34.25,67bebdd5-e104-4d65-bdae-633d2e4d6288
2155,8,2026-01-28 14:25:21.830424,96.0625,34,1bb9e340-49d7-4436-bee3-96402ed6fb42
2156,8,2026-01-28 14:25:27.563581,95.875,34.5,0b3c1df6-07a7-4ec8-a3d6-8acbc908ead2
2157,8,2026-01-28 14:25:33.167867,95.75,34.25,f2e7526a-cafc-4a67-96f2-37adf6a59d17
2158,8,2026-01-28 14:25:38.827608,95.8125,34.5,112e682b-168b-4b82-abf5-92e3bc969869
2159,8,2026-01-28 14:25:44.561788,96,34.5,11c140dc-3722-4b20-897b-bd5c90cd8e1d
2160,8,2026-01-28 14:25:50.296264,96,33.75,713249bc-c444-4f32-bdf0-831c76337fa7
2161,8,2026-01-28 14:25:55.976916,95.75,34.25,6934c5d7-7d37-44a6-9641-689e2db7b959
2162,8,2026-01-28 14:26:01.676089,95.625,34,38223b48-437a-4464-aacc-d66b29dc60b7
2163,8,2026-01-28 14:26:07.399077,95.6875,34.5,b79d67a4-672e-4113-81f3-b65985b134a0
2164,8,2026-01-28 14:26:13.029038,95.875,34.25,37a5d907-e3a4-46da-91b1-489407b33410
2165,8,2026-01-28 14:26:18.660762,96,34.5,32dac2d5-1574-4f9b-af5e-655047f8cc9b
2166,8,2026-01-28 14:26:24.299615,96.1875,34.25,10fe7e3d-9207-4510-9319-04d268d3c2b6
2167,8,2026-01-28 14:26:30.027563,96.1875,34.25,d3df9910-b9b6-4768-ba95-77848deaa81b
2168,8,2026-01-28 14:26:35.762091,96.1875,34.25,6a23ecef-1193-4bbe-bdf1-c345d6200839
2169,8,2026-01-28 14:26:41.502713,96.3125,34.75,5dcbe790-1dd5-48d9-a792-7737d076eacf
2170,8,2026-01-28 14:26:47.231131,96.5625,34.5,f2fca047-5403-4ae9-9051-cf440af6d88f
2171,8,2026-01-28 14:26:52.965872,96.625,34,5eaddc73-4a48-4c67-9cc7-a5f8e4d7ca55
2172,8,2026-01-28 14:26:58.702852,96.9375,34.25,2ae3ae21-39b9-4c4b-b702-e010b938947a
2173,8,2026-01-28 14:27:04.434247,96.9375,34,0234706c-a99f-472c-b589-943b182e7128
2174,8,2026-01-28 14:27:10.171235,96.875,34.5,e4090deb-11d8-4b8b-8218-1b928f4964eb
2175,8,2026-01-28 14:27:15.903413,96.625,34.5,57156766-ae49-4dab-a328-cfc2e8e25a97
2176,8,2026-01-28 14:27:21.639378,96.375,34.75,3c93fa85-14ab-4e7e-8c09-563dc7ef7302
2177,8,2026-01-28 14:27:27.393128,96.125,34.5,0a864a05-2050-45b2-8fc9-ac865d1995c3
2178,8,2026-01-28 14:27:33.004484,96.125,34.75,18e04be5-3597-4e3b-ade2-67eaf7853294
2179,8,2026-01-28 14:27:38.586018,96.0625,34.25,4ec1b077-7ed7-4699-b42d-7d05cc9104b6
2180,8,2026-01-28 14:27:44.21487,95.9375,34.5,bc55971c-b112-4759-80b3-7c014bc5d41d
2181,8,2026-01-28 14:27:49.899963,95.625,34.75,8d3ecb8c-323b-4902-8038-477481309b01
2182,8,2026-01-28 14:27:55.539434,95.5625,34.5,da1fd55f-7f64-4b1f-9fea-c75d08824281
2183,8,2026-01-28 14:28:01.274826,95.6875,34.75,61401c54-201d-4f19-a0e1-667f037a6136
2184,8,2026-01-28 14:28:07.000696,95.9375,35,7a81c3f6-5975-46f3-8158-192d0fb5a10b
2185,8,2026-01-28 14:28:12.737046,96,34.75,4ce7fbd2-71a3-4bf1-ad3e-02dc66eb877a
2186,8,2026-01-28 14:28:18.33818,95.875,35,c81d6e20-ffbd-451d-9b09-b130e288b200
2187,8,2026-01-28 14:28:24.001758,95.625,34.75,7c16d0a9-6f99-4124-b32e-fc99aca30958
2188,8,2026-01-28 14:28:29.681066,95.4375,35,71474d87-f423-4f7c-b883-82c5c046e5ac
2189,8,2026-01-28 14:28:35.367602,95.3125,35,99bd6146-c0c6-4051-8b49-bdeb6500b2ef
2190,8,2026-01-28 14:28:41.100158,95.1875,34.75,1a7ae708-ca8e-4f7c-b301-4133e1f021b5
2191,8,2026-01-28 14:28:46.733171,94.9375,35,ff8b6b8c-efff-48b8-ab1e-91f3a7237937
2192,8,2026-01-28 14:28:52.315532,94.6875,34.75,d3ae21a7-0ea2-404f-a5c2-b58a2a0ae655
2193,8,2026-01-28 14:28:58.000876,94.25,35,34d2b19a-87a9-41f8-96eb-fcb28ada1f8d
2194,8,2026-01-28 14:29:03.636299,94.125,35,901705bd-48c5-4ab5-80eb-da429c36179f
2195,8,2026-01-28 14:29:09.372658,93.875,35,eae09395-e1e6-4a1d-8e0e-31863e770415
2196,8,2026-01-28 14:29:14.998389,93.8125,35,4af980b7-c7f9-4182-990e-ff15f71b2fe0
2197,8,2026-01-28 14:29:20.734106,93.75,35,62bc006b-e85d-49a9-a855-fdd97f9c959b
2198,8,2026-01-28 14:29:26.463808,93.6875,34.75,2eb747d8-264a-4396-9da7-b9e996957082
2199,8,2026-01-28 14:29:32.14336,93.6875,35.25,925a4dd6-2d53-491a-b5fc-4e93c32f814e
2200,8,2026-01-28 14:29:37.834259,93.5625,35,311dd3cb-87da-4835-b055-c4958d8bc177
2201,8,2026-01-28 14:29:43.564818,93.5625,35,f8edbe65-2d67-404b-83df-5018cbce0b6c
2202,8,2026-01-28 14:29:49.302265,93.75,35.25,f97d8a0e-39c1-44be-8b05-749f71483053
2204,8,2026-01-28 14:30:00.770584,94.125,34.75,e85bb9f1-06a5-443b-8b11-29131842660e
2206,8,2026-01-28 14:30:12.106842,94.0625,35,2f868f94-88ef-4d29-a665-5968a78f6d7b
2207,8,2026-01-28 14:30:17.725161,93.9375,35,258389cc-c823-4cd4-ab78-23ddc9d1baad
2209,8,2026-01-28 14:30:29.033045,94,34.75,af5429ea-b5ec-4482-87b9-1771c19ef5c5
2212,8,2026-01-28 14:30:46.131622,93.75,35.25,69a9d34f-5754-4b29-8e13-4ecc84bbb345
2214,8,2026-01-28 14:30:57.501179,93.6875,35.25,74b3293e-e0ec-4c0e-b645-1e33c2099535
2217,8,2026-01-28 14:31:14.398899,93.6875,35.5,824af337-549c-4959-8ff7-9548d35254a4
2219,8,2026-01-28 14:31:25.764607,93.3125,35.25,a0105538-8ad9-4214-844a-50b017e74022
2220,8,2026-01-28 14:31:31.438523,93.125,35.25,2f17554f-1726-4833-abee-0713fcd5dfe5
2222,8,2026-01-28 14:31:42.763074,93.0625,35.5,7b1a678a-d12b-493f-9e71-b699bb3f93e2
2223,8,2026-01-28 14:31:48.505973,93.0625,35.5,03feeba7-a39d-48b8-9136-3e68558cbba7
2226,8,2026-01-28 14:32:05.598342,92.9375,35.25,5685e349-9e47-4ee4-918e-f300e7e215a2
2228,8,2026-01-28 14:32:17.009765,93.125,35.5,055170db-118c-4361-b56f-4eeb71ec05e3
2231,8,2026-01-28 14:32:34.064925,92.9375,35,eabe946f-4751-4d36-9725-cf16448a203e
2233,8,2026-01-28 14:32:45.435568,92.6875,35.5,af7d952a-1b9b-445d-8b2d-088f65342239
2234,8,2026-01-28 14:32:51.031384,92.875,35.5,c98637c8-2cb8-4b72-a145-5d6e5656048d
2235,8,2026-01-28 14:32:59.877473,93.1875,35.5,5a4fe41d-391d-4b6b-9073-6e974b6e2704
2236,8,2026-01-28 14:33:05.458961,93.25,35.5,686ff082-b461-4435-8c79-90fcdae3224c
2238,8,2026-01-28 14:33:16.73642,93.625,35.25,2eb3e1cb-40d6-4874-bb69-60d92308c814
2241,8,2026-01-28 14:33:33.706069,93.75,35.75,17af9c16-27ea-4e1e-a0ca-513afadff0f7
2243,8,2026-01-28 14:33:45.131908,93.9375,35.25,44a39815-c5ce-423d-ba82-1fb307e71a88
2246,8,2026-01-28 14:34:02.130177,94.25,35.5,19c1155c-444c-4b75-ba6d-287744400506
2753,8,2026-01-28 15:22:09.423642,88.5,41.75,fe911062-a2c3-44b7-a2fb-4682391c11ec
2755,8,2026-01-28 15:22:20.729504,88.8125,42.25,ba83c032-980d-4e27-95bc-2814a9b73e7a
2786,8,2026-01-28 15:25:17.574587,90,42.75,f1885efe-a97d-4687-96f3-d6fcc4e953c4
2788,8,2026-01-28 15:25:28.999668,90.3125,42.5,16c2ff9b-4041-4f25-8e52-fc7cee58ade6
2791,8,2026-01-28 15:25:46.204625,90.25,42.5,420f0ddb-a0e2-405d-a9b0-cdf98231fb2a
2793,8,2026-01-28 15:25:57.512963,90.25,43,53435278-1a8b-476c-8095-bca6c8940b20
2794,8,2026-01-28 15:26:03.202803,90.25,42.75,c269fde7-f881-4865-956a-bee9f1f9acfb
2796,8,2026-01-28 15:26:14.542012,90.3125,43,f85f9f59-f0b0-4d05-95ee-233ce807a95e
2798,8,2026-01-28 15:26:25.833116,90.1875,42.25,93108f1c-99e3-4f0d-b52e-6db8de7f1b87
2799,8,2026-01-28 15:26:31.566536,90.25,43,d9d17bf3-3b18-4c77-8a3b-18fd6a9b92fb
2801,8,2026-01-28 15:26:42.841448,90.125,42.75,53b899e0-6e98-4d1b-b019-176690e95c5c
2802,8,2026-01-28 15:26:48.564839,89.9375,42.5,14f9b378-8684-41b0-8d04-ffa80e5844cb
2803,8,2026-01-28 15:26:54.301317,89.9375,43.25,f0c72c0a-bf97-482a-9c19-aad808b88ec1
2805,8,2026-01-28 15:27:05.776176,89.875,42.75,a70cc0bf-cf1a-4a0a-ab45-9599ee385c48
2807,8,2026-01-28 15:27:17.237792,89.9375,43,4aa724dd-3269-4e2d-9545-41a523969d41
2808,8,2026-01-28 15:27:22.918068,89.6875,43.25,863437fa-faf4-4aae-8166-98b449e3902d
2810,8,2026-01-28 15:27:34.339859,89.6875,43,17189367-e6e3-45b5-8add-7b06de1b5fd2
2813,8,2026-01-28 15:27:51.440425,89.6875,43.25,b7ffba06-27aa-46e6-b27d-7406218e536d
2815,8,2026-01-28 15:28:02.848195,89.875,42.25,ea96ee59-89b5-470e-a382-43fb93bf4132
2818,8,2026-01-28 15:28:19.908364,88.875,43.25,ef746a75-6fe3-4861-b13a-71d894786d32
2820,8,2026-01-28 15:28:31.386811,88.375,43.25,69e936d4-0f5d-41f1-a74c-2e25e181cd03
2821,8,2026-01-28 15:28:36.982028,88.125,43,02a3eb44-cda9-4836-811f-bf21dd09e866
2823,8,2026-01-28 15:28:48.271414,88,42.75,f5834871-faa9-4a4e-9bff-857d31cbd509
2825,8,2026-01-28 15:28:59.638253,88.1875,43,584ebe97-5149-4925-9cee-f0b073d34e55
2826,8,2026-01-28 15:29:05.372528,88.125,43.5,3c159c1e-f878-44eb-a056-76d71a498e50
2828,8,2026-01-28 15:29:16.73897,88,42.5,4308678b-24fc-421f-8e92-9c2737045bba
2831,8,2026-01-28 15:29:33.83982,87.9375,43.25,666de45c-2f82-4c66-9e87-bf59bcbed6f4
2833,8,2026-01-28 15:29:45.206731,88.1875,43.25,c835a187-a1cc-448a-8ab2-b7fdcd294ac4
2836,8,2026-01-28 15:30:02.410554,88.625,43.25,797ffbe2-3d85-4aa2-86ea-b5b4b2fd555a
2838,8,2026-01-28 15:30:13.717742,89.125,43.25,35f8d26d-f48d-47c2-a1ad-e105021b65de
2839,8,2026-01-28 15:30:19.408879,89.25,43.25,4df4c6d4-5f9c-43be-9de1-d46d8968d4ab
2841,8,2026-01-28 15:30:30.877094,89.375,43.75,a83f4647-910e-43ed-b418-4c85dfbacaef
2843,8,2026-01-28 15:30:42.141193,89.4375,42.75,47d9c9ea-e771-4c78-8fed-553668af2005
2844,8,2026-01-28 15:30:47.818567,89.5,43.25,1740da6b-6053-498a-8b3c-92974a062f0f
2846,8,2026-01-28 15:30:59.242493,89.5,43,f68e1d27-d32f-4601-8b0d-c91c01d00332
2848,8,2026-01-28 15:31:10.60933,89.6875,43.25,79326555-8cf3-405f-b75c-451efbfe0ca7
2849,8,2026-01-28 15:31:16.344554,89.875,43.5,814803e1-d5c8-4a66-973e-cb42776d1a0a
2851,8,2026-01-28 15:31:27.75507,90.125,43.5,c48acb06-934b-4dbc-b1ae-b514c75f7687
2853,8,2026-01-28 15:31:39.178399,90.25,43.25,159f31e3-62e7-4d52-81f7-ae54c73481fe
2854,8,2026-01-28 15:31:44.810685,90.25,43.25,f8b06a47-792b-4957-8847-e9c289b8b713
2856,8,2026-01-28 15:31:56.279449,90.125,43.5,797277bc-9179-4e22-b95f-2c900393bf44
3023,8,2026-01-28 15:47:59.108545,91.25,45.5,c7139be1-7dc9-4451-a775-5aae5ff90e7b
3026,8,2026-01-28 15:48:16.051525,92.0625,45.5,8da03d58-344d-4731-9fb6-c046b6a9af55
3028,8,2026-01-28 15:48:27.417172,92.625,46,070e25cc-8794-442a-aa28-f81492e3b014
3029,8,2026-01-28 15:48:33.003576,92.9375,45.5,4b9d4eed-6c34-4a20-bdd6-8e0b81663404
3031,8,2026-01-28 15:48:44.266238,93.3125,45.5,051f805a-8f94-4c13-a337-caadd650a859
3033,8,2026-01-28 15:48:55.58378,93.75,45.75,9066450d-a6dd-4514-ad97-4e41a7eedaf1
3034,8,2026-01-28 15:49:01.311667,93.8125,45.75,a942271b-c104-488b-83f1-9c83f9492709
3036,8,2026-01-28 15:49:12.726047,94.1875,45.75,7139e7a9-44e6-41fb-b0f5-221a2ff6c7b2
3053,8,2026-01-28 15:50:52.319066,93.9375,46,67d9fdd4-0003-4894-bd58-43c4f95ec9db
3054,8,2026-01-28 15:50:58.053988,93.9375,45.75,d2846be7-3019-4c56-a031-ef08806534c2
3056,8,2026-01-28 15:51:09.416487,94,46.25,47214129-cb32-4d19-abf9-5f9c4813daf3
3058,8,2026-01-28 15:51:20.887509,93.875,46,dcf77cf0-8ee7-4f00-a3ab-4c5dad0e8318
3059,8,2026-01-28 15:51:26.623611,93.8125,46,b0f5df30-0d28-41a1-9359-9d8d230a9e24
3061,8,2026-01-28 15:51:38.191257,93.625,46,62c83418-b79f-4444-b2f7-a92eeb1b32e2
3064,8,2026-01-28 15:51:55.293336,94.375,46,cb9825f4-fdf7-4cf2-945e-862e0a666d72
3066,8,2026-01-28 15:52:06.744608,94.5,46,8a115d7a-7034-41c7-adcd-5203fef02b5a
3069,8,2026-01-28 15:52:23.762393,94.375,46.25,3353bb64-84f8-40f5-852d-90da3b8aaa82
3071,8,2026-01-28 15:52:35.126835,94.625,45.75,b167b8f6-91ac-43ad-b9aa-68b5de3525fe
3074,8,2026-01-28 15:52:52.332634,94.6875,46.25,b34e4255-53d0-4247-aab2-b1dc9c605b5a
3077,8,2026-01-28 15:53:09.532368,95.0625,46.25,8ac90561-eac2-4ee1-829d-202a54175125
3078,8,2026-01-28 15:53:15.269118,95.375,46.25,da0cd563-67bd-4763-9557-8246423b0723
3079,8,2026-01-28 15:53:20.901661,95.5625,46.25,ffda4e6e-a8a3-4162-8bdd-1e2ba7ac2043
3080,8,2026-01-28 15:53:26.633957,95.6875,46.25,4588ad9b-6824-47bb-87b6-41fc23ebbb39
2203,8,2026-01-28 14:29:55.035968,94,35.25,ed6682cf-f89a-413b-b861-8cca31faf9b7
2205,8,2026-01-28 14:30:06.513593,94.1875,35,0203fef7-6f62-4eff-9005-89ab4ed2b455
2208,8,2026-01-28 14:30:23.405584,94,35.25,d3a17684-8a46-4fd2-a668-eb694f069c0c
2210,8,2026-01-28 14:30:34.768314,93.75,35.25,c004a895-31fb-48a7-8657-3de6b36cffb1
2211,8,2026-01-28 14:30:40.398264,93.6875,35,d553fe8c-bb0b-4d83-b81c-9d39e1ae270b
2213,8,2026-01-28 14:30:51.870687,93.6875,34.75,c803d68e-99f4-4e0e-96ec-e35385752000
2215,8,2026-01-28 14:31:03.094001,93.6875,35.5,444a5c34-d39a-4340-96aa-8c1ea7680e8f
2216,8,2026-01-28 14:31:08.764925,93.6875,35.5,4f288374-d232-4dea-94dd-304768bf98b8
2218,8,2026-01-28 14:31:20.131489,93.4375,35.5,78459e37-cb50-4796-b9dc-3f9fb4b47e5e
2221,8,2026-01-28 14:31:37.070906,93.0625,35,88acdd93-b961-4d4f-8a63-da5ed9b3c28f
2224,8,2026-01-28 14:31:54.232445,93,35.5,8ea2a273-40ea-4844-8d6b-68b5788983f9
2225,8,2026-01-28 14:31:59.908621,92.875,35.75,b2c2905b-63b1-48e9-b717-2bc40f00132a
2227,8,2026-01-28 14:32:11.332419,93.0625,35.5,a5e723e1-682c-42ae-8c65-81ba5b519700
2229,8,2026-01-28 14:32:22.699386,93.0625,35.5,f0a3b893-c0f9-4bd6-9237-960bf9849b56
2230,8,2026-01-28 14:32:28.440478,92.9375,35.25,fddfff66-6416-4655-9091-d48778246b63
2232,8,2026-01-28 14:32:39.801193,92.6875,35.25,2dc0f7ab-a380-49bb-807d-1822b5325eae
2237,8,2026-01-28 14:33:11.136959,93.375,35.5,6823b050-ee12-4baa-8be6-1cf767b7f651
2239,8,2026-01-28 14:33:22.34269,93.6875,35.5,e406e0a2-c6da-43e9-a9de-17a3007a8ead
2240,8,2026-01-28 14:33:28.031458,93.75,35,6a67c72b-fc5d-47b2-973e-0a6c10561667
2242,8,2026-01-28 14:33:39.39417,93.8125,35.5,4e75acc8-4125-47dd-94f5-6a9c4b9ebed2
2244,8,2026-01-28 14:33:50.720887,94.0625,35.5,bfd95b67-0c75-478b-baa1-b57d550bf7e2
2245,8,2026-01-28 14:33:56.396281,94.125,35.75,2478f0fa-1b4a-40a1-9805-380925727fd3
2247,8,2026-01-28 14:34:07.867894,94.25,35.5,063e6411-dc0e-4e8d-9dac-e13b8e79c34d
2248,8,2026-01-28 14:34:13.543174,94.1875,35.5,2a6735f8-1f69-4813-8b39-a668409fe2ac
2249,8,2026-01-28 14:34:19.235087,94.1875,35.75,7429e32d-e38f-4a33-a4fd-509145496ba8
2250,8,2026-01-28 14:34:24.96394,94.625,35.5,f6a7808f-2ac6-48a4-be5b-b927bc5bdce4
2251,8,2026-01-28 14:34:30.70299,95,35.75,ace325d2-81f3-4061-83ec-08b42228685d
2252,8,2026-01-28 14:34:36.375976,95.0625,35.5,9cd9cfaa-b586-4123-8fef-14a88b76d0a3
2253,8,2026-01-28 14:34:42.067656,94.9375,36,67cb716f-37ec-46e5-8529-2d3c085a7925
2254,8,2026-01-28 14:34:47.66356,94.8125,35.75,63e18719-dd11-40c9-af6e-5fcaa1af0fbe
2255,8,2026-01-28 14:34:53.273296,94.5625,36,7080c6df-3a6c-4a17-bcaa-0945e9cbc6d1
2256,8,2026-01-28 14:34:58.961564,94.4375,35.75,79b82db5-fa7b-42fa-bef6-2a47b8e8c713
2257,8,2026-01-28 14:35:04.696414,94.375,36,4eaab5e1-4ad3-4899-9d07-f4874261a636
2258,8,2026-01-28 14:35:10.433542,94.3125,35.75,335e40c0-3698-49a9-823b-eee8beac7bbd
2259,8,2026-01-28 14:35:16.107034,94.1875,35.75,bb6f96d3-1776-4c6e-9f17-280969983864
2260,8,2026-01-28 14:35:21.797978,94,35.75,a8e41ca8-9b44-4245-b9cc-d1e26b968806
2261,8,2026-01-28 14:35:27.473472,94.0625,35.75,8cf08f42-a04a-4989-ab5a-d5a64e304ae3
2262,8,2026-01-28 14:35:33.130058,93.9375,35.75,b243e1de-7a43-4eaa-be18-fe113fe1c529
2263,8,2026-01-28 14:35:38.792956,93.6875,35.75,10ca7bf3-f30e-459a-b2cb-8cb6301e39a6
2264,8,2026-01-28 14:35:44.469412,93.6875,35.75,c030f1ca-9ffd-47cb-b256-a44bc2f4517f
2265,8,2026-01-28 14:35:50.160318,93.9375,36,1e0ad914-902d-4e78-9006-ad79b4f55ee2
2266,8,2026-01-28 14:35:55.89665,94.1875,35.75,58edc72c-2eb9-41c7-8441-669185476b21
2267,8,2026-01-28 14:36:01.526967,94.375,36,466a0826-0fdf-451d-9234-93d761d8cc4e
2268,8,2026-01-28 14:36:07.260995,94.5625,36,360c433e-04d7-40a7-9f74-124d104c90dd
2269,8,2026-01-28 14:36:12.892378,94.5625,36.25,98e2def9-239c-4aac-a8d2-eb69431e4101
2270,8,2026-01-28 14:36:18.497446,94.5625,35.5,e88db0a3-d7e9-4b1f-8027-030c18376925
2271,8,2026-01-28 14:36:24.158249,94.625,35.75,9d8ea7f5-c54f-4ec0-88f7-ee71b3e7a520
2272,8,2026-01-28 14:36:29.905643,94.625,36,fff92bad-d7d7-4c07-94b6-651e1b3cd7ba
2273,8,2026-01-28 14:36:35.625758,94.75,36,6bf03a35-17b1-4915-832a-0c7f0b13c132
2274,8,2026-01-28 14:36:41.361568,94.75,35.75,8834ba24-7b05-4898-9c86-59c638e864cf
2275,8,2026-01-28 14:36:47.095815,94.875,36,bae958e3-ea6d-4f63-bc90-cdc32bc41273
2276,8,2026-01-28 14:36:52.829966,95.125,36,58d0b95c-c8fb-4b34-a246-7dc7c5eccb85
2277,8,2026-01-28 14:36:58.573514,95.25,35.75,848b07ec-c4f7-49dc-a423-8ee629f5a061
2278,8,2026-01-28 14:37:04.297716,95.4375,36.25,545e7b29-2cb2-41e7-a1fe-71f4d25c7354
2279,8,2026-01-28 14:37:10.032366,95.6875,36,9bc8e671-aa27-4bd9-ae30-424649d3bc80
2280,8,2026-01-28 14:37:15.716596,95.75,36,79769ca7-6f57-4932-a293-aed6ae63d917
2281,8,2026-01-28 14:37:21.348147,95.75,36.25,f3c98d81-95a2-4a10-9b40-53fcd8911bb0
2282,8,2026-01-28 14:37:27.030534,95.8125,35.75,a2bbbfdd-a6e1-4077-9ba8-64d4b4d6377d
2283,8,2026-01-28 14:37:32.627793,95.875,36.25,3af80b65-0651-4c52-93df-20591a9cf7d9
2284,8,2026-01-28 14:37:38.294824,95.875,36,256e18ec-5906-4ea1-8c4a-083551fbf846
2285,8,2026-01-28 14:37:43.984608,96.125,36,24c7e441-b8a0-4a07-a771-701cb0f89210
2286,8,2026-01-28 14:37:49.6677,96.1875,36,49a9c1be-31f3-4c1d-83b6-213c135aa6e9
2287,8,2026-01-28 14:37:55.611262,96.1875,36.25,989e8746-db3e-404b-bbf9-d22a3c8767c3
2288,8,2026-01-28 14:38:01.232609,96.3125,36.25,7b2a70ad-c003-45a3-9592-2ad701825ce0
2289,8,2026-01-28 14:38:06.970628,96.5625,36.5,8dc90147-2ff1-4c2d-ad83-b3765d9227ac
2290,8,2026-01-28 14:38:12.701527,96.8125,36.25,20ef0619-03d4-4e6c-962e-a29dbb73f699
2291,8,2026-01-28 14:38:18.333537,97,36.5,1c0c1ceb-4de3-4ecc-a712-310681c9e999
2292,8,2026-01-28 14:38:24.067907,97.0625,36,d4956da4-17c7-433e-9b20-cf00f47906a1
2293,8,2026-01-28 14:38:29.80285,97.1875,36.25,4a1feb42-a200-497e-a8d0-860d3e7e18ef
2294,8,2026-01-28 14:38:35.537005,97.375,36.25,9c5452a3-b7fb-46eb-a43e-b8093be6054b
2295,8,2026-01-28 14:38:41.274248,97.5625,36.25,4f66834d-d03e-4d8f-95dd-f7902a94120b
2296,8,2026-01-28 14:38:46.904193,97.6875,35.5,399d9cb1-dcec-4fe6-8a17-32b4cd09266e
2297,8,2026-01-28 14:38:52.535713,97.5,36.5,e801ecf6-3101-4c20-ade8-96f5c9a6f2bc
2298,8,2026-01-28 14:38:58.220291,97.3125,36.25,762a543f-a4b5-4bc4-8f6e-afaa7c7d740c
2299,8,2026-01-28 14:39:06.769289,97.375,36.5,38653521-989a-46b7-94d7-e0d669c2dffb
2300,8,2026-01-28 14:39:12.387563,97.5625,36,c4793ba4-abe1-4d5c-b57d-1c25b42e82ab
2301,8,2026-01-28 14:39:18.137887,97.625,36.25,f1347516-13f3-426c-b6f8-79e00110f0cd
2302,8,2026-01-28 14:39:23.733545,97.5625,36.25,b2db7e6a-9f4b-4dfc-972e-da12d51e4667
2303,8,2026-01-28 14:39:29.399939,97.5,36.5,b7f23a52-60fd-442c-a954-f3d3d6cb982c
2304,8,2026-01-28 14:39:34.99883,97.6875,36,e89a62f7-1b2d-43c0-a489-8a643d99ff34
2305,8,2026-01-28 14:39:40.671952,97.75,36.25,a34fd6c0-83a8-431e-9316-73bd85bf8daf
2306,8,2026-01-28 14:39:46.405129,97.6875,36.25,a7bf0689-56e6-4ae4-966b-563d1d66205e
2307,8,2026-01-28 14:39:52.135441,97.6875,36.25,603208f5-c237-432e-a096-c1aec480e1ad
2308,8,2026-01-28 14:39:57.868953,97.75,36.5,16341142-412e-46d9-b0d5-2be0eacd087a
2309,8,2026-01-28 14:40:03.545628,97.875,36.25,884fc388-3f20-4315-93a4-b9f8b7fb61cc
2310,8,2026-01-28 14:40:09.237167,97.75,36,fe761cd1-1421-43f7-9ab0-f28e4bae18db
2311,8,2026-01-28 14:40:14.968396,97.625,36.5,874678da-35bf-44f6-be3e-66b9c4f73c35
2312,8,2026-01-28 14:40:20.605167,97.625,36.5,2af83598-4ef6-49c9-b6e3-c8fdc3b05120
2313,8,2026-01-28 14:40:26.234134,97.6875,36.75,7de03bdf-206b-4e69-b51c-2f938d31e052
2315,8,2026-01-28 14:40:37.500429,97.75,36.5,55b30ad0-7300-4b5d-af0b-2ec73aa8ff32
2318,8,2026-01-28 14:40:54.495934,97.5,36.25,b70f9372-b805-4582-859e-d9a78bab814e
2320,8,2026-01-28 14:41:05.758826,97.25,36.5,537d41bc-4c58-466b-bf3c-d527aafc28d6
2321,8,2026-01-28 14:41:11.495396,97.1875,36.5,e43b9743-eec1-4330-931b-bd30c591b937
2322,8,2026-01-28 14:41:17.229424,97.125,36.75,5bd58024-a631-46c7-9ffa-075423b7789e
2324,8,2026-01-28 14:41:28.700492,97,36.75,d706e881-adf8-40ca-bb6c-d5eaa6e631f8
2326,8,2026-01-28 14:41:40.166083,96.5625,36.5,55af6749-024c-4d58-b172-1c9093365ba3
2329,8,2026-01-28 14:41:57.274666,95.5,37.25,fb00f703-0128-4015-8a94-e01f6109aa02
2331,8,2026-01-28 14:42:08.635425,91.6875,36.75,5c0fdda0-999a-4c89-aa0f-c0802480f165
2334,8,2026-01-28 14:42:25.58516,91.5,36.5,b1d5d02c-506c-453e-befe-de3e9ba4c098
2336,8,2026-01-28 14:42:36.965728,91.625,36.5,d02afc31-c860-4011-a9cb-eb484394c2bc
2339,8,2026-01-28 14:42:53.997089,86.9375,36.75,6d8e09f5-73a1-401d-9f3d-d0d1ad301257
2341,8,2026-01-28 14:43:05.363628,84.625,37.5,612abd06-1812-42c6-b923-eddaf27fe924
2343,8,2026-01-28 14:43:16.695015,85.125,39.25,8a4b4236-5f28-44fe-acb1-335b59a395b3
2344,8,2026-01-28 14:43:22.363445,85.6875,39,bf3db6b9-35d9-477f-857d-ea4170cfa348
2345,8,2026-01-28 14:43:27.994404,86.375,39.5,bc2ec1b4-3888-4317-9189-a9484910685c
2347,8,2026-01-28 14:43:39.36053,87.875,39,29073b1a-2f05-4a4a-801c-bd308778e0d7
2350,8,2026-01-28 14:43:56.256693,90,39.5,3f5faf17-9500-4340-bcfd-85d987096097
2352,8,2026-01-28 14:44:07.694055,90.75,37.25,a86f1063-ff8d-48f0-91c1-b4393c1c4a4d
2355,8,2026-01-28 14:44:24.624707,90.875,37.25,9e9a05a6-9160-40e7-aba9-5cd5faf30a13
2357,8,2026-01-28 14:44:36.090563,91,37.25,fae18335-9e43-4fca-a1f9-26cd238febea
2360,8,2026-01-28 14:44:53.01083,91.1875,37.5,1f9777a6-223c-43b1-9be2-ab6d26035ab2
2362,8,2026-01-28 14:45:04.353069,91.5,37.5,f7a83267-8136-4221-a86e-7a5a16e34473
2365,8,2026-01-28 14:45:21.457048,91.8125,37.25,1bfa17e4-80b6-4054-bec5-6626c2db430b
2367,8,2026-01-28 14:45:32.821097,91.9375,37.5,5af584e1-90ac-4087-9959-3a976dceadb0
2370,8,2026-01-28 14:45:49.921356,92,37.25,407a566c-0c57-4cd7-862d-51a27af2ca1a
2372,8,2026-01-28 14:46:01.356433,92.125,37.5,fae4cb3c-c164-4417-a059-213f77e34d48
2374,8,2026-01-28 14:46:12.654528,92.1875,37.25,659ba2eb-103b-4e8b-b61a-b9cb743fe605
2375,8,2026-01-28 14:46:18.28751,92.25,37.25,a0ddc347-dfcc-40fa-9b61-23ee0b52cd47
2377,8,2026-01-28 14:46:29.653033,92.4375,37.75,e96bac5c-1def-4f4d-b5e6-c224d0b8ab30
2379,8,2026-01-28 14:46:41.020882,92.5625,37.5,7a9cc40f-f5b6-459e-a739-7fdf6e4c18f9
2380,8,2026-01-28 14:46:46.753523,92.6875,37.5,ced2fbd4-bfec-48b7-b607-a62d59ddd355
2382,8,2026-01-28 14:46:58.121252,92.5,37.75,439b17a1-c327-47b8-bf17-eaa87839618c
2384,8,2026-01-28 14:47:09.590531,92.5,36.75,63f1fd0f-4856-47e6-b3e8-fb377ff69a04
2385,8,2026-01-28 14:47:15.26708,92.4375,37.25,72b2f622-ea12-4613-8ebf-25f75ea470da
2387,8,2026-01-28 14:47:26.610623,92.25,37.5,4d4c6aea-f8f7-411a-be51-9d90fcad1178
2389,8,2026-01-28 14:47:37.955861,92.3125,37.5,9d8c6785-bd7e-421b-94cb-85e8150e0f16
2390,8,2026-01-28 14:47:43.595596,92.3125,37.75,44602558-076e-4dde-9e94-dc3f715a0f91
2392,8,2026-01-28 14:47:54.793865,92.3125,37,e1650203-9802-4d37-9cec-13170402c35a
2394,8,2026-01-28 14:48:06.217847,92.3125,37.5,262164e2-99c5-42aa-b73e-9e2884ba9138
2397,8,2026-01-28 14:48:23.156277,91.875,38,173e558b-1214-464d-ad8d-7e73decf3a6d
2399,8,2026-01-28 14:48:34.538445,91.625,37.75,fd64bf01-a673-4b3f-b703-6e5cb2f07afd
2402,8,2026-01-28 14:48:51.525942,91.4375,38,6292b493-0614-433a-8291-56c571c91dd5
2404,8,2026-01-28 14:49:02.749526,91.1875,38,677e713d-1d87-4ceb-8cae-c6c3c22a9b4a
2405,8,2026-01-28 14:49:08.483316,91.0625,37.75,30b8052f-07ca-41c1-876f-1208ca11cdd6
2407,8,2026-01-28 14:49:19.842904,91.1875,37.75,20a21376-5d27-41a8-8597-ba746ce48540
2410,8,2026-01-28 14:49:36.988353,91.5,38,1819cc11-f9e5-4123-8343-aef1994149cd
2412,8,2026-01-28 14:49:48.285744,91.375,38.25,bccbfc41-7621-4722-a66f-eb9e1729ecb4
2415,8,2026-01-28 14:50:05.383666,90.9375,38.25,c5e217a0-6ea6-4e5f-831b-e64d77e2e02f
2417,8,2026-01-28 14:50:16.677759,90.875,38,5d411feb-7c14-418c-bc4d-111487bed7da
2418,8,2026-01-28 14:50:22.308031,91.0625,38,ed90cde8-2f46-48bb-8291-15819e37a44b
2420,8,2026-01-28 14:50:33.500494,91.25,37.5,0e4a8cc9-6e1b-490f-8086-42447d2e25cf
2423,8,2026-01-28 14:50:50.571516,91.625,38.25,e8119c77-e7c8-4523-aeaa-54f6776e4e4b
2425,8,2026-01-28 14:51:01.836409,91.875,38.25,26e9eadd-cdac-44a6-85ca-856150312270
2428,8,2026-01-28 14:51:19.037732,91.9375,38.25,6d58b743-3f93-4ecf-878d-d56ef7deddca
2430,8,2026-01-28 14:51:30.50947,91.5,38.25,b5d14816-1b82-4bcd-b1a9-7dfc2915075d
2431,8,2026-01-28 14:51:36.185063,91.1875,38.25,8b99ee8c-2381-4ee4-a922-2a23206d5999
2433,8,2026-01-28 14:51:47.551677,90.8125,38.25,a904b2fb-9ab9-4c34-99a5-0babb7e9a44b
2435,8,2026-01-28 14:51:58.933298,90.5,38.25,eaf88d6c-0ea6-494f-9087-15c47406558f
2436,8,2026-01-28 14:52:04.610257,90.4375,38.25,d97ea50f-c35e-4542-914d-333893eb668e
2438,8,2026-01-28 14:52:16.075081,90.1875,37.75,4b1bfba8-7521-4a4f-b67d-db5a90e377eb
2441,8,2026-01-28 14:52:33.182621,90.25,38.5,86819063-7cbf-4a7f-9753-df56a0c68e57
2443,8,2026-01-28 14:52:44.549637,91.0625,38.5,939b9f9c-65f2-493f-95b9-68d5d6fca3b0
2446,8,2026-01-28 14:53:01.863344,91.9375,38.25,b14168dc-ce4f-476e-83be-3ec1a00cd65d
2448,8,2026-01-28 14:53:13.080884,91.875,38.5,db5ab273-dacb-4dae-90aa-3e547efb8f1f
2449,8,2026-01-28 14:53:18.746532,92,38.5,aae5390b-7fdb-4a39-a29c-3752ddba0690
2451,8,2026-01-28 14:53:30.013788,92,38.25,b624bdc9-df54-4dc6-8071-924bcbd0edb8
2453,8,2026-01-28 14:53:41.375338,92.25,38.25,3bc48e8a-5ffb-4f5b-88a7-7260befac128
2454,8,2026-01-28 14:53:47.058735,92.375,38.25,653b7897-b3bc-46fd-ab1f-61d2100dc114
2456,8,2026-01-28 14:53:58.379571,92.6875,38.25,57fced02-7c2a-431c-9631-1437ea250a9d
2459,8,2026-01-28 14:54:15.580562,93.1875,38.75,53bce23e-d869-401e-853b-ca85529ebb95
2461,8,2026-01-28 14:54:26.94501,93.4375,38.5,5c1dd410-bf6b-4463-a4aa-b229e4da13a4
2462,8,2026-01-28 14:54:32.530692,93.4375,38.75,ba2191af-19c6-460a-87a3-341f544c093a
2463,8,2026-01-28 14:54:38.208248,93.4375,38.75,000c613b-95c6-4e65-9bc2-425c46a611ed
2464,8,2026-01-28 14:54:43.913523,93.375,38.75,c33666a8-da7c-4a90-86c8-33f259ef2636
2465,8,2026-01-28 14:54:49.577879,93.375,38.75,d539cd11-83d4-4ace-aa55-0182fc216970
2466,8,2026-01-28 14:54:55.310021,93.1875,38.25,ff0febdf-0dcf-4856-960a-70ed2bc8e1b1
2467,8,2026-01-28 14:55:01.256911,93.0625,38.5,df9f4ae0-0b0a-46bc-bea2-f1bd1bd0c772
2468,8,2026-01-28 14:55:06.926731,93,38.75,5fb11bc9-3985-4009-bf1e-191e48b2094f
2469,8,2026-01-28 14:55:12.621515,93.1875,38.75,6d518103-a93a-45b8-89bc-2b697bc20dda
2470,8,2026-01-28 14:55:18.559049,93.5,38.75,09c1612f-a263-4e44-9daf-24e5c6e07865
2472,8,2026-01-28 14:55:29.924941,93.5,38.75,46c2c56b-d6ef-43e0-b955-31b497d83faf
2473,8,2026-01-28 14:55:35.655174,93.375,39,b2125133-c8a2-47b3-9805-238b2d2cf259
2475,8,2026-01-28 14:55:47.12449,93.4375,38.75,1e259169-8dea-4672-9ca6-ab248f16353c
2477,8,2026-01-28 14:55:58.591851,93.5625,38.75,8d67bf87-bd45-4f7a-9471-75ef42d3d455
2480,8,2026-01-28 14:56:15.532995,94.125,39,c96fa6bd-cef0-4339-8cc3-744b720b66d8
2482,8,2026-01-28 14:56:26.957709,94.0625,38.75,b5510c5b-98cd-4e03-b1e6-21f04403df85
2314,8,2026-01-28 14:40:31.823574,97.6875,36.5,6a8ade82-328f-4e81-ad54-92d119f5327f
2316,8,2026-01-28 14:40:43.12896,97.75,36.75,e8175f17-a175-42b4-a677-fe3ff404eee2
2317,8,2026-01-28 14:40:48.778367,97.5625,36.75,bbebc45c-ebf1-4df5-8fa0-ed0e958ff173
2319,8,2026-01-28 14:41:00.096457,97.4375,36.5,c9c3ad0f-b3b3-460a-91be-54538c2d63b7
2323,8,2026-01-28 14:41:22.963046,97.0625,36.75,fd756099-5bb4-4a1e-95a6-9b81deb08a5d
2325,8,2026-01-28 14:41:34.434966,96.6875,36.5,4ba33a02-7e34-4779-bb09-2b1875437009
2327,8,2026-01-28 14:41:45.799691,96.5,36.75,1b5cb28a-22be-4ad1-b884-849caec6422a
2328,8,2026-01-28 14:41:51.532354,96.5,37,1a8a8469-5668-45d2-b8f5-1bfaebed9411
2330,8,2026-01-28 14:42:02.872266,93.25,36.25,59e842d5-7b45-4488-bee3-c0ce1a44120c
2332,8,2026-01-28 14:42:14.266695,91.25,36.75,61ae9c63-d520-4957-8f9b-a728d62892f0
2333,8,2026-01-28 14:42:19.999919,91.4375,36.25,db158f98-c4d6-4ba8-b11c-be3427e41728
2335,8,2026-01-28 14:42:31.266824,91.5625,36.75,98863b59-2d14-4588-874b-261af08f9c04
2337,8,2026-01-28 14:42:42.583504,91.1875,36.75,cfe965ca-08ce-4f61-82f2-b8ceb1e42867
2338,8,2026-01-28 14:42:48.263814,89.25,36.25,d307a93f-3d68-4eb5-9aec-a4cba0083132
2340,8,2026-01-28 14:42:59.742589,85.1875,37,c70f2daf-eb77-4540-bdd5-a478fde0bc59
2342,8,2026-01-28 14:43:11.099076,84.75,38.75,8d87dffa-97f1-4132-bd67-ef95daa93ce2
2346,8,2026-01-28 14:43:33.603024,87.0625,39.5,2667d917-c8f6-4b1e-ba0f-5d4d8c3a81a6
2348,8,2026-01-28 14:43:44.948995,88.6875,39.25,8f1f8991-fe66-4f5f-9b50-b8f8aeda0b82
2349,8,2026-01-28 14:43:50.578129,89.5,39,717203ac-506d-4651-9ffc-9a82227adc32
2351,8,2026-01-28 14:44:01.990775,90.5,37.25,349a45b4-766e-4e7f-b87e-83e29aa6ce62
2353,8,2026-01-28 14:44:13.350464,90.6875,37.25,43c48127-9501-4759-a898-6400472b6bb8
2354,8,2026-01-28 14:44:18.954006,90.75,37,71abd202-0227-4678-92ea-6914327eb7a6
2356,8,2026-01-28 14:44:30.358497,90.9375,37,e55c6c56-3032-40fc-9c5e-f4a22e865e7f
2358,8,2026-01-28 14:44:41.728315,91.0625,37.25,37f2611c-4994-4ff7-aa6c-9d9648fb06eb
2359,8,2026-01-28 14:44:47.415353,91.125,37.75,f9ef77ea-1299-439e-a0fc-d50da5e1d141
2361,8,2026-01-28 14:44:58.72119,91.375,37.5,036c323a-18f4-40c1-a634-02d22c8a4f7c
2363,8,2026-01-28 14:45:10.032938,91.5625,37.75,1838a782-1652-4323-a390-282014f99169
2364,8,2026-01-28 14:45:15.719643,91.625,37,441657f2-8282-425b-918a-643dc1e9f268
2366,8,2026-01-28 14:45:27.188516,91.75,37.25,f8b82073-b224-4c79-90a4-217d95999514
2368,8,2026-01-28 14:45:38.558111,92,36.5,b0422f5d-7615-4c0f-ae48-2536702578c1
2369,8,2026-01-28 14:45:44.18896,92,37,fe13dff0-c879-4864-a96e-57f49cab1b59
2371,8,2026-01-28 14:45:55.655993,92,37.5,04156718-1b30-4539-8b35-231791357a2b
2373,8,2026-01-28 14:46:07.024235,92.1875,37.75,b4d75e84-a433-46ab-9bad-4301b8cea684
2376,8,2026-01-28 14:46:23.964465,92.375,37.75,17e8fcd4-3e50-47da-a7a9-f2b8728f7976
2378,8,2026-01-28 14:46:35.339276,92.4375,37.25,259cccb3-0175-48bb-9cfd-53c82beba07d
2381,8,2026-01-28 14:46:52.431674,92.5625,37.75,557d54e3-f49e-415f-a48d-5e663ec6f9b9
2383,8,2026-01-28 14:47:03.856677,92.5,37.75,03925f9f-b57e-42c2-852e-2239cffb2e06
2386,8,2026-01-28 14:47:20.905327,92.4375,37,3e6cddd9-6284-494e-a35b-ec7224205984
2388,8,2026-01-28 14:47:32.2755,92.3125,37.5,4cfaf1a1-417c-4b28-b365-87e044f107a0
2391,8,2026-01-28 14:47:49.196562,92.25,38,6e39d3f0-51c8-4d90-9e68-b47a4ec64258
2393,8,2026-01-28 14:48:00.48417,92.3125,37.5,88d63c9b-5ca5-4547-95cb-8fb5a9e384b3
2395,8,2026-01-28 14:48:11.893595,92.0625,37.75,ea80c1b6-c9b8-42d5-abc7-fc8166be69cb
2396,8,2026-01-28 14:48:17.564892,91.875,37.5,4e1c27a6-7be4-466d-92d3-b3104bc7b4c4
2398,8,2026-01-28 14:48:28.848786,91.75,37.75,0d2b087c-91b3-4960-842d-ff5d6ee18e0d
2400,8,2026-01-28 14:48:40.227194,91.5625,38,7018660c-5257-43fd-89c3-c74dda537449
2401,8,2026-01-28 14:48:45.854191,91.4375,37.75,6ecf0fa1-e863-479f-85b3-a8ac3cb6379c
2403,8,2026-01-28 14:48:57.128279,91.3125,37.75,f22d0a50-11d7-4e36-988e-e5f2e1ebdc14
2406,8,2026-01-28 14:49:14.190867,91.125,37.75,dee49bf3-1dc0-4b7d-94db-02c98cf0e2c2
2408,8,2026-01-28 14:49:25.580478,91.25,37.75,77f4b0eb-248e-43a3-98c5-8d84cab45720
2409,8,2026-01-28 14:49:31.331599,91.375,38,8845733f-8e9c-4b7c-9bfe-9c3862708932
2411,8,2026-01-28 14:49:42.678328,91.5625,38,b4f4ccc7-06ab-496e-aa05-c6c1f36d568b
2413,8,2026-01-28 14:49:54.045792,91.1875,37.5,dc7ad6fa-1c27-40ed-8ee6-9e84e31357fd
2414,8,2026-01-28 14:49:59.75314,91.125,38,6ea3bf2f-cf3b-4983-a71f-e97f9b1ec5a6
2416,8,2026-01-28 14:50:10.986049,90.8125,38,6b5c2606-a219-438e-8785-8058d6d00f78
2419,8,2026-01-28 14:50:27.893281,91.1875,37.75,b759454c-49fa-47cf-9429-c1660e080177
2421,8,2026-01-28 14:50:39.159713,91.3125,38,dbe05b33-39a0-497a-b916-b55f90b76624
2422,8,2026-01-28 14:50:44.841955,91.5,38.25,e66891f6-34fe-4c3e-b839-bf5a04c73a31
2424,8,2026-01-28 14:50:56.204932,91.75,38.25,4aab484c-0515-4691-bc09-ec8843d169fd
2426,8,2026-01-28 14:51:07.570816,91.9375,38.25,7b952c31-1531-4c1d-915f-830eb9e8fa99
2427,8,2026-01-28 14:51:13.303619,91.9375,38,b87771ae-fef6-4927-96fb-ae560b32733d
2429,8,2026-01-28 14:51:24.774273,91.75,38.25,8f13175c-6874-4815-9a64-22a3c69a9b7f
2432,8,2026-01-28 14:51:41.879468,91.0625,38,1503714f-7ce9-4dab-99d2-2beca1a46669
2434,8,2026-01-28 14:51:53.244413,90.625,38.25,b1e59456-7945-4ade-9429-22240939959b
2437,8,2026-01-28 14:52:10.340332,90.3125,38.25,265f4d8b-b41a-49dc-98b4-9cc563a26b01
2439,8,2026-01-28 14:52:21.782236,90.0625,38.25,b60918cc-6860-4190-a3ec-b6145fe30a21
2440,8,2026-01-28 14:52:27.545133,89.9375,38.25,e785d038-34e0-4e71-b9aa-20d1b5c7a01a
2442,8,2026-01-28 14:52:38.808461,90.75,38.5,d0110ce4-3740-4014-ad5d-fb09ae7ed4ef
2444,8,2026-01-28 14:52:50.280817,91.375,38,ecce7bfe-238f-464d-bcde-4635abb25400
2445,8,2026-01-28 14:52:56.125222,91.6875,38.5,a998a9a9-bcd1-443b-8718-4340208521db
2447,8,2026-01-28 14:53:07.483359,92,38,af2fe2ba-65f2-479f-b47c-7f2bea323604
2450,8,2026-01-28 14:53:24.348195,91.9375,38.5,2818a5f1-18fe-4247-9c4c-2c2bffc730cb
2452,8,2026-01-28 14:53:35.69369,92.125,38.5,59f68ac2-cedf-415c-84c8-db8c5b499cbc
2455,8,2026-01-28 14:53:52.692426,92.5,38.5,88f61dbd-4b26-4a9f-b89f-e0f15062d554
2457,8,2026-01-28 14:54:04.110019,92.9375,38.25,ed3e5a05-e97a-463d-8edc-219603a2d07d
2458,8,2026-01-28 14:54:09.842743,93.0625,38.75,b42d424b-02cf-4cac-97f3-7d6263872f2a
2460,8,2026-01-28 14:54:21.312977,93.375,38.75,160412bb-f80b-4abe-9941-4c97559598ac
2471,8,2026-01-28 14:55:24.28748,93.625,38.5,3380c9a8-0030-499d-8c44-298a7e049c1c
2474,8,2026-01-28 14:55:41.389197,93.3125,38,e0114b05-a57d-4f91-a508-4214aae1cb77
2476,8,2026-01-28 14:55:52.859579,93.5,38.75,a2373d6b-aff3-41bb-ad67-a48707e9b36b
2478,8,2026-01-28 14:56:04.286637,93.625,38.75,44b3fd9a-c71e-4016-a19a-4c9138074647
2479,8,2026-01-28 14:56:09.883737,93.8125,38.75,fb93982d-2006-4423-ae41-e01b06c1fbe1
2481,8,2026-01-28 14:56:21.222793,94.125,38.5,8005a2ee-6e98-4879-bd3b-b8f350de8fba
2483,8,2026-01-28 14:56:32.692676,94.125,39,d89ecca0-f9b6-44c8-8edf-3f03af9513fe
2484,8,2026-01-28 14:56:38.434665,94.25,39,c097fa2a-b374-4375-88f2-54ff830a9fc6
2486,8,2026-01-28 14:56:49.79382,94.5,39.25,a8ad84c3-6de2-463a-8754-c922e2dadddc
2488,8,2026-01-28 14:57:01.263861,94.8125,39,43f05b33-be3a-43dc-bc5e-b177e33b4159
2489,8,2026-01-28 14:57:06.996443,94.75,39,536b8e8a-eb34-4ce7-a464-bb02c84bc66d
2491,8,2026-01-28 14:57:18.464744,94.5625,39.25,c06f1679-4f8b-495b-b8e3-de709f9952d1
2485,8,2026-01-28 14:56:44.106134,94.3125,38.5,ae4d6690-034a-43bf-9e43-9e1153e868e7
2487,8,2026-01-28 14:56:55.527127,94.5625,39,af678c8d-b846-4442-a57a-233135b1e0aa
2490,8,2026-01-28 14:57:12.730592,94.6875,39.25,3f6325fe-f0dc-4b25-9eff-425a230ce859
2492,8,2026-01-28 14:57:24.106127,94.5,39.25,d8158a74-020a-4f76-abd1-e2ae808bd31e
2495,8,2026-01-28 14:57:41.042984,94.75,39.25,6ede1db7-51a9-4572-bc37-a2599ba416ee
2497,8,2026-01-28 14:57:52.417841,94.75,39,f9ecb46a-cefb-4fe7-9b59-64894a3c3c8a
2498,8,2026-01-28 14:57:58.076631,94.75,39,1076f271-4869-4356-b8ce-c82b1e0594d3
2500,8,2026-01-28 14:58:09.572711,94.75,39.25,89d529ac-67cf-49fb-aca2-e7a54329c5c1
2502,8,2026-01-28 14:58:20.929121,94.75,39,0823457f-4c4e-41cc-b589-e5f2b0491b45
2503,8,2026-01-28 14:58:26.665016,94.875,39.25,460defb4-cab6-447c-a352-b291240bdd35
2505,8,2026-01-28 14:58:38.034401,95,39.25,342aaadc-fec0-4034-afff-f2263cacda5b
2508,8,2026-01-28 14:58:54.927824,95.125,39.25,c5e49493-0a02-4d05-bcf5-f31721440e25
2510,8,2026-01-28 14:59:06.293853,95.0625,39.5,8956bfab-1749-49c7-9de7-ca0b6371f9d7
2511,8,2026-01-28 14:59:12.027153,95.0625,39.5,3ba34310-cc79-4fab-b8b3-65fa3b1a2e19
2513,8,2026-01-28 14:59:23.4965,95.0625,39.25,58a158d2-74f4-48b5-a008-031ea487952a
2515,8,2026-01-28 14:59:34.922081,95.125,39.5,41905222-8ba8-46e9-87c2-5a7007612402
2516,8,2026-01-28 14:59:40.596849,95.25,39,84871e56-2829-4449-bfbb-ba15288d3385
2518,8,2026-01-28 14:59:51.965891,95.4375,39.5,7be0945f-e343-43bf-b867-02baaf18851b
2520,8,2026-01-28 15:00:03.332349,95.25,39.25,481b5ef1-383f-4503-8f69-43ec18207749
2521,8,2026-01-28 15:00:08.965397,95.375,39,eea38a47-b427-4ebc-8069-b3824d1e8154
2523,8,2026-01-28 15:00:20.170372,95.375,39.5,55f24e73-5ffd-4bf4-89c5-b5d8324e06a1
2526,8,2026-01-28 15:00:37.274527,95.375,39.5,f41afe20-b857-45aa-a38f-2b2204e0d82d
2528,8,2026-01-28 15:00:48.69342,95.4375,39.5,c4f8c58f-8b12-43a4-bf43-d151cf91113c
2531,8,2026-01-28 15:01:05.692287,96.0625,39.75,ecf49d29-fb26-4569-aeb6-d6b8216770d7
2754,8,2026-01-28 15:22:15.052454,88.6875,42,fb79af42-792a-477c-aeac-20bc59cd7881
2756,8,2026-01-28 15:22:26.420644,88.9375,42,892f76e6-a39e-469b-82a4-f1e2d17e34be
2757,8,2026-01-28 15:22:32.154138,88.875,42.5,f29c3fbb-380e-477a-8a0f-023ded1deb43
2758,8,2026-01-28 15:22:37.888335,88.9375,42.5,2a71cc7f-5a6e-4926-8a67-9885d3c2d0eb
2760,8,2026-01-28 15:22:49.205493,88.75,42.5,20875d52-ff25-409e-8cc5-eb709aa7aa6a
2761,8,2026-01-28 15:22:55.099797,88.625,42.25,fecc8ead-e1e9-4111-83a3-cc57dc42a63c
2762,8,2026-01-28 15:23:00.836638,88.375,42.5,79d01fa4-25d9-4ac2-a5d9-9c960f9f7108
2764,8,2026-01-28 15:23:12.198055,88.375,42.5,0c44b3f0-edb1-41e1-b223-47384b434ea2
2767,8,2026-01-28 15:23:29.40229,88.875,42.5,219c5648-0716-4d6a-ad56-953adce45980
2769,8,2026-01-28 15:23:40.76188,89.0625,42.5,e3d71180-16ec-4fe8-ba30-e4c90ed888de
2772,8,2026-01-28 15:23:57.709059,89.375,42.5,abedb593-45fd-4dc3-9569-759cc079c759
2774,8,2026-01-28 15:24:09.127488,89.5,42.75,d4185ba5-8481-4356-b1f9-90d810f88569
2775,8,2026-01-28 15:24:14.861495,89.5625,42.75,f8539683-90be-475d-8011-2cc68644bdf1
2777,8,2026-01-28 15:24:26.331925,89.375,42.75,7d387edb-7504-4613-a61d-1b8d261d328e
2779,8,2026-01-28 15:24:37.742791,89.1875,42.25,cf6d92db-27a3-416d-85c2-367624d68afc
2780,8,2026-01-28 15:24:43.375336,89.1875,42.5,39ce7296-e86f-4001-9af8-1bcac674bdd0
2782,8,2026-01-28 15:24:54.799604,89.125,42.5,6c9e1a29-538e-4a0e-ba57-dfcd338a7d62
2804,8,2026-01-28 15:27:00.033579,89.8125,42.5,9c589b90-2413-430e-856f-a21f9f757ee3
2806,8,2026-01-28 15:27:11.504531,89.9375,42.5,478da0d7-e3a8-497a-a362-cda742322472
2809,8,2026-01-28 15:27:28.603831,89.625,42.75,21f1659d-4b78-4c0c-b7c7-d736628f92f1
2811,8,2026-01-28 15:27:40.079253,89.625,43.25,b457e6fd-16ea-42a3-9595-0b721c4d0ae1
2812,8,2026-01-28 15:27:45.704547,89.5,42.75,3ac95a85-d58b-47ab-958f-4f31d059516e
2814,8,2026-01-28 15:27:57.186603,89.8125,43,453d7e1f-c0fb-4772-ab36-cae28b44472b
2816,8,2026-01-28 15:28:08.539981,89.6875,43,d76fcb60-dcb1-4bcd-920b-60789429fe3b
2817,8,2026-01-28 15:28:14.178669,89.25,43,a5ac7e59-aaae-400a-b338-c3cc5c1f7c54
2819,8,2026-01-28 15:28:25.640942,88.625,42.75,cb3a17e7-e6a9-41b6-b81e-6d881b2d6848
2822,8,2026-01-28 15:28:42.586724,87.9375,43.25,377e439e-1d58-457d-ba61-0ef3447b0604
2824,8,2026-01-28 15:28:54.010691,88.0625,43,ec2d3d2b-e35d-46d2-b8c8-4f84e2197ff9
2827,8,2026-01-28 15:29:11.004553,88.125,43,f2ee1d5a-9a8a-4996-b285-5b68d98412ec
2829,8,2026-01-28 15:29:22.429497,88,43.25,beefdb6f-a72c-417a-a3ee-96a801da57ac
2830,8,2026-01-28 15:29:28.111898,87.875,43,e58e0f83-690b-4448-a298-dcc7cbaf048d
2832,8,2026-01-28 15:29:39.482059,88,43,b321b49e-2970-4bcd-802b-2d039a3b7b97
2834,8,2026-01-28 15:29:50.940973,88.25,43.25,ade31d10-74bc-4508-b518-82e30553698b
2835,8,2026-01-28 15:29:56.675237,88.375,43.25,ab0475f0-91b1-47d4-a826-7faa1a1795d6
2837,8,2026-01-28 15:30:08.085943,88.9375,43.5,6b28d21b-62c9-4e14-b8e9-7b2e993600d8
2840,8,2026-01-28 15:30:25.144724,89.3125,43.5,3dde52af-6024-4b96-aa48-fda33edf5855
2842,8,2026-01-28 15:30:36.508968,89.375,43.25,0e743e17-303e-4ee9-8f0f-75021838182f
2845,8,2026-01-28 15:30:53.507942,89.5,43.25,fe5a449a-2b3f-4e09-b396-8237470d6ca3
2847,8,2026-01-28 15:31:04.977075,89.5625,43.75,eb1e9b20-1679-4cfb-bb6e-30c18bd1f486
2850,8,2026-01-28 15:31:22.077627,90,43.25,82a7d5ef-66c0-4a25-ae82-4d5c2a2744cb
2852,8,2026-01-28 15:31:33.444178,90.125,43.5,2b8664ae-e75c-476f-9aab-a6e63ecb9fa9
2855,8,2026-01-28 15:31:50.548375,90.125,43.25,bfe0cac5-e27d-4a54-acfc-70c7f60f7571
2857,8,2026-01-28 15:32:01.916322,90,43.5,72cdad67-7c56-43c6-b4d5-7f0cdd53ea01
2858,8,2026-01-28 15:32:07.646145,89.9375,43.5,4ec55126-f034-4360-b98d-e8da166d6274
3040,8,2026-01-28 15:49:35.456822,94.625,45.25,49c429d8-84c8-4cbc-873d-a20a5088b0ed
3042,8,2026-01-28 15:49:46.881447,94.75,45.5,61e5e2d4-41fb-42b6-bdab-b9133cd4db6b
3043,8,2026-01-28 15:49:52.556305,94.625,46,1a10e3ed-5483-48e9-b049-41eaf4b7f0ad
3045,8,2026-01-28 15:50:03.820667,94.3125,45.5,ccfb21a5-57ae-4a2c-9ae3-41717f4a6e16
3047,8,2026-01-28 15:50:15.248919,94,45.75,b51da430-0c7f-47e6-8e4d-f4dd6cd69dce
3050,8,2026-01-28 15:50:35.361357,94.25,45.75,4ea7c146-a2e9-4b23-832c-474cf59b8597
3052,8,2026-01-28 15:50:46.648487,94,46,bae2c5cb-e4e0-4b22-9b63-19b799eb5a64
3055,8,2026-01-28 15:51:03.682641,94.0625,45.75,b6ec3dcc-944b-4bf7-b933-dd0669a42d7c
3057,8,2026-01-28 15:51:15.150037,93.875,46,c82a42ed-c551-445e-aac8-301c0b5bbe95
3060,8,2026-01-28 15:51:32.488253,93.625,46,5de0033e-4f47-4e20-a23a-9aa4e3c7ff57
3062,8,2026-01-28 15:51:43.93352,93.875,46,6190c29d-c9f7-4dfd-91eb-57cac874d405
3063,8,2026-01-28 15:51:49.660369,94.1875,46,587b1f3d-b40a-443f-b2d7-a7fb84b4827a
3065,8,2026-01-28 15:52:01.029498,94.5625,46,653f1a66-a1c9-43ba-bce6-cbf8723c987a
3067,8,2026-01-28 15:52:12.495493,94.375,46,d84223b4-91f2-40fa-b46e-b2f5cfe40e0d
3068,8,2026-01-28 15:52:18.085085,94.375,46.25,13b15232-b046-4e5c-9431-2abc8847cc5b
3070,8,2026-01-28 15:52:29.435319,94.5,45.75,1df14dfa-f3a9-4c55-99a4-574b4b107494
3072,8,2026-01-28 15:52:40.863515,94.5,46,49051634-a3d4-43d2-bbf5-74240e640a60
3073,8,2026-01-28 15:52:46.654486,94.5,46.25,c0c9aebd-fb5b-4bee-962d-865bfe44ada9
3075,8,2026-01-28 15:52:58.063868,94.75,46.25,5a368d9e-d754-4d6a-80fb-61bb41c89f69
3076,8,2026-01-28 15:53:03.798388,94.875,46.25,f371a2ed-7803-4375-8fbb-903b2156f06c
2493,8,2026-01-28 14:57:29.70283,94.5,39.25,f7318e7a-ecb9-4d76-acca-af0465721c16
2494,8,2026-01-28 14:57:35.365299,94.625,39,7032aada-157d-485b-a5dc-de592ef7fbef
2496,8,2026-01-28 14:57:46.731018,94.75,39,02dc1fbe-7f76-4c6c-8a0e-2f91499fd540
2499,8,2026-01-28 14:58:03.829638,94.6875,39,e70e9c42-d2df-4d8a-a629-0def3842418b
2501,8,2026-01-28 14:58:15.199264,94.6875,39.25,d6b4631f-d4ef-4dc3-aa3c-6faa8d62aab1
2504,8,2026-01-28 14:58:32.401911,94.9375,39,2127346e-dd8d-46a9-9714-afe0a49e9a0d
2506,8,2026-01-28 14:58:43.663203,95,38.75,263d46b0-49fb-4148-9756-4da8002aaa2c
2507,8,2026-01-28 14:58:49.249127,95,39,3e95fcb4-d771-485f-9866-96cc6afdd3c1
2509,8,2026-01-28 14:59:00.608566,95.1875,39,f75bee3e-ea87-478b-8c22-823be452addf
2512,8,2026-01-28 14:59:17.76141,95.0625,39.25,ec6465d2-466c-480f-9b0d-3e9e65b340cd
2514,8,2026-01-28 14:59:29.235531,95.0625,39,e078e1cc-8109-4781-aa7c-df6aba92a0bc
2517,8,2026-01-28 14:59:46.333294,95.3125,38.75,d480b17f-a29a-4741-8eda-3be5108b82e5
2519,8,2026-01-28 14:59:57.60547,95.375,39,32b473a2-f220-4d7a-8020-0a5d64d34899
2522,8,2026-01-28 15:00:14.551772,95.375,39.5,1c67e1f4-badc-49c3-8070-55871cad4fcd
2524,8,2026-01-28 15:00:25.858142,95.4375,39.25,cf07f655-b1f6-4e34-b78a-703fc9fad064
2525,8,2026-01-28 15:00:31.593708,95.4375,39.5,7bba018d-ef9f-4ec4-a8c2-43380240f8fe
2527,8,2026-01-28 15:00:42.95706,95.375,39.75,cb25576d-2aef-4a6a-8303-70074fa78925
2529,8,2026-01-28 15:00:54.427865,95.625,39.5,cef17d15-1fac-472a-a3df-2dbe9191d950
2530,8,2026-01-28 15:01:00.059783,95.875,39.5,f79a32a9-7fc1-4d98-9a01-a5bab7c53ee5
2532,8,2026-01-28 15:01:11.427197,96.125,39.75,e9e7f6f3-22e2-4caa-a878-5cf8556bce79
2533,8,2026-01-28 15:01:17.162445,96.25,39.75,fcfeddb4-8dfb-43e6-9a95-ad3e0e8ff9fa
2534,8,2026-01-28 15:01:22.794155,96.375,39.5,4f9735bf-1cb5-41f3-b199-912945a89967
2535,8,2026-01-28 15:01:28.425858,96.5,39.75,a3f7421a-3438-47a8-9ebf-7456530ed117
2536,8,2026-01-28 15:01:34.036705,96.5,39.75,661f9815-f164-496e-b13e-0445bdf1573f
2537,8,2026-01-28 15:01:39.742962,96.5625,39.5,6c8623d4-cd46-472e-9cd1-755ae584680b
2538,8,2026-01-28 15:01:45.392769,96.3125,39.5,9c9dd99a-02db-4f96-b23d-f3e62583c3df
2539,8,2026-01-28 15:01:51.056477,96.25,39.75,e7042d70-eb98-4efa-8a9c-09caa416d48a
2540,8,2026-01-28 15:01:56.733485,96.0625,40,8f92dd59-929f-45b1-95c1-e56c143ce681
2541,8,2026-01-28 15:02:02.326076,95.875,39.75,364a9ca3-deb4-40b2-8096-68ce2806bb9f
2542,8,2026-01-28 15:02:08.053964,95.625,39.5,24a19d4c-bafb-461d-b75d-3ed967b67452
2543,8,2026-01-28 15:02:13.791821,95.5,39.75,c8e6f0c8-e616-4fa1-a059-1b3a794cc009
2544,8,2026-01-28 15:02:19.523046,95.3125,39.75,9ed41cbf-a799-466c-8154-ea818ec6eaae
2545,8,2026-01-28 15:02:25.258688,95.3125,40,9475b680-fb54-449f-a43e-d8a275d4e2c5
2546,8,2026-01-28 15:02:30.993404,95.25,40.25,46f563da-ae15-436a-a097-f7c4a4c2037a
2547,8,2026-01-28 15:02:36.726987,94.9375,40,515eefea-20b2-427e-aa7d-6870f83d3265
2548,8,2026-01-28 15:02:42.359044,94.4375,40.25,2854e34f-5cf2-4b8b-b0d0-b29792870550
2549,8,2026-01-28 15:02:48.025169,93.9375,40,67ad9df2-249c-4821-8e38-a80f9499352d
2550,8,2026-01-28 15:02:53.724534,93.4375,40,5db0caf1-7511-4b65-9225-8be0f02b266e
2551,8,2026-01-28 15:02:59.468891,92.9375,39.75,f2d6428d-f408-491d-b50d-d1457d23288a
2552,8,2026-01-28 15:03:05.195859,92.5625,40,17a61bad-0bef-4088-9a38-60ecfdcf2027
2553,8,2026-01-28 15:03:10.927971,92.4375,39.5,113b5369-10a3-4d40-9cac-f70540981317
2554,8,2026-01-28 15:03:16.615043,92.5,40,7ef21ce6-1e30-4de6-b392-f3d2d47a4209
2555,8,2026-01-28 15:03:22.24943,92.5625,40,f7422294-c72d-4a4e-996a-04473611aa91
2556,8,2026-01-28 15:03:27.927681,92.6875,39.75,b457c92f-3e3e-47fc-acaf-fb0c8b493260
2557,8,2026-01-28 15:03:33.509626,92.9375,40,49edad04-17c7-4a58-8a31-f8dbf70af885
2558,8,2026-01-28 15:03:39.190792,93,39.75,7846e315-3a2c-482d-844f-7cc7761bc94f
2559,8,2026-01-28 15:03:44.928494,93.125,39.75,2b6eb709-7b4f-4ebd-9472-0fecb1383b73
2560,8,2026-01-28 15:03:50.660116,93.125,40,a4fd8d4d-c219-42eb-85f4-f2976ccd80a7
2561,8,2026-01-28 15:03:56.394094,93.125,40,78c0e8f3-2f2b-43c7-bdcc-1ea7eec62222
2562,8,2026-01-28 15:04:02.130076,93.0625,40,55310368-1368-4379-9a7a-99c59b40b8bc
2563,8,2026-01-28 15:04:07.760562,92.9375,39.75,c0224b02-d70a-46c3-9d84-ac4c3ed8e61d
2564,8,2026-01-28 15:04:13.393566,92.6875,40,24e12ac9-6d0f-4148-9e0e-cba2ec7e33a6
2565,8,2026-01-28 15:04:19.015014,92.5,40.25,19f291ae-965c-4e27-8e2a-3068bd2d44e8
2566,8,2026-01-28 15:04:24.725908,92.5,40,693b942e-4089-4ea1-a934-2cec12f3de4d
2567,8,2026-01-28 15:04:30.368675,92.5,40.25,cc5acb3b-0004-4aec-9b8b-9863ea647c76
2568,8,2026-01-28 15:04:36.125509,92.5625,40,166d6206-2215-4952-b1d9-054a306bbb92
2569,8,2026-01-28 15:04:41.860669,92.375,40,52ae67a3-f16d-4b34-a507-47a5f3d263b1
2570,8,2026-01-28 15:04:47.535415,92.3125,40,855b7c61-f1f9-4044-8890-60906e512ad5
2571,8,2026-01-28 15:04:53.187873,92.25,39.75,baa66496-ad83-40ad-8e9b-d2f391ce29d1
2572,8,2026-01-28 15:04:58.858962,92.25,40.5,bf014078-362e-448f-9ac2-305e877afa5d
2573,8,2026-01-28 15:05:04.493131,92.375,40.25,47963910-f4f0-4521-b395-fa6a0631ba34
2574,8,2026-01-28 15:05:10.224564,92.4375,40.25,81a5d6ec-b234-4073-84fb-467fd88f914e
2575,8,2026-01-28 15:05:15.900945,92.6875,40,e536eb2e-4944-4517-882e-fa9cfaa336fb
2576,8,2026-01-28 15:05:21.591725,92.875,40.5,c9ea9766-bd23-4105-bfe6-ce5f56cf7cbf
2577,8,2026-01-28 15:05:28.042498,92.875,39.75,25d33339-9fc5-4d58-8d1e-2deaabcac55d
2578,8,2026-01-28 15:05:33.777204,92.8125,40.25,6e2fd47a-6474-46ef-8163-190b557e66b8
2579,8,2026-01-28 15:05:39.516927,92.5625,40.25,4a5bf438-2efa-48cf-b5b9-3927c069fd46
2580,8,2026-01-28 15:05:45.100781,92.4375,40.25,595a0e49-c6e9-477c-9931-1608532bf21e
2581,8,2026-01-28 15:05:50.776296,92.4375,40.5,52072203-bcfd-49aa-b020-7bf6bf775ff1
2582,8,2026-01-28 15:05:56.456999,92.4375,40.5,1b00cd96-ac5c-4c28-b655-0c0871ca9dbf
2583,8,2026-01-28 15:06:02.083724,92.375,40.5,7af5d790-f3fe-4cf0-bad0-753d5dc9de98
2584,8,2026-01-28 15:06:07.733051,92.0625,41,ad71f6e1-d036-4c50-aa38-23ad977cf034
2585,8,2026-01-28 15:06:13.407032,90.3125,40.75,b85cae31-c907-488b-81f2-28bc27152be8
2586,8,2026-01-28 15:06:19.14273,88,40.5,78eaba6a-50eb-4e37-b897-8984b74f185e
2587,8,2026-01-28 15:06:24.774255,85.9375,40.5,8ac9a314-ed7e-477b-aedc-86186ac73934
2588,8,2026-01-28 15:06:30.510454,84.125,40.75,27296143-ea7f-457c-9455-470d58b62d99
2589,8,2026-01-28 15:06:36.190096,82.875,42.75,cae5f0a7-0763-49e7-9d11-3ead54a1622c
2590,8,2026-01-28 15:06:41.854862,82.6875,42.75,1ffb5beb-93aa-4d7f-9345-6e6ccf19f735
2591,8,2026-01-28 15:06:47.608749,83,42.25,379def9e-33f1-40f5-82b7-d1a21a6dfd21
2592,8,2026-01-28 15:06:53.209307,83.5,42.75,640327a1-4d58-46f1-9b1c-054554571bbb
2593,8,2026-01-28 15:06:58.877927,84.0625,42.75,f4e92647-e278-4c0f-8dfd-ed5025393b42
2594,8,2026-01-28 15:07:04.515534,84.625,43,9c9f36a6-ec3f-4bd1-8144-2d9f9cbdc32d
2595,8,2026-01-28 15:07:10.239082,85.125,42.75,619a668c-3c47-42b6-a940-d6294033e6f9
2596,8,2026-01-28 15:07:15.849485,85.625,42.75,e58a26dd-57f6-41c0-b85e-b0895012f56a
2597,8,2026-01-28 15:07:21.543721,86.125,42.5,be2528a7-2e10-40c8-aac7-c9f6c185e99c
2598,8,2026-01-28 15:07:27.237266,86.625,43,d337822e-c9b6-4884-945a-3ae4f414ed9c
2599,8,2026-01-28 15:07:32.871169,86.9375,42.5,db31739b-ab37-4709-8865-44a85ceaf56d
2600,8,2026-01-28 15:07:38.529841,87.125,43,4abc7a7b-efa6-4cc3-b61c-53bdef9b0b58
2601,8,2026-01-28 15:07:44.175027,87.1875,43,15335e4c-429e-44f9-8032-e0ba8196c043
2603,8,2026-01-28 15:07:56.021245,88,43,fdf113d7-fcd5-40c2-baf2-ba7ee6b42a4d
2605,8,2026-01-28 15:08:07.432829,89.0625,42.5,386f4269-6ba7-41ad-8899-c5d875a88b83
2606,8,2026-01-28 15:08:13.114519,89.3125,43,aad14b1d-375b-47f2-b8ac-4440b3da88a7
2759,8,2026-01-28 15:22:43.533872,88.8125,42.25,f07132f5-5d9c-4b3d-89c8-6834044f5711
2859,8,2026-01-28 15:32:13.32708,90,43.5,623204c5-156d-4d69-a6fa-6718e85a93c1
2861,8,2026-01-28 15:32:24.750522,90.0625,43.5,50b0698d-db82-4cd2-99d1-fb3150161556
2864,8,2026-01-28 15:32:41.95056,90.4375,43.5,80b936b2-cfef-4f44-9238-1b1469d73df6
2866,8,2026-01-28 15:32:53.257041,90.5,43.25,3c7378b9-929b-4d3f-9561-83e5251659d4
2869,8,2026-01-28 15:33:10.519901,90.6875,44,8f09529d-88e5-4ca9-843c-ceb88a56d2c7
2871,8,2026-01-28 15:33:21.989157,90.6875,43.5,5b8307fc-a371-4a0b-b394-3f417ef77651
2873,8,2026-01-28 15:33:36.021742,91,43.5,fd23e336-0668-45ff-805a-1c28cf4b3c5d
2874,8,2026-01-28 15:33:41.752048,91.125,43.75,23c0a22a-f17a-4415-bad5-d8bc68ebc027
2876,8,2026-01-28 15:33:53.035435,91.4375,44,bcb53f98-6ecf-4ad5-81a2-f9be5982eb03
2879,8,2026-01-28 15:34:10.062614,91.4375,44,6b478c0b-26c5-4c6c-ba2e-b4ae38dc3058
2881,8,2026-01-28 15:34:21.381956,90.8125,43.75,a85d48db-e0e2-499a-a9c6-1ed3615b15a4
2884,8,2026-01-28 15:34:38.483146,90.1875,44,efa401fd-759f-4283-a05c-b89011237704
2886,8,2026-01-28 15:34:49.74639,89.875,44,9639c84f-3c94-4a5b-9422-ed281d3ae64a
2887,8,2026-01-28 15:34:55.422858,89.9375,44,39265055-fa7a-4a74-9e34-18f5cf8c3db1
2889,8,2026-01-28 15:35:06.74653,90.3125,44,c581da0c-850c-490e-b6d9-b28506fd46fc
2891,8,2026-01-28 15:35:18.014184,90.75,43.75,2971461b-261e-4899-9aee-bd1f19df44bd
2892,8,2026-01-28 15:35:23.723237,90.9375,44,b89c4574-0b9a-4070-9d8c-24147f614a98
2894,8,2026-01-28 15:35:35.110095,90.8125,44,1843ba6d-93e7-4d59-a959-8622e9b612b0
2897,8,2026-01-28 15:35:52.314264,90.4375,44.25,e0ba9b8d-995f-412b-abb0-ba91403f4d63
2899,8,2026-01-28 15:36:03.683286,90.125,44,63924d56-b000-4508-ba55-e9827e702ed4
2902,8,2026-01-28 15:36:20.780844,89.4375,44.25,759b7a7d-2e00-49a7-bff5-92972194d46c
2904,8,2026-01-28 15:36:32.249949,89.25,44.25,b5e2f4c0-229b-4f3e-b6e5-c0718a23dd5e
2905,8,2026-01-28 15:36:37.983912,89,44.25,e92c5024-2be5-4e82-9aad-05b1fefa0272
2907,8,2026-01-28 15:36:49.350594,88.4375,44.25,8f2c4b38-5b7b-4677-94bb-8c5bd99c8744
2909,8,2026-01-28 15:37:00.716878,88.5625,44.5,4d6ae192-fe07-4890-bf7c-461187e42172
2910,8,2026-01-28 15:37:06.451511,88.8125,43.75,dae14044-905f-484e-9d05-9ca8c37e0df8
2912,8,2026-01-28 15:37:17.926082,89.25,44.25,1bb3371b-be34-40e3-b4b7-ceca40c4ec53
2914,8,2026-01-28 15:37:32.055475,89.875,44.25,ae604d84-fe6c-46cb-8bfe-aaa69218c33e
2917,8,2026-01-28 15:37:49.153776,90.5,44.5,57cc8664-1861-459b-a786-01398b9d738d
2919,8,2026-01-28 15:38:00.724004,90.9375,44.5,4c9c3fb1-8b7a-40c2-96db-a8c8cddfc37b
2922,8,2026-01-28 15:38:17.927267,91.3125,44.5,c9164b3e-6208-4bc3-bedf-96c3fdbabac6
2924,8,2026-01-28 15:38:29.191702,91,44.5,dbaf0503-14b2-499d-b2ce-d60885604eca
2925,8,2026-01-28 15:38:34.824179,90.875,44.75,9a7f2018-0f00-4cb2-91a2-448a56eb48d7
2927,8,2026-01-28 15:38:46.292101,90.9375,44.5,0de2f5d1-6288-44dc-ad1f-1a2dd51c7f8c
2929,8,2026-01-28 15:38:57.528317,90.9375,44.75,00456625-ced3-4cd8-b3e5-3e101379bc86
2930,8,2026-01-28 15:39:03.143204,91,44.5,425e1d3d-3a6a-4dce-ac79-809ab26d4825
2932,8,2026-01-28 15:39:14.555247,91.375,44.5,ced2bf5a-389f-40b9-8f87-4e9981b12252
2935,8,2026-01-28 15:39:31.558117,91.5625,44,c524ae28-5018-4304-b54b-42682ba6d9f9
2937,8,2026-01-28 15:39:42.966087,92.0625,44.5,4c7093e7-c5c9-4808-9580-52c730404cab
2940,8,2026-01-28 15:39:59.963444,92.5,44.75,42ac8bdc-d5fb-4153-a337-b9567861af33
2942,8,2026-01-28 15:40:11.287122,92.6875,44.5,b355286b-f4bb-41ff-9a18-b757bceb0bca
2943,8,2026-01-28 15:40:16.962253,92.6875,44.5,e2347ad5-1bc3-4603-b0ea-0e9f24f40548
2945,8,2026-01-28 15:40:28.287234,92.3125,44.75,e8008633-439a-4f2d-853e-2eb1ea7e9c2a
2947,8,2026-01-28 15:40:39.555121,91.6875,44.75,8fd1ae39-056f-433b-b26a-85351b53f9cb
2948,8,2026-01-28 15:40:45.2835,91.375,44.75,a8afad4d-8cf4-4d64-9812-ce9f38139d3d
2950,8,2026-01-28 15:40:56.751652,91.0625,44.25,92636af5-ef9e-46fe-887c-bc8181ad480c
2953,8,2026-01-28 15:41:13.95945,91.25,44.75,192fa912-7a8e-4cfc-b255-efb30541c465
2955,8,2026-01-28 15:41:25.384637,91.625,44.5,99bd7e83-028f-46f3-8cc3-029a0c39554c
2958,8,2026-01-28 15:41:42.366413,91.8125,44.75,88e0b99a-afae-4268-96b0-d5fcd18f62ba
2960,8,2026-01-28 15:41:53.690083,91.6875,45,83f38832-f5a2-4631-ba54-2a4819d76f4e
2961,8,2026-01-28 15:41:59.424994,91.8125,44.75,afe560e0-ed0b-44ca-b3b7-efada73de743
2963,8,2026-01-28 15:42:10.893255,91.8125,45,46b50166-8bd1-4769-9e3e-5579e32da4cf
2965,8,2026-01-28 15:42:22.157413,91.875,45,92ae7160-164e-4314-b511-f574dfa6c63f
2966,8,2026-01-28 15:42:27.887358,91.875,45,dbfa875a-7a0d-4a45-84a8-9f62668fe17f
2967,8,2026-01-28 15:42:36.287329,91.9375,45,7852475a-25e5-4757-865c-67b108807cc1
2968,8,2026-01-28 15:42:41.962831,91.625,45,4a60161b-2481-4b79-9d19-2f77bda6b818
2970,8,2026-01-28 15:42:53.28304,91.25,44.5,8996736c-9d3e-43b9-a39b-bfda5af72a51
2973,8,2026-01-28 15:43:10.283384,90.8125,45.25,15505724-592c-4533-b8d8-3bb52e050661
2975,8,2026-01-28 15:43:21.59777,90.5,45,9562cd00-8c7b-438a-a5bc-9c421bc65ae8
2978,8,2026-01-28 15:43:38.484469,90.25,44.25,978239b4-f60b-4136-806e-3374b2821eed
2980,8,2026-01-28 15:43:50.210828,90.375,44.75,c9cc7dd1-9922-4bae-a24a-4296efb0bfb3
2982,8,2026-01-28 15:44:04.963226,90.0625,45.25,7fe96665-afdf-482d-a685-7d98f0f7dc80
2983,8,2026-01-28 15:44:10.720491,89.8125,45.25,ba5c25bc-dab9-4336-add5-a69f506ad8dc
2985,8,2026-01-28 15:44:22.303021,89.375,45,ec3a4708-531d-4dd9-946e-4b606e46cd72
2987,8,2026-01-28 15:44:33.62007,89.1875,45.5,78ab265e-7fba-4e72-82fc-cbc7da65e1eb
2988,8,2026-01-28 15:44:39.371702,89.1875,45,5d97eece-0855-4518-ad67-f8498b3188e2
2990,8,2026-01-28 15:44:50.705811,88.8125,45,9739dee4-77b2-497d-89a4-381b9fb8fff6
2993,8,2026-01-28 15:45:07.783781,88.1875,45.5,68d92903-2c9b-4994-9256-6b303b0a2b9f
2995,8,2026-01-28 15:45:19.204988,88.1875,45.5,4f169a73-7d09-4732-8481-128538ccd24b
2998,8,2026-01-28 15:45:36.311053,88.6875,45.5,57009c9d-f480-446f-9ba3-f738a1043760
3000,8,2026-01-28 15:45:47.654975,88.8125,45.75,30624ee7-bb12-4429-a87f-6bfe2f5a5a9b
3003,8,2026-01-28 15:46:04.772786,89.25,45.25,01890c0b-b437-4ae8-b9da-61d0ff1aab1d
3005,8,2026-01-28 15:46:16.224648,89.375,45.5,b23d4fd0-f3dd-443a-9ab6-87fa7fc31f1c
3006,8,2026-01-28 15:46:21.975913,89.5625,45.5,edc79a9a-f77d-488d-9ee4-44c887b62f6e
3008,8,2026-01-28 15:46:33.240802,90.125,45.5,5a63ef51-0765-495c-bbf4-a2d064efa249
3010,8,2026-01-28 15:46:44.709512,90.4375,45.5,cf96a694-44f1-4646-8135-01716402ce79
3011,8,2026-01-28 15:46:50.444016,90.5,45.5,ceb04710-d842-4367-9a90-6619e32f90ea
3013,8,2026-01-28 15:47:01.815542,90.75,45.75,7bdf6cf9-bdd2-49dc-b2c0-5567a4551564
3015,8,2026-01-28 15:47:13.079372,91.0625,45,999740f0-db04-4b93-9936-2ae265cb7e4d
3016,8,2026-01-28 15:47:18.824304,91.25,45.5,b737c5e5-aaca-4152-8396-ca4eaa09a886
3018,8,2026-01-28 15:47:30.716069,91.1875,45.75,ee40fe40-ddc8-471f-a085-b0f28ce675a2
3020,8,2026-01-28 15:47:42.15561,91.125,45.5,061c056a-adf5-4850-8340-b7e7e350aaea
3021,8,2026-01-28 15:47:47.835366,91.0625,45.75,39918987-43a7-404c-91b3-b9788f760f84
2602,8,2026-01-28 15:07:49.868071,87.5,42.5,ce9152de-9d8a-4abd-8eb4-34497ca882dc
2604,8,2026-01-28 15:08:01.74665,88.5625,43,69beb559-bce9-4bd7-a721-9476ab0322af
2607,8,2026-01-28 15:08:18.790726,89.5,42.75,802b21cd-2e52-4777-b089-903ab28efb27
2608,8,2026-01-28 15:08:24.479644,89.625,43,b8a01298-a0ba-4deb-a69d-01cb477b93ee
2609,8,2026-01-28 15:08:30.215681,89.8125,42.75,2ef13c2d-35cc-44e9-bc09-f2b31c631d90
2610,8,2026-01-28 15:08:35.847308,90,43,9795cbf6-a51e-4083-835e-c64a8285c8e3
2611,8,2026-01-28 15:08:41.437721,90.25,41,8964cadd-abcd-4d52-a4f2-2a1e82f54d6b
2612,8,2026-01-28 15:08:47.051121,90.25,40.75,74800727-9e99-4817-ae8e-1bc6b81fad14
2613,8,2026-01-28 15:08:52.64877,90.125,41,27fdf7f3-7fb6-451f-bc47-78459b95a4f7
2614,8,2026-01-28 15:08:58.374082,89.8125,40.75,4db88549-df91-4bf0-8e1c-fcf0644fffd9
2615,8,2026-01-28 15:09:04.11014,89.5625,41,309d61e0-dfef-4222-9361-7a43781ba80a
2616,8,2026-01-28 15:09:09.843232,89.4375,40.75,4848871e-6f04-4404-b3b0-c801fdb79d23
2617,8,2026-01-28 15:09:15.577631,89.3125,40.75,f8938a34-1761-407e-9f51-0848d45da11f
2618,8,2026-01-28 15:09:21.312024,89,41.25,87c20358-10ba-4e8c-b79e-8bcebae45f35
2619,8,2026-01-28 15:09:27.046661,88.6875,41.25,d2f60f0a-5a14-4503-91e1-cf8416c18aa4
2620,8,2026-01-28 15:09:32.729894,88.4375,41,08040493-9cdd-43f9-b9ad-888229a0169c
2621,8,2026-01-28 15:09:38.412749,88.375,40.75,093aedef-dca3-4c68-a76a-f5536f6193f9
2622,8,2026-01-28 15:09:44.096271,88.3125,41,3425a8f9-0d39-46a4-939b-17ffc766bb98
2623,8,2026-01-28 15:09:49.783794,88.375,41,79d4fdf0-d442-435d-95e2-c44335e15de7
2624,8,2026-01-28 15:09:55.411455,88.4375,41.25,b4a45f8f-dd66-4b51-9ccb-3cab7c390cea
2625,8,2026-01-28 15:10:01.028905,88.5,41.25,70e8c79f-401f-4cc4-ad68-6ea11bb03827
2626,8,2026-01-28 15:10:06.71891,88.5,41.5,159fd667-26a3-4665-81d0-5efa570b876b
2627,8,2026-01-28 15:10:12.410278,88.5,41.25,79102a49-875b-483d-b7e6-f62ec57992a7
2628,8,2026-01-28 15:10:18.148677,88.375,41.25,dfbf86eb-1a10-4f72-be7c-99d33148c86b
2629,8,2026-01-28 15:10:23.785709,88.125,41,2b9e584a-735d-4937-916e-8e564578ce78
2630,8,2026-01-28 15:10:29.514079,87.9375,41.25,6bd7bfdb-f9f2-4383-a1b4-b725c635d3ab
2631,8,2026-01-28 15:10:35.145104,87.875,41.25,0fb8921b-bd2b-4dee-8780-6f7584d1fe84
2632,8,2026-01-28 15:10:40.877806,87.9375,41.25,4b0d5ff0-b746-4ed1-861a-d3ae3f67f846
2633,8,2026-01-28 15:10:46.61189,88.0625,41,f6d768e4-3a49-4cbc-b029-ac3fbde9daac
2634,8,2026-01-28 15:10:52.296242,88.25,41.5,df34afd2-e507-4032-8940-574b771addfa
2635,8,2026-01-28 15:10:57.979843,88.4375,41,f53eee81-612c-44c6-a16a-fe59c57ac7d1
2636,8,2026-01-28 15:11:03.610486,88.625,41.5,cd92f94d-1e72-4b63-98a2-77783094cd8e
2637,8,2026-01-28 15:11:09.242595,88.75,41.25,17015e50-4f2f-4689-aa71-a8ea87da99ea
2638,8,2026-01-28 15:11:14.874951,88.6875,41.5,32f2d579-dd23-42e5-89f0-c375c3d7032f
2639,8,2026-01-28 15:11:20.46324,88.6875,41.5,ea280db7-d570-41f0-b9c6-fde29fa4ea56
2640,8,2026-01-28 15:11:26.059631,88.8125,41.25,320d100b-2cf9-463a-8f80-f3c36f1fa78e
2641,8,2026-01-28 15:11:31.773204,88.8125,41.75,b94db04d-302c-4691-9df1-fb83bba83db9
2642,8,2026-01-28 15:11:37.505138,88.75,41.5,ede128d3-7459-42f9-95dc-c6ac1a3ca1f0
2643,8,2026-01-28 15:11:43.179656,88.625,41.5,2eae05ef-a52a-408c-a512-527ef1d214d2
2644,8,2026-01-28 15:11:48.8728,88.6875,41.5,f9e6e2de-3af1-4039-bf33-4d7089d8a54b
2645,8,2026-01-28 15:11:54.505417,88.75,41.5,3da66b68-c081-4645-bcf8-b3cb51d315c2
2646,8,2026-01-28 15:12:00.237835,88.5,41,0ce09b1c-2bf3-49c1-b3e2-ce4c3acc4e8e
2647,8,2026-01-28 15:12:06.000337,88.4375,41.5,92eacd18-5e95-4118-bd13-891be972c7b2
2648,8,2026-01-28 15:12:11.70712,88.3125,41.5,33469287-4441-4a68-bc5e-0a8dacf11d73
2649,8,2026-01-28 15:12:17.442949,88.125,41.5,d2b506c7-0592-4508-bdae-276d4a61e0b1
2650,8,2026-01-28 15:12:23.12864,88.3125,41.5,8a2a21cb-9930-4511-bedf-90279c0520a2
2651,8,2026-01-28 15:12:28.813575,88.3125,41.5,a4ce74ca-4a5d-4743-bfa2-ae08806d7baf
2652,8,2026-01-28 15:12:34.548137,88.25,41.25,d24640ee-73fd-499c-bd7d-0ee3cc675224
2653,8,2026-01-28 15:12:40.154422,88.3125,41.25,63afe8f2-7873-4e85-847d-7f9eb25e6450
2654,8,2026-01-28 15:12:45.851291,88.5625,41,10c8d39d-0a71-4e86-9e49-517198c56b7d
2655,8,2026-01-28 15:12:51.482578,88.6875,41.5,abd8b7a4-d792-4992-a442-c00762956650
2656,8,2026-01-28 15:12:57.29943,88.875,41,718877f9-e5ba-41e4-b9b9-b73acd7b0b8f
2657,8,2026-01-28 15:13:02.908074,89,41.25,fac0ac32-482c-4fef-abba-bff7eb7579b6
2658,8,2026-01-28 15:13:08.502734,88.875,41.5,ec5e1a60-707c-44f3-9a8f-a964dcaeee7a
2659,8,2026-01-28 15:13:14.17172,88.875,41.5,a9c5b240-d455-422a-9489-75d379d81b2d
2660,8,2026-01-28 15:13:19.905905,88.8125,41.25,8a3768d4-8ac7-4872-b845-5b365447c979
2661,8,2026-01-28 15:13:25.537962,88.75,41,da45d96a-9e04-4475-8e3c-17e93e072af2
2662,8,2026-01-28 15:13:31.272629,88.5625,41.75,825f67b0-a799-4626-8438-f37390907a4e
2663,8,2026-01-28 15:13:36.904731,88.5,41.25,610fb895-55d3-4669-a4a4-c651570dc0ba
2664,8,2026-01-28 15:13:42.638933,88.5,41.25,804ab179-618e-42a3-a7ad-3d876c11cf05
2665,8,2026-01-28 15:13:48.375122,88.4375,42,da77e96c-f4b1-4f29-869c-dd69b38564ef
2666,8,2026-01-28 15:13:54.109413,88.5,41.75,316869ef-d443-4ced-b34f-3fd719b3b283
2667,8,2026-01-28 15:13:59.701271,88.5,41.75,7692d9ab-2ae7-4431-b8db-c95d9cca21eb
2668,8,2026-01-28 15:14:05.297142,88.5625,41.25,e84a196a-5a64-4351-adb9-84be9b30ea67
2669,8,2026-01-28 15:14:10.946069,88.5,42,b2227504-cec8-4766-a730-424534c8fc6f
2670,8,2026-01-28 15:14:16.638759,88.375,41.5,fc7fc0e2-0e18-4449-b9dc-201c3d4bbac5
2671,8,2026-01-28 15:14:22.376444,88.3125,41.5,5d9717b4-94a5-48d8-9eae-7a2dc087d208
2672,8,2026-01-28 15:14:27.975635,88.375,41.75,7059ab5c-500d-4684-b14f-de0b2a7fd199
2673,8,2026-01-28 15:14:33.738316,88.375,41.75,4e7cb93e-7ad4-4b2e-b49d-1ae8b21ef34c
2674,8,2026-01-28 15:14:39.474495,88.375,42,893c1991-63eb-4c9b-ac7f-91e3a7cf5c06
2675,8,2026-01-28 15:14:45.206973,88.375,42,cdb53240-8de4-4c51-938d-67ad630fa67b
2676,8,2026-01-28 15:14:50.940571,88.4375,42,10d56380-acf1-4e20-ab33-2973a63635d8
2677,8,2026-01-28 15:14:56.674782,88.5625,42,b12e3492-78da-4fa1-94c3-03301c03bd03
2678,8,2026-01-28 15:15:02.41019,88.6875,41.75,088cdfb1-6f9d-432a-b096-8bcb74d27ee6
2679,8,2026-01-28 15:15:08.149244,88.8125,42,e5d7516b-69bd-4b7b-991d-4b15a558be6a
2680,8,2026-01-28 15:15:13.749222,88.9375,41.75,61997d6c-d1a9-40a5-9d1f-c3fb54ba6e8a
2681,8,2026-01-28 15:15:19.40748,89.0625,41.75,385fb8f6-4ebf-4696-b7d8-99dee5a10bdd
2682,8,2026-01-28 15:15:25.042194,89.0625,42.25,ed7868b0-2bdb-4b05-b5fd-8a8682a4631a
2683,8,2026-01-28 15:15:30.713698,89.0625,41.5,650daf10-568f-4ff1-9ca2-1496e7d1ac74
2684,8,2026-01-28 15:15:36.409242,89,41.5,c30e17b0-95b6-4d24-98f7-56965ac9ca5f
2685,8,2026-01-28 15:15:42.081348,88.75,41.75,da1fb02a-ccb1-4228-b41a-71a28dc99bd6
2686,8,2026-01-28 15:15:47.77262,88.375,42.25,7d2f8229-7e3a-471c-afc0-baa0b29f6b29
2687,8,2026-01-28 15:15:53.508237,88.1875,41.5,8bf77e7d-d152-4a7d-a525-5b5fc9fef0be
2688,8,2026-01-28 15:15:59.244797,87.9375,42,dbd36a6d-d606-47b3-b374-ba22f4caf8e2
2689,8,2026-01-28 15:16:04.91549,87.5625,42.25,6e5c02bf-3bf0-4bea-94c8-ff00d134140c
2690,8,2026-01-28 15:16:10.612231,87.25,42,365b0ab7-f3e8-4763-8cea-40590b763866
2691,8,2026-01-28 15:16:16.342427,87.3125,42,0835bf93-be20-4ef5-9b07-1693008bd79d
2692,8,2026-01-28 15:16:22.077542,87.625,42,1975af5e-f323-43da-860a-a94852224d4f
2693,8,2026-01-28 15:16:27.765,87.875,42,1bd30cf2-b44f-498a-96f0-c23af46fa44e
2696,8,2026-01-28 15:16:44.912933,88.5625,42,65b1dbb0-4be8-4525-9172-d7b5f7521b7a
2698,8,2026-01-28 15:16:56.225452,88.625,42,b3081190-c7a9-403d-8cd5-f69ff4a5ae76
2701,8,2026-01-28 15:17:13.277667,88.5625,41.75,c9bc0ce1-6f6a-4bd5-918f-56521e716ae4
2702,8,2026-01-28 15:17:19.012081,88.5,41.75,c7c863ea-4cf0-48f0-bf05-c0f263ee219c
2704,8,2026-01-28 15:17:30.480795,88.25,42.25,0e015ec0-546a-44b8-9951-5b90de225780
2705,8,2026-01-28 15:17:36.154023,88,42.25,31c0b9fd-34bf-4a09-8fb0-83e5baf774bf
2707,8,2026-01-28 15:17:47.479869,87.8125,42.25,62570222-1ed1-4087-b32f-6892b4801792
2709,8,2026-01-28 15:17:58.809974,88,42.25,df878396-e873-4af1-8f92-c7397eb78414
2712,8,2026-01-28 15:18:15.87998,87.5,42,d2109d10-eee2-4140-8591-1c08c19b520c
2714,8,2026-01-28 15:18:27.15203,87.125,42,cdfc18bc-eef5-40f4-9477-41c1022d8269
2717,8,2026-01-28 15:18:44.215623,86.875,42.25,f7ccec19-75cd-4f82-8904-7440bdcba209
2719,8,2026-01-28 15:18:55.576051,87.25,41.25,bb4428eb-dc4c-463d-860d-8e91d122f1d4
2722,8,2026-01-28 15:19:12.724156,87.625,41.75,ed567ded-3c87-4e0b-9fce-99275c0de944
2724,8,2026-01-28 15:19:24.146124,87.8125,42,49d0fff1-c16e-44c2-a6bc-0b13c3840187
2727,8,2026-01-28 15:19:41.147299,88,42,f69253cd-84da-4b21-9b53-30ec58d5e4c3
2763,8,2026-01-28 15:23:06.518054,88.3125,42.5,a7142bf1-b4ab-4065-b658-25362d82082b
2765,8,2026-01-28 15:23:17.927049,88.5625,42.75,b91bbc59-36a4-4fb2-941c-5c87eb5caf81
2766,8,2026-01-28 15:23:23.661802,88.75,42.5,0713684a-f6f6-4d95-b1cb-8e202c82c911
2768,8,2026-01-28 15:23:35.075022,89,42.75,4867851b-254b-4a68-8bc0-85fe8c5fdce9
2770,8,2026-01-28 15:23:46.43896,89.0625,42.75,4fe60e13-1723-4a17-9d7e-39f5896d8419
2771,8,2026-01-28 15:23:52.026804,89.25,42.75,ba87cc82-97ca-4ac1-bfd9-5dc56255b872
2773,8,2026-01-28 15:24:03.393992,89.4375,42.75,de77e978-f2b0-4f1a-866c-2fe7ac36b799
2860,8,2026-01-28 15:32:19.013788,90,43.25,13c0750a-3912-4ac5-bf6c-c9f522945c62
2862,8,2026-01-28 15:32:30.48373,90.3125,43.75,766d3c1e-a6d5-44fb-bd21-2b1f948d47a7
2863,8,2026-01-28 15:32:36.218234,90.375,43.75,e74cc5ba-5e7c-4a64-a788-ab454097abdb
2865,8,2026-01-28 15:32:47.582564,90.375,43.75,3c56e676-9a67-427f-a190-e371cd65a031
2867,8,2026-01-28 15:32:59.08358,90.6875,44,8a55a6fe-eab8-4e2c-95c8-685fc03202c2
2868,8,2026-01-28 15:33:04.785434,90.6875,43.5,5a3dd632-1ce3-4f25-9e77-7ef2e148fe06
2870,8,2026-01-28 15:33:16.256945,90.6875,43,ae80d5b2-8cc9-4e3b-a557-278f2553b10c
2872,8,2026-01-28 15:33:30.283851,90.8125,43.25,edf21e8d-c0bc-4f40-94bb-0cb94729d857
2875,8,2026-01-28 15:33:47.437883,91.3125,43.75,1d8f1392-75d0-4f38-8f0c-9b49b7a8854c
2877,8,2026-01-28 15:33:58.714009,91.4375,43.75,c1649c2c-57c8-4b10-bb20-e89277a4fd04
2878,8,2026-01-28 15:34:04.383457,91.5625,44,c50edd1e-615b-48fe-be40-51e851ce2c4d
2880,8,2026-01-28 15:34:15.72377,91.1875,43.75,e028c31f-2a62-4a68-9e28-7e6e5cf7c62d
2882,8,2026-01-28 15:34:27.115735,90.5625,44,8d038f32-4067-4153-8954-8fd97adc9818
2883,8,2026-01-28 15:34:32.759936,90.4375,43.75,3b05eadd-5bc5-4410-a4f2-509a69e53797
2885,8,2026-01-28 15:34:44.064287,89.9375,44,89d0b317-971a-4b23-bc07-50a38f7c66b3
2888,8,2026-01-28 15:35:01.054864,90.125,43.75,dd8e43df-8c9b-4dd4-93d2-a34c56d326b5
2890,8,2026-01-28 15:35:12.425314,90.5625,43.5,34b2c4c3-56f4-444e-b064-987db8dc86da
2893,8,2026-01-28 15:35:29.418309,90.875,43.5,d3be9907-1b7e-46de-95d4-d71f6e29bdec
2895,8,2026-01-28 15:35:40.844916,90.75,44,a69b0896-fecb-4837-9c3a-080920de8187
2896,8,2026-01-28 15:35:46.581407,90.625,44,3113b344-0e6d-4f0f-be81-11b695f72e09
2898,8,2026-01-28 15:35:57.945804,90.25,43.75,c88b7a3d-cd8f-4314-9bc1-0748a637b912
2900,8,2026-01-28 15:36:09.312376,89.9375,44,77f41fb6-7d16-4eff-a8fa-fad43179bc66
2901,8,2026-01-28 15:36:15.046406,89.6875,44,236407e5-b33b-4a0b-af7f-735e75415045
2903,8,2026-01-28 15:36:26.516722,89.3125,44.25,6af31e96-f0c8-4503-b1f1-ca6fece9a784
2906,8,2026-01-28 15:36:43.619339,88.75,44.5,84905d53-33f7-4e8d-b44f-700b10b933b6
2908,8,2026-01-28 15:36:55.027934,88.375,44,5099364d-7ec1-49f7-af69-74d927386916
2911,8,2026-01-28 15:37:12.187718,89,44.25,074b77cd-cfb1-418b-bc44-a620e9e9bf92
2913,8,2026-01-28 15:37:26.338036,89.5625,44.25,04fc99af-71a7-4cd0-a8a3-2701b5be4773
2915,8,2026-01-28 15:37:37.730362,90.125,44.25,75075cde-cdb8-47e2-8f7b-cd7e368a6fc0
2916,8,2026-01-28 15:37:43.418067,90.3125,44,da6db743-c687-4066-a98e-cbf4be26d691
2918,8,2026-01-28 15:37:54.999854,90.6875,44.25,5d5b3e14-de22-4d39-a5ad-e470959f9d95
2920,8,2026-01-28 15:38:06.458457,91.0625,44.25,300843d4-35a9-42c0-8e95-af35de1862ea
2921,8,2026-01-28 15:38:12.196553,91.25,44.5,5dba500a-c35a-47a3-be70-3e40c8fdf946
2923,8,2026-01-28 15:38:23.558906,91.125,44.5,47348481-9322-472c-ae51-72d64a9f35b2
2926,8,2026-01-28 15:38:40.558412,90.9375,44.5,42570c00-1aaa-4f03-adc5-89cd371e307e
2928,8,2026-01-28 15:38:51.877401,90.875,44.5,bdd9f42c-945a-4af3-9c36-705da3bb6583
2931,8,2026-01-28 15:39:08.823731,91.3125,44.5,f665c47a-0127-436f-8130-70ff60d1e1b8
2933,8,2026-01-28 15:39:20.144308,91.375,44.5,9c17e016-7f45-4d44-a2ad-cd94e37914ae
2934,8,2026-01-28 15:39:25.819639,91.375,44,2b3e0441-46e6-4c1f-8290-697da1bffe0e
2936,8,2026-01-28 15:39:37.288833,91.8125,44.5,3326cd53-2db5-4a5d-95a5-bd3b3db06103
2938,8,2026-01-28 15:39:48.591789,92.25,44.75,e4950fac-747c-45d0-bda3-671492e01097
2939,8,2026-01-28 15:39:54.290195,92.4375,44,fd24e9fe-9c44-4524-a889-bbefca45ee5f
2941,8,2026-01-28 15:40:05.657255,92.625,44.5,ead3c6f9-2704-4d47-b751-0d75de422876
2944,8,2026-01-28 15:40:22.651824,92.5625,44.25,b66dd25b-1a99-4563-a6ae-2b5b747484d8
2946,8,2026-01-28 15:40:33.919156,92.0625,44.5,f5c4eb32-3698-4e52-be9e-cd11740927f4
2949,8,2026-01-28 15:40:51.019108,91.25,44.5,e4bbfee5-3211-4d6a-912b-0e2ab0f79efa
2951,8,2026-01-28 15:41:02.485441,91.0625,45,74d30e8c-33d6-4e09-928d-4e597e8fa0cd
2952,8,2026-01-28 15:41:08.221818,91.125,45,e77171f8-1e4f-4148-9783-9657b9530e39
2954,8,2026-01-28 15:41:19.695135,91.5,44.25,6cc9f09d-8a5e-46b2-aadd-5799f93d67f1
2956,8,2026-01-28 15:41:31.063654,91.6875,45,a11cce09-57b9-4036-bac3-55a0b797525b
2957,8,2026-01-28 15:41:36.68762,91.75,44.5,67dca3eb-1042-4c86-84fb-0ee652f82f76
2959,8,2026-01-28 15:41:48.009688,91.6875,44.5,46615ae7-520a-4cdd-8799-fbda5fe5621b
2962,8,2026-01-28 15:42:05.1574,91.8125,44.75,54bf95c6-f469-496b-8f28-ae0dc4b4f44b
2964,8,2026-01-28 15:42:16.567445,91.9375,44.5,42503ca5-4ac9-484b-b63c-298ed8795c75
2969,8,2026-01-28 15:42:47.610911,91.4375,45,b4aef346-bf6f-4364-b96e-b0ea0d1370c1
2971,8,2026-01-28 15:42:59.060816,91.1875,44.75,7dd3d6e1-43cd-4965-9414-77c815caf92c
2972,8,2026-01-28 15:43:04.6531,91,45.25,b347eeed-80a3-4f39-bdc1-774f6baf8bac
2974,8,2026-01-28 15:43:15.920679,90.6875,44.75,2b40a0c3-f6b4-4f12-876c-24fe3c994aa6
2976,8,2026-01-28 15:43:27.283511,90.5,45,4ac5eb66-85e5-4c46-a290-2573f8b79e5d
2977,8,2026-01-28 15:43:32.88993,90.4375,45.25,fdd3e760-025a-4130-afcf-42d0d21bb809
2979,8,2026-01-28 15:43:44.181083,90.25,45,0259935b-3b27-4d3c-8fd4-5fa692d3ded0
2981,8,2026-01-28 15:43:56.178579,90.25,45.25,4a74f182-c4d9-48d6-9412-acff86727d0d
2984,8,2026-01-28 15:44:16.549125,89.5625,45,5c198994-7f40-43d8-8418-9736102517f8
2986,8,2026-01-28 15:44:28.004051,89.25,45.25,00a5f2b8-330e-4e00-ac98-a5c3ebf0f336
2989,8,2026-01-28 15:44:45.105965,89.0625,45.25,3e5542b3-64b1-4d91-b927-d0218b650af3
2694,8,2026-01-28 15:16:33.550257,88.125,42,5fc6343a-6ee8-4f92-8363-8192a9e80c8e
2695,8,2026-01-28 15:16:39.240167,88.4375,42,91e9a1aa-11c0-485d-880f-b83d8a482847
2697,8,2026-01-28 15:16:50.546554,88.625,42,f3b6a10d-9813-4d71-b506-05e12455ba96
2699,8,2026-01-28 15:17:01.910938,88.625,42,af9dd4db-9629-48e8-b55d-41224a9bf0ed
2700,8,2026-01-28 15:17:07.64587,88.625,42,adc0a2f0-162c-4253-922c-1079889d0e76
2703,8,2026-01-28 15:17:24.746656,88.375,42.25,d6eb0634-6117-435a-a5d6-2c82297c8e35
2706,8,2026-01-28 15:17:41.796134,87.75,42,17c4b507-8096-45e8-a1f7-2ae4728f85ed
2708,8,2026-01-28 15:17:53.220586,87.8125,42,61c774af-5926-4534-862b-fc0b36a1acbc
2710,8,2026-01-28 15:18:04.478938,88,42,8012374a-7912-40e5-a489-f0e97b29d99d
2711,8,2026-01-28 15:18:10.111374,87.8125,42.5,dcf36f57-30fc-4474-8a7c-9bcd9cf3f788
2713,8,2026-01-28 15:18:21.518168,87.25,42,7b52037f-43a9-49cf-b43c-08bb6bd97cab
2715,8,2026-01-28 15:18:32.844157,86.9375,42.5,672e0951-9d0f-436b-bd3a-66df54f2539a
2716,8,2026-01-28 15:18:38.477887,86.8125,42,3aa72255-012c-4f22-8750-052d0adce3a5
2718,8,2026-01-28 15:18:49.945998,87,41.75,20e50b59-5de8-4b92-a374-19cdd182d6d5
2720,8,2026-01-28 15:19:01.312772,87.3125,41.75,ed665493-e86a-4f58-a334-629ab7827bf1
2721,8,2026-01-28 15:19:07.050187,87.5,41.75,d7a10612-84bd-4277-932c-f40295d3a172
2723,8,2026-01-28 15:19:18.412429,87.75,41.5,5634a4a9-29c2-4ecb-9f72-54ad1d03d732
2725,8,2026-01-28 15:19:29.777926,88,42,1092dfd0-2b96-427b-9aa4-a12fac3274c2
2726,8,2026-01-28 15:19:35.403578,88,42.25,3ee0d238-28e2-4662-ac4c-447991fd32b3
2728,8,2026-01-28 15:19:46.878478,88.0625,42.25,385c0589-389f-440b-a260-a2fddac888d5
2729,8,2026-01-28 15:19:52.612987,88.125,42,326ea10a-f2e5-4758-8556-9abc594786d6
2730,8,2026-01-28 15:19:58.29408,88.0625,41.75,8718b490-d267-4e32-9aee-f5d1ca9da68e
2731,8,2026-01-28 15:20:03.980235,88,42,a7603f99-6893-4980-b073-72a8c99ef9ad
2732,8,2026-01-28 15:20:09.714014,88.0625,42,e11f9c36-7127-4eb5-992a-087b65abea8f
2733,8,2026-01-28 15:20:15.448499,88.0625,42,dd9c4ac2-d5f5-4195-b804-4d6b626f726d
2734,8,2026-01-28 15:20:21.184275,88.125,42.25,83fed99c-40c5-489a-8014-4a4f7e0d6eb4
2735,8,2026-01-28 15:20:26.917365,88.25,42,91f4bf8d-7ef0-43a7-b100-c55b9ddfd368
2736,8,2026-01-28 15:20:32.655077,88.25,42.25,1826e1cd-bbdb-4999-9772-98d054f71ca2
2737,8,2026-01-28 15:20:38.283502,88.1875,42.25,6bcde38d-f013-4cec-ad93-727316a19997
2738,8,2026-01-28 15:20:43.919578,88.25,41.75,3abcbe6d-d7e5-4266-8447-06c85e691e14
2739,8,2026-01-28 15:20:49.548014,88.375,42,e413a304-71ab-465b-8f5f-c4595ce00216
2740,8,2026-01-28 15:20:55.28206,88.625,42.25,ee160a8b-8b0f-4e5a-bb37-4f7fe8eebf1a
2741,8,2026-01-28 15:21:00.960423,88.625,42,4aa6910d-bde4-4295-baa9-0be2ea0084bc
2742,8,2026-01-28 15:21:06.64858,88.6875,42.25,f7ce6422-4e40-42d1-a7ac-a7279e6cebb1
2743,8,2026-01-28 15:21:12.383286,88.75,42,cacc980e-1f27-4906-8e31-10678c778838
2744,8,2026-01-28 15:21:18.117699,88.8125,42.25,cdf9229f-13e5-485c-a987-0a843c6e2214
2745,8,2026-01-28 15:21:23.853236,88.8125,42.25,fbd903fc-2a34-4f8c-9678-0644be7df1d7
2746,8,2026-01-28 15:21:29.484625,88.6875,42.25,3b788088-2fe9-4df4-8c24-e26a3b00c6c5
2747,8,2026-01-28 15:21:35.219576,88.625,42.25,c1b09138-94e0-48b0-a47c-1d2c5dfed427
2748,8,2026-01-28 15:21:40.953466,88.5,42,3eba0c77-9819-4238-b740-9b7995241966
2749,8,2026-01-28 15:21:46.685158,88.5,41.75,48005ceb-e68c-4209-97f8-a4bb650ed012
2750,8,2026-01-28 15:21:52.423979,88.5,42.25,36d4fdea-2d49-4b25-beaf-09927fba3f50
2751,8,2026-01-28 15:21:58.023854,88.4375,42,a305c359-cac1-4599-8cc4-281941d34d47
2752,8,2026-01-28 15:22:03.686533,88.4375,42.25,06bb4b18-cbab-4183-b4e0-a9eb55056b7f
2776,8,2026-01-28 15:24:20.596257,89.5,43,a2983425-3215-40b2-9aea-190c23a373bb
2778,8,2026-01-28 15:24:32.066077,89.1875,42.75,e8edf2ef-562f-4c99-809d-7c9998adc5fa
2781,8,2026-01-28 15:24:49.064504,89.125,42.75,2c0a1839-18a9-4cee-8e4f-ad6bf8a8dd39
2783,8,2026-01-28 15:25:00.53197,89.25,42.5,8c46be38-4092-4578-99c6-5c7b7fdcf1b6
2784,8,2026-01-28 15:25:06.165301,89.5,42.75,ccde1a23-6ecf-4b6a-9599-97406f0fa08e
2785,8,2026-01-28 15:25:11.846691,89.75,42.75,cc545d1f-813c-41e0-954d-67f19bad9a95
2787,8,2026-01-28 15:25:23.265592,90.1875,42.75,49f63895-220c-4f4b-8a9e-0d994ac4d07f
2789,8,2026-01-28 15:25:34.737546,90.25,42.5,f23a8da1-ce44-4918-9ca7-c29f847aa600
2790,8,2026-01-28 15:25:40.469052,90.1875,43,b1c70329-7742-4bcb-8c6a-2457f0dc2e07
2792,8,2026-01-28 15:25:51.834684,90.25,42.5,9d391521-5266-4e9d-963b-4c58aabe4f04
2795,8,2026-01-28 15:26:08.936129,90.3125,42.5,46792702-e012-4c94-9a81-7270fa7ca398
2797,8,2026-01-28 15:26:20.199993,90.25,42.5,62a6cea6-a0be-4232-847c-b6e5b9c12aeb
2800,8,2026-01-28 15:26:37.24291,90.1875,42.75,fdb11bb4-87c5-48b9-85aa-7dda032f629e
2991,8,2026-01-28 15:44:56.368956,88.5625,45,43ff1a6c-42c1-4bc3-845d-1ff6c8779e62
2992,8,2026-01-28 15:45:02.108278,88.3125,45,dc43be52-5771-4657-856c-efd1fb518674
2994,8,2026-01-28 15:45:13.471407,88.1875,45.25,2c6ba40c-8e91-4ae8-b60e-30d9bd18f984
2996,8,2026-01-28 15:45:24.938842,88.3125,45.25,b48b2209-ec46-486b-bb41-67562867f4af
2997,8,2026-01-28 15:45:30.673632,88.5625,45.5,4372834c-0f4d-4ec3-b7ca-3693d72e8887
2999,8,2026-01-28 15:45:41.990667,88.75,45,883bc994-4326-44dd-9f74-84b0db366cf4
3001,8,2026-01-28 15:45:53.445973,89.125,45.5,4b8f5e63-4e80-4098-910e-643c9983f6b5
3002,8,2026-01-28 15:45:59.082439,89.25,45.25,9789dd32-a9de-48da-9ff7-5215e2edf098
3004,8,2026-01-28 15:46:10.507932,89.3125,45,c864c53b-ba70-4a41-a011-c6b51c76277a
3007,8,2026-01-28 15:46:27.560653,89.75,45.5,5edc219c-caa8-4b57-ad24-2b121e931251
3009,8,2026-01-28 15:46:38.974809,90.375,45.25,1d21abe3-ef5d-4b13-a4bc-1ea394897241
3012,8,2026-01-28 15:46:56.125834,90.6875,45.75,6092ca95-1695-4ff2-8090-79b507544680
3014,8,2026-01-28 15:47:07.41472,90.9375,45.75,54a98ca8-5f8a-4d52-ab23-edc824daf8be
3017,8,2026-01-28 15:47:24.547445,91.25,45.5,3a72c6bc-8ed8-4640-a2be-aa209093d928
3019,8,2026-01-28 15:47:36.421313,91.125,45.75,616d934e-4ff6-4ca8-9578-a7ba89125108
3022,8,2026-01-28 15:47:53.522778,91.125,45.25,b46b4c1d-1bd6-4ad4-99d6-39d90c7c59ef
3024,8,2026-01-28 15:48:04.72931,91.5,45.25,00d0d935-4db2-4ae0-8c13-8b7623440cca
3025,8,2026-01-28 15:48:10.392477,91.75,45.5,19c14131-dda7-4ac7-b6bf-f4ea9bbf3bfe
3027,8,2026-01-28 15:48:21.682439,92.375,45.5,44813011-e349-4be0-9bf1-ed869c13b257
3030,8,2026-01-28 15:48:38.624304,93.125,45.75,cb05df53-97ed-45fc-949b-59d52ba1e36d
3032,8,2026-01-28 15:48:49.945449,93.5,45.5,5bd1383e-5891-401f-92fb-5d03f8b5e0df
3035,8,2026-01-28 15:49:06.990069,94,45.75,6941f3d3-6658-487d-9875-39a57170b64c
3037,8,2026-01-28 15:49:18.357276,94.25,45.5,2c20476f-12d3-497c-b2f2-a681817a92b4
3038,8,2026-01-28 15:49:24.147112,94.4375,46,cc3df34b-9080-4f17-bcfc-a74327f8622b
3039,8,2026-01-28 15:49:29.783897,94.5625,46,d241b95e-dc19-4adf-8ef7-d173ee89abb4
3041,8,2026-01-28 15:49:41.147072,94.75,46,a16c9573-4f8a-44db-b550-010ea17bf46d
3044,8,2026-01-28 15:49:58.14864,94.5,45.5,a7abebeb-4363-4d3f-ba64-500d7720bfed
3046,8,2026-01-28 15:50:09.510819,94.0625,45.75,590fd8fa-d8e6-48bd-aa3e-25fc9d9ff2d6
3048,8,2026-01-28 15:50:24.069373,94.125,46,a6b989b6-085b-45c6-b474-32b3461bec63
3049,8,2026-01-28 15:50:29.687701,94.125,45.75,e1fc7e2d-5155-433c-9e69-d6e37f11852f
3051,8,2026-01-28 15:50:41.05586,94.25,45.75,25990393-c5d6-4979-8da5-972c32bfbfad
3081,8,2026-01-28 15:53:32.269255,95.8125,46.25,225d54b6-c6d2-420c-aff3-c812e90ed042
3082,8,2026-01-28 15:53:37.944398,95.625,46.25,7f9e057b-8cdb-48a6-be05-81b3f5365bb9
3084,8,2026-01-28 15:53:49.370205,95.4375,46.25,91de7c15-5092-4d52-965f-de0770078bc5
3086,8,2026-01-28 15:54:00.843957,95.125,46,fd37af84-19cb-406e-aa56-8431a04970eb
3087,8,2026-01-28 15:54:06.574257,95.0625,46.5,b87c1617-5a56-438b-bbb8-354d1150cb4c
3089,8,2026-01-28 15:54:17.895832,95.0625,46.5,750dcad9-2cb5-4a33-bfeb-5e02e9f041cb
3092,8,2026-01-28 15:54:34.835743,95,46.5,1388f9e5-de5d-4504-afac-477b016beee5
3094,8,2026-01-28 15:54:46.202581,94.9375,46.5,7fab5129-1811-46e9-b5cf-ed712807a410
3097,8,2026-01-28 15:55:02.989418,94.5625,46.5,d4385dc9-f608-4969-8a77-a5e393fb967e
3099,8,2026-01-28 15:55:14.466486,94.5625,46.5,64b86fa8-1c28-4d9c-b488-a0aa6fe88fd5
3100,8,2026-01-28 15:55:20.195271,94.75,46.5,902d7123-1283-4960-b9fb-1f0b9d72e251
3102,8,2026-01-28 15:55:31.561735,95.0625,46.5,f2f0e6b7-0880-4d70-be95-9cacf5cf5817
3104,8,2026-01-28 15:55:42.840653,95.5625,46.5,57e96582-91f5-4c0f-a658-0913b809da05
3105,8,2026-01-28 15:55:48.458598,95.375,46.5,1e1f43a0-ea41-4b6e-bb09-3b2991fc73e0
3107,8,2026-01-28 15:55:59.721387,95.125,46.25,0df6d6cc-1cfe-49f3-93c3-2b41a9c14df9
3110,8,2026-01-28 15:56:16.64547,95.75,46.75,89231ae8-3ed7-48a2-9c40-1c77c122afc7
3112,8,2026-01-28 15:56:27.985325,95.625,46.75,4b34f223-eb99-498d-9cae-236cd639c0ee
3115,8,2026-01-28 15:56:45.029756,94.4375,46.25,1fbefe68-565a-4b38-8b25-bb4964dbcdb0
3117,8,2026-01-28 15:56:56.407729,93.875,47,086ac276-9ac1-4f37-947a-082d7e11a67e
3118,8,2026-01-28 15:57:02.086122,94,46.25,7f054aea-bc77-4d16-9916-e3509719dc11
3120,8,2026-01-28 15:57:13.283692,94.5,47,16e71b78-4cdf-4929-845b-6ea64094ec33
3123,8,2026-01-28 15:57:30.121533,95.3125,47,d026c19d-8ae8-4875-a29f-ff789fee7b82
3125,8,2026-01-28 15:57:41.332063,95.5625,46.75,a8d0662e-d98c-41e9-843c-e9e3be7d9a2b
3128,8,2026-01-28 15:57:58.104857,95.9375,47,b3a411a5-49f5-474d-8515-9e5cd1d3c932
3130,8,2026-01-28 15:58:09.292654,96,46.75,dfb5ae35-482e-4436-a86f-cb1726282972
3131,8,2026-01-28 15:58:14.880944,95.6875,46.75,56f73eec-2a39-46fc-8ef1-9e5bbe95f414
3133,8,2026-01-28 15:58:26.140616,94.6875,46.75,65f08263-6397-4348-b8e2-278513051fa0
3136,8,2026-01-28 15:58:42.993106,93.8125,47,9cd0c88e-e3e7-4e01-85ae-c197050a3dac
3138,8,2026-01-28 15:58:54.188551,93.0625,47,25f476d2-887f-45d9-832f-a46bbd0c5756
3139,8,2026-01-28 15:58:59.780589,92.625,47.25,3e7edff8-dccb-4b6e-980d-c349709bc992
3141,8,2026-01-28 15:59:10.998578,92,47,49b5b5b6-2240-4b14-be4e-edbf2f20bc46
3143,8,2026-01-28 15:59:22.363234,91.625,47,899249ee-fba2-46c2-b510-0a0652eaf881
3144,8,2026-01-28 15:59:27.962316,91.5,46.75,ef2dceb8-9e2e-428f-92c5-331dacffb977
3146,8,2026-01-28 15:59:39.149868,91.1875,47,b67ca049-274c-4766-9506-a1d26ffc9716
3149,8,2026-01-28 15:59:55.934943,91.8125,47,b79c7601-cf13-4ee6-9f13-1952461a9367
3151,8,2026-01-28 16:00:07.195622,92.25,47,2fda8c97-6f48-474e-be85-de3ebbb5ef76
3152,8,2026-01-28 16:00:12.790194,92.375,47,0195a602-5ba9-45b3-9e78-e50c85a6e36b
3154,8,2026-01-28 16:00:23.981406,92.125,47,47ea4e61-5aa8-48cf-9c85-b490a6be407b
3157,8,2026-01-28 16:00:40.787755,91.9375,47,2603ecdf-a729-4260-888e-dd81e8e1e9f9
3159,8,2026-01-28 16:00:52.551794,92.5625,47.25,2729ee3c-e687-426f-ab13-f4e7c839a29f
3162,8,2026-01-28 16:01:09.326999,93.5625,47.25,9af2b667-72ea-4393-864a-d52a1d9e6ad0
3164,8,2026-01-28 16:01:20.498401,93.6875,47.25,743e048d-9da1-4601-a2fd-5d1545022dc0
3165,8,2026-01-28 16:01:26.088254,93.4375,47.25,0fab4a3f-0c9e-4a7a-9972-3e31e2fedd9f
3167,8,2026-01-28 16:01:37.344896,93.25,47.25,12b2d693-ca6a-4d03-a8e9-7de383f001c8
3170,8,2026-01-28 16:01:54.100557,93.4375,46.5,6c9c9126-b01d-48ca-8649-ea44e0f7be44
3172,8,2026-01-28 16:02:05.341718,94.125,47.5,0375af78-a58f-4dd9-a7b0-99d1dd50bfac
3173,8,2026-01-28 16:02:10.962772,94.1875,47,79c536fb-b2ac-40ba-a93d-4f5729249b47
3175,8,2026-01-28 16:02:22.229432,93.875,47.25,1fbc3573-7284-41f3-8451-e6645d04de8d
3177,8,2026-01-28 16:02:33.54787,93.9375,47.25,cea23d9e-08f1-42d6-aaa4-aace14086ff0
3178,8,2026-01-28 16:02:39.15731,94.0625,47,8a776c62-b467-491f-903f-7a3e741dbc0f
3180,8,2026-01-28 16:02:50.44628,94.1875,47.5,743f8727-5d98-426f-b32c-caa1411c4d86
3183,8,2026-01-28 16:03:07.453485,94.0625,47.5,b6557843-6df9-4adc-8df5-e637d38a00da
3185,8,2026-01-28 16:03:18.70567,93.5,47.75,8ea94b00-3ff9-44fd-9042-2e743d4dc003
3186,8,2026-01-28 16:03:24.292136,93.3125,47,0e5fcea3-0544-4dbf-9f88-d29119f2580b
3188,8,2026-01-28 16:03:35.489583,93.25,47.25,7986e118-aa6f-460c-b898-b104803b65e6
3191,8,2026-01-28 16:03:52.414683,93.9375,47.5,9e28468a-201f-4a81-ba8f-816c9390bff1
3193,8,2026-01-28 16:04:03.748207,94.4375,47.5,e1ee2c85-d239-487b-9726-88af80a26d97
4647,8,2026-01-28 18:22:21.003874,92.4375,60.75,ddcd1801-44e3-4880-bf86-849d2ea72bb1
4649,8,2026-01-28 18:22:32.471348,92.4375,60.75,241f6366-aa66-4ede-8f58-eedf4f5f0b9f
4652,8,2026-01-28 18:22:50.947061,93,60.5,9d2ad2bb-f342-48bb-af4d-34bac20a0f50
4654,8,2026-01-28 18:23:02.26977,93.625,60.5,8383547e-2fea-4ac3-86cc-12c571555a03
4656,8,2026-01-28 18:23:13.577643,93.75,60.75,9a21fc11-359e-4c47-979c-3fc3ff2926e3
4657,8,2026-01-28 18:23:19.734433,93.8125,60.5,5b031b2d-a96b-441b-a44d-eaf3050b474d
3083,8,2026-01-28 15:53:43.632529,95.5,46.25,7f3c2561-7e2a-4875-9450-856c41191aa6
3085,8,2026-01-28 15:53:55.103678,95.25,46,239b7b33-02e5-4c65-9fe3-aae9afcde895
3088,8,2026-01-28 15:54:12.305432,95,46.5,8a4724c3-56ca-46bb-ae17-bbad4d26f5e8
3090,8,2026-01-28 15:54:23.510282,95.1875,46.25,c7bfb41a-801a-47e7-870a-1a5f2e1a8c03
3091,8,2026-01-28 15:54:29.106188,95.125,46,89bb9419-2ea5-4bef-a57c-b2251f2ae708
3093,8,2026-01-28 15:54:40.565678,95,46.75,8b04ce10-f7cf-4cce-af28-65901b2fec49
3095,8,2026-01-28 15:54:51.803368,94.8125,46.5,8e4469ce-519d-47d1-983a-dac979722582
3096,8,2026-01-28 15:54:57.405299,94.6875,46.5,b465775f-e19b-44a6-8af7-14b080225072
3098,8,2026-01-28 15:55:08.725674,94.5,46.5,21ca09ef-818e-4874-8707-59e79e3f1a4c
3101,8,2026-01-28 15:55:25.886988,94.875,46.5,4203ca4f-c062-43e5-91c8-760815027c17
3103,8,2026-01-28 15:55:37.238329,95.1875,46.5,9f0d6359-1079-4c73-9a74-5faaee2d5f5d
3106,8,2026-01-28 15:55:54.09007,95.1875,46.5,d399dc1e-eb66-41bd-8081-dcc033495954
3108,8,2026-01-28 15:56:05.397552,95.25,46.5,adee01e6-7bee-499f-bb6d-224446fd446b
3109,8,2026-01-28 15:56:10.990479,95.5625,46.75,9f255a9f-4da1-41dd-aba5-cdddcacbf027
3111,8,2026-01-28 15:56:22.308015,95.875,46.75,3c4da166-12f5-4c63-94a1-bf73edb80102
3113,8,2026-01-28 15:56:33.724174,95.1875,46.5,16a26aab-4305-4768-b67e-1e44b08e3fb3
3114,8,2026-01-28 15:56:39.350573,94.8125,46.25,552d5421-bc6c-48d6-9318-ce735b689657
3116,8,2026-01-28 15:56:50.718798,94.0625,46.75,57f730b2-068e-47c0-bd84-4b899abee1a9
3119,8,2026-01-28 15:57:07.686417,94.1875,46.75,d71e51d2-7539-487c-9d54-4330071a143a
3121,8,2026-01-28 15:57:18.889379,94.8125,46.75,fe790025-3671-4989-95e2-dc4be8d15b52
3122,8,2026-01-28 15:57:24.521052,95.0625,46.75,a68bfcec-32c8-470d-84b7-5f9d634043eb
3124,8,2026-01-28 15:57:35.721158,95.4375,46.5,d1712da0-8a14-4758-a498-5dffdf479360
3126,8,2026-01-28 15:57:46.92096,95.75,47,264c4677-00d5-4567-956b-7428ad881543
3127,8,2026-01-28 15:57:52.51916,95.875,46.75,45e9e126-8af8-4850-8eb5-6d85e0ac2762
3129,8,2026-01-28 15:58:03.707206,96.0625,46.5,6ab7063c-eec3-4c99-afcf-ee036a95c3c7
3132,8,2026-01-28 15:58:20.533986,95.125,46.75,b4132d46-59de-48f1-9bcc-841c7dd2b2d4
3134,8,2026-01-28 15:58:31.767806,94.3125,47,bccd0bd9-5f65-4545-a05b-381f9da17560
3135,8,2026-01-28 15:58:37.366415,94.0625,46.75,c2522b3b-f177-4bc1-9f10-63b762e193a4
3137,8,2026-01-28 15:58:48.593231,93.4375,47,dd3acc64-523e-479e-a660-c27985c95122
3140,8,2026-01-28 15:59:05.408763,92.3125,47,91715291-cfd6-40c2-8b42-b80ddd9d6985
3142,8,2026-01-28 15:59:16.741045,91.8125,47,df4c4b47-5c18-4b16-8923-e705c12b15bf
3145,8,2026-01-28 15:59:33.558498,91.375,47.25,a5cd6a11-c5c9-4232-9239-b18ced2e7ef9
3147,8,2026-01-28 15:59:44.756306,91.25,46.75,05c8d497-6533-481e-bf64-d032d2fae5ee
3148,8,2026-01-28 15:59:50.339984,91.4375,47,0581bdbd-86f4-42e0-823c-ef13da88ca0d
3150,8,2026-01-28 16:00:01.550062,92.125,47,5255e19b-fdcf-4e27-9725-b24e2131d9c7
3153,8,2026-01-28 16:00:18.388873,92.3125,46.75,7ffe1024-aefd-429e-82b2-1cf4287af2f9
3155,8,2026-01-28 16:00:29.580039,91.875,47,8b0d2f9e-e544-43e8-aee2-c0b56a8ceb27
3156,8,2026-01-28 16:00:35.203156,91.6875,47,0b44ff45-93e7-46d5-9f3f-de87c960c5b5
3158,8,2026-01-28 16:00:46.379776,92.25,46.75,a85b0ed1-3ee6-4afc-a85a-d954f872f995
3160,8,2026-01-28 16:00:58.142248,92.9375,47.5,74e3b2a5-7ae2-49bd-89c9-3948300a3961
3161,8,2026-01-28 16:01:03.740479,93.3125,47.25,7451341b-7e12-4395-8e05-fdce94b1f029
3163,8,2026-01-28 16:01:14.916904,93.6875,47,4a567554-236b-423e-9147-541483e98acc
3166,8,2026-01-28 16:01:31.679357,93.25,47,e2fec729-e88a-43a3-adeb-ab075b04de9c
3168,8,2026-01-28 16:01:42.929703,93.125,47,1a8b1c9a-fa45-4c79-ae82-7da17840759d
3169,8,2026-01-28 16:01:48.516499,93.125,47.5,06ce0850-9e58-4cd0-ad43-ceacb5a1bcd8
3171,8,2026-01-28 16:01:59.742339,93.8125,47.5,3c68a3c1-1ee3-4e9f-9850-5f2dccd22928
3174,8,2026-01-28 16:02:16.595826,94,47,67cf6fb8-2860-4fe8-9227-2aee64707439
3176,8,2026-01-28 16:02:27.845766,93.875,47.5,7c3b8f25-1b30-4578-a454-5292342cb18f
3179,8,2026-01-28 16:02:44.81218,94.125,47.25,f9a56b8a-2e28-4178-b8fc-f9b9853c648e
3181,8,2026-01-28 16:02:56.210314,94.25,47.5,78e636f6-c86b-41e0-a2fe-818d8648b030
3182,8,2026-01-28 16:03:01.823787,94.25,47.5,868ca068-046f-4fd7-bf89-b1698d385f05
3184,8,2026-01-28 16:03:13.086691,93.75,47.75,fbc9b868-452f-4bac-91c1-0a32c313e719
3187,8,2026-01-28 16:03:29.883706,93.1875,47.25,634a3aab-682a-4e5e-a85e-0e9d9463e0e3
3189,8,2026-01-28 16:03:41.111564,93.5,47.25,e42e9497-0967-4b28-93cb-c583d4c3ffb4
3190,8,2026-01-28 16:03:46.781246,93.75,47,d221d562-1982-4e5e-9e6a-c51e1171b844
3192,8,2026-01-28 16:03:58.060609,94.1875,47.25,e8ce0ae2-2d28-4cff-b98a-950f42305cce
3194,8,2026-01-28 16:04:09.48413,94.75,47.5,b2c22acf-996d-4f9b-a5ae-76c17dd9190e
3195,8,2026-01-28 16:04:15.078377,94.9375,47.5,9e701599-6c2c-49ea-94b6-4bcb03bc1814
3196,8,2026-01-28 16:04:20.730139,94.625,47.5,87b3b93c-31e9-4415-9369-11cdd61f2580
3197,8,2026-01-28 16:04:26.352821,94.375,47.75,865c80c0-2e32-4c2c-a72c-96f122f38e11
3198,8,2026-01-28 16:04:32.102702,94.1875,47.75,bb2917c7-5915-418b-a7e7-d308f117247d
3199,8,2026-01-28 16:04:37.732856,94.0625,47.75,e904050d-ab48-4b13-9abe-1559baee6089
3200,8,2026-01-28 16:04:43.389722,93.9375,47.25,3814c01e-db85-4c86-b481-3e04ede0ed3a
3201,8,2026-01-28 16:04:49.032987,93.8125,47.75,1d9fede2-61d7-4513-81d1-621ef73df04c
3202,8,2026-01-28 16:04:54.724394,93.5625,47.5,b5effeb9-742a-4ec7-8369-0a69ab3f565e
3203,8,2026-01-28 16:05:00.331968,93.25,48,14244d2b-d403-4ece-b78c-70d229f08499
3204,8,2026-01-28 16:05:05.956947,92.9375,47.75,62b69ef8-bff8-4134-a323-f8c7e7774a4e
3205,8,2026-01-28 16:05:11.550118,92.8125,47.75,0c163c43-d212-4b3c-958d-21c7da470b9a
3206,8,2026-01-28 16:05:17.211746,92.875,47.5,d64423a4-afed-4258-9ea7-e5e6621985a7
3207,8,2026-01-28 16:05:22.859863,93.0625,47.75,269d4a61-0813-4c32-9280-8d853a7f5a14
3208,8,2026-01-28 16:05:28.488195,93.0625,47.75,6158c5f3-4668-48aa-bfe7-06fd446ab581
3209,8,2026-01-28 16:05:34.133518,93.125,47.5,517d115b-a5e3-4981-9d72-37caab609570
3210,8,2026-01-28 16:05:39.74595,93.3125,47.25,6d4f8732-d371-4a0a-a8ab-e0b6d85b5aa0
3211,8,2026-01-28 16:05:45.337906,93.625,47.75,155d675d-5dea-463e-97aa-c57af3d0a769
3212,8,2026-01-28 16:05:50.932684,94,47.75,0008bac2-41eb-4d8a-b00e-cf1dffe590a9
3213,8,2026-01-28 16:05:56.547592,94.25,47.75,5a077880-2a7a-461b-8a42-01fa5c4f86c9
3214,8,2026-01-28 16:06:02.147127,94.375,48,50d00648-f416-46a4-917d-bd606cc5c4b8
3215,8,2026-01-28 16:06:07.777454,94.8125,47.75,7a38fc38-9641-474e-aeb9-427ca9781a57
3216,8,2026-01-28 16:06:13.424669,95.125,48,cc16eb45-dabd-46fd-a701-ad9d96a054a2
3217,8,2026-01-28 16:06:19.014604,95.0625,47.5,54f354b4-5a09-49f7-8c41-9783c995e744
3218,8,2026-01-28 16:06:24.637298,95.125,48,aa3b58b9-5dba-4650-9f11-c51afaff7e01
3219,8,2026-01-28 16:06:30.314655,94.875,47.75,5a9a9376-681b-4640-8f0d-1f3d1d389b7b
3220,8,2026-01-28 16:06:36.055816,94.5625,47.75,8cb0ac31-b4aa-464d-ba54-b2888c2eabc7
3221,8,2026-01-28 16:06:41.716483,94.25,48.25,e652054d-b376-4d2f-8570-688860150712
3222,8,2026-01-28 16:06:47.397046,93.9375,48.25,c7691286-7f42-41fa-ae7d-bf8a74a63fd5
3223,8,2026-01-28 16:06:53.022015,93.6875,47.75,ba525de8-ff24-4e8a-8abd-89821891d97c
3224,8,2026-01-28 16:06:58.619196,93.5,48,754570b6-7d69-46a5-929d-72392ac76a7c
3225,8,2026-01-28 16:07:04.276242,93.5625,47.75,1070266c-5baf-4f99-a04a-43180976f526
3226,8,2026-01-28 16:07:09.934635,93.8125,48,c00b0c3b-3bcc-41c8-b5eb-313997dcbddd
3228,8,2026-01-28 16:07:21.17926,94.375,48,c94a396d-91e1-4e0a-b062-889ab36d3d57
3229,8,2026-01-28 16:07:26.847935,94.6875,47.75,a553ef0e-70c2-4c01-b060-e9429db95f86
3231,8,2026-01-28 16:07:38.077093,95,48,ab8c36b2-99ca-4585-b2b5-0bd516df8cf5
3234,8,2026-01-28 16:07:55.221573,95,48,64d83e47-6dd2-4a28-8dfe-fd9713ad700a
3236,8,2026-01-28 16:08:06.519047,94.75,48,178ae813-eea7-4afa-9c54-c88307d9d4d9
3237,8,2026-01-28 16:08:12.126415,94.75,47.75,0780ebe8-30b9-44ea-a26e-47f2b57b9195
3239,8,2026-01-28 16:08:23.502154,95.3125,48,f5cc4188-dd27-4456-8f7f-137aa568a850
3242,8,2026-01-28 16:08:40.389886,95.75,47.75,31486f58-e381-4b86-af27-1f5b62e3c43b
4648,8,2026-01-28 18:22:26.735504,92.4375,60.5,d8636ddd-4903-4582-8076-7512b53dbe41
4650,8,2026-01-28 18:22:38.206315,92.5625,60.75,bc6b2cbd-66cf-4312-ace8-1b4bcef7ea63
4651,8,2026-01-28 18:22:44.567384,92.6875,60.5,1b870e06-07a4-4811-a5ad-7ff49f9166ee
4653,8,2026-01-28 18:22:56.640025,93.375,60.75,399832ac-df92-4176-a1bf-374d69dbc283
4655,8,2026-01-28 18:23:07.902496,93.6875,60.75,1e3b6ed9-61d9-45bc-8b28-0fd3ce28a0ea
4658,8,2026-01-28 18:23:25.412028,93.875,60.5,16dceb2c-6507-4e3c-8251-2727963ee575
4659,8,2026-01-28 18:23:32.273697,93.9375,60.5,c46cea2c-ed7c-4d9a-81cc-e06714a447f5
4661,8,2026-01-28 18:23:43.6208,93.75,60.5,788b4eec-2a21-41dc-9186-b7bffa75dbaa
4664,8,2026-01-28 18:24:00.403351,93.0625,60.25,0a9a06de-0585-44e6-b142-06ff103dcf01
4666,8,2026-01-28 18:24:11.577729,92.9375,60.5,f3cb0d04-71f2-4b9d-a91f-b7b1ababdd52
4669,8,2026-01-28 18:24:28.593905,93,60.75,b27580a7-f2c5-4079-b943-61cf11df4acc
4671,8,2026-01-28 18:24:40.062294,93.0625,60.25,26b1ff6b-7c67-46c0-ad38-658ae035aef3
4673,8,2026-01-28 18:24:51.531785,93.3125,61,78c69995-5f0f-4494-8500-32359298c77d
4674,8,2026-01-28 18:24:57.210995,93.1875,60.5,7d7e7b68-5983-4ee3-a92e-af94335c7994
4676,8,2026-01-28 18:25:08.650965,93.4375,60.5,f99c1b33-1c18-452d-b371-80e9ec0062ce
4678,8,2026-01-28 18:25:20.101914,93.5625,60.5,f8fef072-eb9b-4bfc-bff2-ae0c5526712f
4679,8,2026-01-28 18:25:25.835917,93.4375,60.5,eda01d2d-02b5-447b-9338-9f8807c3ffdf
4681,8,2026-01-28 18:25:37.305092,93.3125,60.25,47f55318-9d50-4b50-9add-234e6da40c78
4683,8,2026-01-28 18:25:48.772752,93.0625,60.75,46461d89-c8fc-4c98-a8a1-a866debb9d4a
4686,8,2026-01-28 18:26:05.886414,92.5625,61,8bf5a54f-62f0-40c2-aaa7-1e838e9c2c9e
4688,8,2026-01-28 18:26:17.083515,92.5,60.75,5d19f47e-8e7a-4c6e-a686-b1ae301f54a2
4691,8,2026-01-28 18:26:34.240203,92.8125,61,1986054d-f9c5-4dcf-87f8-c86219d99874
4693,8,2026-01-28 18:26:45.652343,93.0625,60.75,847c094b-073c-479a-b54f-f54ccf1f10c6
4696,8,2026-01-28 18:27:02.706362,93.375,61.25,22db0c54-13fd-48b0-b55f-feefd7f06c76
4698,8,2026-01-28 18:27:14.016031,93.5,61,69031a2b-0c85-413c-bd9c-027d6132f17a
4699,8,2026-01-28 18:27:19.704966,93.5625,60.5,5df35861-2eae-49ba-a99c-5d3d7bf67a69
4701,8,2026-01-28 18:27:31.173392,93.625,61,aef4f073-265e-4d0d-8ac0-27cb91bb8d1a
4703,8,2026-01-28 18:27:42.606955,93.9375,61,b5355455-8c13-48c3-8682-76250383679a
4704,8,2026-01-28 18:27:48.281656,94.0625,61,21e415d8-162b-4afb-8c97-5b67aaca0670
4706,8,2026-01-28 18:27:59.586544,94.875,61,2e061c6f-27d9-46d6-95a0-18c044415aea
4709,8,2026-01-28 18:28:16.644167,95.375,60.5,40c24448-1b53-4790-a6da-1c0d8c210247
4711,8,2026-01-28 18:28:28.018871,95.25,60.75,c795e814-6d8f-4275-a44b-a71612ea7d31
4714,8,2026-01-28 18:28:45.107697,94.875,60.75,78de343b-f3c8-456f-bfda-7b47a5b6dd7e
4716,8,2026-01-28 18:28:56.474527,94.9375,61,243d3ad1-feb6-40b5-9637-f22c2b69a072
4719,8,2026-01-28 18:29:13.473345,94.625,60.75,49a63a3d-dcad-4a06-9209-5d90b042201a
4721,8,2026-01-28 18:29:24.838023,94.625,61,b5a67a22-ed69-4e40-9c69-126d288bda07
4722,8,2026-01-28 18:29:30.479335,94.6875,61,8f11004f-982c-42cf-92e8-fb8e856b552d
4724,8,2026-01-28 18:29:41.882229,94.875,61.25,ce61ade8-b7ab-43c9-8a76-09b872f00549
4726,8,2026-01-28 18:29:53.305974,95.125,61,cbaf9ccb-2d96-4334-9840-ca7ea165a10b
4727,8,2026-01-28 18:29:59.040483,95.25,61.25,6e722749-a9c8-4aa1-b4ba-6f2ac371f274
4729,8,2026-01-28 18:30:10.6197,95.3125,61.25,35203365-dbfd-49a6-80ce-ed3793bf6754
4732,8,2026-01-28 18:30:27.71377,95.375,61.25,4bc3c0c5-7851-47cf-bbed-a82e2abfb064
4734,8,2026-01-28 18:30:39.181206,95.625,61,33413e52-9c63-4562-adae-65a59d30b495
4737,8,2026-01-28 18:30:56.28192,96.25,60.75,dbc4a372-3086-48fc-bcb2-0321ba6bafa7
4739,8,2026-01-28 18:31:07.649671,96.25,61.25,d2ac505a-de0d-4153-80ea-28e230833c32
4740,8,2026-01-28 18:31:13.385424,96.0625,61,7d89aa7d-662e-4332-992d-d7d9e041f0ad
4742,8,2026-01-28 18:31:24.75258,95.75,61.25,d9268659-69d2-4849-8de7-cdc54ac1bb63
4744,8,2026-01-28 18:31:36.116219,95.5625,61.25,392a019e-81f1-4816-a867-c11c465db5cd
4745,8,2026-01-28 18:31:41.850623,95.4375,61.25,a1b9e05f-77f8-4bae-ac18-d943b6c1879d
4747,8,2026-01-28 18:31:53.319404,95.1875,60.75,3085c3c7-0c51-45de-81ae-afb555f2e718
4750,8,2026-01-28 18:32:10.318167,94.1875,61.25,64efa571-6662-4756-bc88-71ad0579f472
4752,8,2026-01-28 18:32:21.626987,94.1875,61.25,4af69fb8-41a5-4a48-b866-58dfda354e84
4755,8,2026-01-28 18:32:38.785655,94.75,61.25,d50b014a-d114-404e-a5ab-424340b20607
4757,8,2026-01-28 18:32:50.25939,94.75,61,574d3746-b9a8-47ea-b637-e36cfde04805
4758,8,2026-01-28 18:32:55.991724,94.75,61.25,98c5f177-a20c-45b4-8b32-e4041ca626da
4760,8,2026-01-28 18:33:07.356661,94.75,61.25,50ead57a-95d6-4840-a851-f9d5b1a68a37
4763,8,2026-01-28 18:33:24.457003,94.5,61.25,31894376-ecb3-4ddc-8510-cae086f2cd59
4765,8,2026-01-28 18:33:35.925094,94.5625,61.75,12222aa3-b20b-40e3-9404-51e303540663
4768,8,2026-01-28 18:33:52.924298,95.4375,61,fa7b8707-034b-4c9f-8ce8-ab93c359d64e
4770,8,2026-01-28 18:34:04.392695,95.6875,61.5,bacf82d1-21d6-4189-ab99-42c956666e80
4773,8,2026-01-28 18:34:21.398086,95.9375,61.25,845e9e71-80de-4689-b76d-d9787a199410
4775,8,2026-01-28 18:34:32.758224,96.125,61.25,4eb92b22-7538-45fb-8ab1-c91b008322bc
4776,8,2026-01-28 18:34:38.492628,96.125,61.75,dd307585-ac01-480a-b667-839ee9c65bf6
4778,8,2026-01-28 18:34:49.757013,95.875,61.75,41ada8b2-4ec3-4922-8f28-4982fe2161b5
4780,8,2026-01-28 18:35:01.123252,95.5,61.25,f4795147-7604-424e-a2b6-a406f76e60bf
4781,8,2026-01-28 18:35:06.858451,95.4375,61,385b43ff-ac84-4776-91d4-f658da9caae7
4783,8,2026-01-28 18:35:18.379293,95.75,61.75,29756f5d-171e-4bec-8227-22d57707b263
4785,8,2026-01-28 18:35:29.795158,95.75,61.75,3b591a4b-6f35-41ed-bce6-b4519fe7c240
4786,8,2026-01-28 18:35:35.633478,95.6875,61,01f5192c-fdcf-44fd-98ae-b67bc0540f66
4788,8,2026-01-28 18:35:47.102106,95.625,61.75,a520e497-155e-4c7c-af5c-5fab5011f322
4791,8,2026-01-28 18:36:04.308779,95.625,61.5,27725e13-71af-45c4-803a-5172ded8a77f
4793,8,2026-01-28 18:36:15.773579,95.3125,61.75,d6b60d3c-e47d-46a1-bfcf-54ce03fb932b
4796,8,2026-01-28 18:36:32.873143,94.9375,61.5,5878d4a4-2d3b-43b2-aa6e-05788977f223
4798,8,2026-01-28 18:36:44.287374,95.0625,61.5,6d870a30-22cd-4c6e-8808-55342f768b59
4801,8,2026-01-28 18:37:01.341676,95.25,61.75,61569d11-89fb-4a05-a3c8-1dc5807cac5c
4803,8,2026-01-28 18:37:12.811878,95.0625,61.75,3921d54b-1e33-46f8-bf7c-697631f44661
4804,8,2026-01-28 18:37:18.554989,94.875,61.5,8c28f227-1cb3-4f29-bba0-bc40b2b5ac5d
4806,8,2026-01-28 18:37:30.015505,94.75,61.75,abac5331-77d3-497c-9d05-cdc0df39b96d
4808,8,2026-01-28 18:37:41.384043,94.5625,61.75,a6ddee33-db32-4519-ab9d-59f8f725934b
3227,8,2026-01-28 16:07:15.5378,93.9375,47.75,9de82bea-3747-4170-8da7-61157bdcfcc5
3230,8,2026-01-28 16:07:32.469078,94.875,48,9f671c51-afe8-4e4c-a7ba-620a1ae92f91
3232,8,2026-01-28 16:07:43.698142,95,48.25,776d98f0-e3d3-4acd-aefb-42ffa667eb7d
3233,8,2026-01-28 16:07:49.421957,95,47.75,a6042841-0da8-43f5-a339-7bd241f6ae2d
3235,8,2026-01-28 16:08:00.887742,94.9375,48,ec5bcec5-a652-430b-bb15-1185c6efb8ae
3238,8,2026-01-28 16:08:17.817791,95,48,6dc5ac8f-87c6-4992-be8c-4cce68b95b95
3240,8,2026-01-28 16:08:29.143773,95.5625,47.75,2ac2aa71-f371-45d2-b758-232808a11289
3241,8,2026-01-28 16:08:34.741349,95.6875,47.5,a11fcc27-6444-40cc-a6e6-b991a0539c09
3243,8,2026-01-28 16:08:46.024592,95.75,48,773f47b9-b3f0-4432-adb6-6a254eb15d0c
3244,8,2026-01-28 16:08:51.619971,95.875,47.75,1b53e1b3-b336-42b0-8776-d41ad6303c31
3245,8,2026-01-28 16:08:57.263091,96.125,48,0c3598e1-334b-4a7a-a456-0054b7c7b7cc
3246,8,2026-01-28 16:09:02.933042,96.375,47.75,325c1688-589d-48db-8745-cd6955024e02
3247,8,2026-01-28 16:09:08.558536,96.4375,48,10794da7-74e7-4840-ba11-f008e18937b8
3248,8,2026-01-28 16:09:14.150823,96.25,47.5,842805c4-0179-4788-a873-0b82566fdfe1
3249,8,2026-01-28 16:09:19.828508,96.0625,48.25,ed0381f6-1965-4db0-a90b-64493fd9b0d6
3250,8,2026-01-28 16:09:25.55248,96.0625,48.25,23f00cb3-a4ae-4360-850e-b6a2687215b8
3251,8,2026-01-28 16:09:31.171985,96,48,71a7928b-e393-462a-a402-4193389bd07c
3252,8,2026-01-28 16:09:36.801534,95.9375,47.75,03f5d37d-3722-461a-906b-0f036ee15b85
3253,8,2026-01-28 16:09:42.587103,95.875,48.25,bfede9df-c34a-4180-99ba-5497af752b37
3254,8,2026-01-28 16:09:48.175775,96.125,47.75,52f0d6c1-fd75-4673-963e-e4aaa51e12f1
3255,8,2026-01-28 16:09:53.785746,96.1875,48,f6b72711-9af9-44e2-810a-ddd73e801ea4
3256,8,2026-01-28 16:09:59.386242,96.0625,48,6767db71-4fcf-49a9-9d1f-e2011d5b326b
3257,8,2026-01-28 16:10:05.016551,96.0625,47.5,9228421a-66f2-4db2-adc9-3f312d7e76ac
3258,8,2026-01-28 16:10:10.628085,96.0625,48,8a60e645-d0f3-4fda-9e40-dc6a3881187d
3259,8,2026-01-28 16:10:16.252263,96.0625,48,4cda2172-2ad4-4e99-b708-4e3236085c56
3260,8,2026-01-28 16:10:21.88906,96.1875,48,e11eff1a-b1af-4ed5-9180-c2f3e9c7941f
3261,8,2026-01-28 16:10:27.551952,96.5,48.5,5d681a7a-ac51-4ca2-ae78-23450069c4be
3262,8,2026-01-28 16:10:33.155843,96.6875,48,8c6105f9-3cb6-43c9-8283-35a45741d338
3263,8,2026-01-28 16:10:38.830989,96.75,48,36814a71-a5fe-4196-8af5-b8b08b30df0f
3264,8,2026-01-28 16:10:44.477172,96.75,48.5,0e583414-8d19-466e-b570-37e73b3304f1
3265,8,2026-01-28 16:10:50.091379,96.8125,48.5,756bd9b7-4ff9-4b56-a41e-88fef96ff57b
3266,8,2026-01-28 16:10:55.691091,96.75,48.5,250490af-b421-45e6-a75e-93046cb47146
3267,8,2026-01-28 16:11:01.379721,96.8125,48.5,491b38de-435f-4896-be47-45fe912a1261
3268,8,2026-01-28 16:11:06.987178,96.8125,48,30056ade-5246-4271-81f4-137437a1d99c
3269,8,2026-01-28 16:11:12.684752,96.75,48.5,12e070c2-ebb2-4fd1-8fe2-186bc9229e76
3270,8,2026-01-28 16:11:18.301291,96.6875,48.5,304367ff-8808-4afa-87be-ad7aca877a28
3271,8,2026-01-28 16:11:23.959918,96.5625,48.25,8e00180a-d8fa-4946-8dab-78be4e8c9d6e
3272,8,2026-01-28 16:11:29.580875,96.3125,48.5,8fcc09c1-15c8-4a17-990e-1dafe9ec7625
3273,8,2026-01-28 16:11:35.193334,96.0625,48.75,7ebba63d-1bc9-4a51-bf4e-ff2035ada55b
3274,8,2026-01-28 16:11:40.820825,95.9375,48.5,24d01a51-311c-46ab-973c-64b7e916a5a1
3275,8,2026-01-28 16:11:46.429287,95.6875,48.5,ba490769-cf86-4a5c-8cd4-8bf700955c6b
3276,8,2026-01-28 16:11:52.081901,95.4375,48.25,42834ff2-f506-4fc5-a144-1154b61250f0
3277,8,2026-01-28 16:11:57.698627,95.4375,49,898349cc-adb9-4a8c-b08a-566d0e2ccbf9
3278,8,2026-01-28 16:12:03.315971,95.375,48.5,b74ccff7-941b-463a-86b3-c6d76ef5cf82
3279,8,2026-01-28 16:12:08.918545,95.25,48.75,0510a7b5-7754-4fa2-8e61-c474be6e6780
3280,8,2026-01-28 16:12:14.51927,95.4375,48.5,244d911a-6c47-4a2c-910a-a00a59c7cc8e
3281,8,2026-01-28 16:12:20.125536,95.6875,48.25,588987e6-fc42-4531-b34d-320e8f11a81f
3282,8,2026-01-28 16:12:25.77766,96.1875,48.25,83957bdd-0bcb-4d20-b364-d1d7ddfb4634
3283,8,2026-01-28 16:12:31.425628,96.4375,48.75,14323b89-9f8a-40c7-a0f7-18e50cd8947e
3284,8,2026-01-28 16:12:37.051714,96.5625,48,8aeb8987-82a1-4f7b-8dc0-04980451c6ce
3285,8,2026-01-28 16:12:42.662517,96.6875,48.75,830bd871-e654-4395-82e1-fd84965e17cf
3286,8,2026-01-28 16:12:48.309942,96.6875,48.5,be58a63f-f002-4b2a-8f77-9ce90df31e2f
3287,8,2026-01-28 16:12:53.90569,96.5,48.5,9dc188bd-63b4-41d1-939a-f8cd695e16b1
3288,8,2026-01-28 16:12:59.545459,96.25,48,6866bb96-7d4d-4b4b-a55c-efa0d73128cb
3289,8,2026-01-28 16:13:05.185186,96.25,48.5,6827c822-8648-4a9c-86b9-ea337fad8e18
3290,8,2026-01-28 16:13:10.789446,96.375,48.5,4c3800c8-308c-409c-aae0-dd3d7111b4db
3291,8,2026-01-28 16:13:16.387596,96.625,48.5,c0929bf2-3a2a-48cb-aa27-544a54f558cb
3292,8,2026-01-28 16:13:21.996353,96.75,48.75,a9824329-9351-4e31-a8e5-bf19d0e850f0
3293,8,2026-01-28 16:13:27.590287,96.625,48.5,3d260a86-f6a9-42da-ad7e-c255bdb4c020
3294,8,2026-01-28 16:13:33.219191,96.3125,48.25,a89e9971-1e81-4f34-b5f0-f1ebc421b8d0
3295,8,2026-01-28 16:13:38.812445,96.5,48.75,1f7285c2-43cc-4aa8-a0b4-0f87ee6b301b
3296,8,2026-01-28 16:13:44.427196,96.5625,48.75,4ca0bddf-7312-4f96-a791-0fdade495c45
3297,8,2026-01-28 16:13:50.045897,96.6875,48.75,4427b5c8-f149-4aa8-a518-b8e5632887dc
3298,8,2026-01-28 16:13:55.649675,96.375,48.75,cc3de511-f230-403f-b6fd-73df68f76125
3299,8,2026-01-28 16:14:01.254091,96.125,48.75,18734e56-f922-4075-8219-e83daf064cb6
3300,8,2026-01-28 16:14:06.892311,95.9375,48.75,5cf1d8f6-b035-4e2a-bc97-70fe46bb16fb
3301,8,2026-01-28 16:14:12.490695,95.8125,48.75,613f9e88-b175-48b8-8868-08a145200398
3302,8,2026-01-28 16:14:18.106313,95.75,48.75,ed4eceaa-efe3-41f0-ab74-ca06c2017ed6
3303,8,2026-01-28 16:14:23.827432,95.625,48.75,276320c3-0cad-4d21-9830-145ce9330a57
3304,8,2026-01-28 16:14:29.544329,95.5625,48.75,10ed626b-5adf-4c45-babc-9e2010b3dae6
3305,8,2026-01-28 16:14:35.266794,95.5,48.25,f7226931-b845-4cfc-864a-bf3719ef1fe3
3306,8,2026-01-28 16:14:40.95492,95.375,48.5,c9873f96-87f2-479d-8c59-08e525f80765
3307,8,2026-01-28 16:14:46.657284,95.375,49,427fd69e-a2a5-4420-b378-b99b364b7db2
3308,8,2026-01-28 16:14:52.353511,95.5625,48.75,5aaf2018-7f47-438d-91c5-ee40f82f2b81
3309,8,2026-01-28 16:15:01.036933,95.75,49,76f3df5b-005e-47b3-886a-eead0456ad31
3310,8,2026-01-28 16:15:06.712309,95.875,48.5,ba30f6d0-5b65-4421-ba16-f827e6d3d350
3311,8,2026-01-28 16:15:12.369861,96.125,49,99829f71-9890-48d0-a4bc-60f590dedc57
3312,8,2026-01-28 16:15:18.065904,96.375,49,db47ae03-ca7d-4144-a701-9d2d0532c2ef
3313,8,2026-01-28 16:15:23.820025,96.5625,49,6ff24e1a-7b0e-4948-b896-fc47f4e75bbd
3314,8,2026-01-28 16:15:29.556984,96.5,48.5,312cc711-0913-4360-8853-f064958edd14
3315,8,2026-01-28 16:15:35.186699,96.5625,48.5,9135d8c5-59e6-4274-8b18-6cd5c39840ec
3316,8,2026-01-28 16:15:40.942846,96.8125,48,8bdb7c7f-cf41-499a-bd38-dd29856f08f2
3317,8,2026-01-28 16:15:46.53111,96.9375,49,efd18328-0983-4f08-8a97-5f7ba0f31f44
3318,8,2026-01-28 16:15:52.130575,96.9375,49,ac7ebacc-d18f-40ce-9d07-86cc29eabfa2
3319,8,2026-01-28 16:15:57.756149,96.875,48.75,1ef0c4c3-e963-4f0b-89d6-8f2ce6bdda1b
3320,8,2026-01-28 16:16:03.346663,96.875,49,dfaf6070-21d4-405f-9721-762e5f23875b
3321,8,2026-01-28 16:16:08.938,97.0625,49,17848a55-d8a9-4485-8cdb-5568c51f1b0b
3322,8,2026-01-28 16:16:14.529709,97.375,48.75,84070c3c-1641-4ec8-9978-6d2cddb6f152
3323,8,2026-01-28 16:16:20.127151,97.625,49.25,d23ed406-524b-468d-bdc0-fb726f0e0b57
3325,8,2026-01-28 16:16:31.323254,98,48.5,f9f6a3e2-a218-42ba-bbf8-f944168ca212
3326,8,2026-01-28 16:16:36.930189,98.125,48.75,7d745788-1305-42ed-b22e-595b23c84cae
4660,8,2026-01-28 18:23:38.032455,93.875,60.75,c47e3f53-dbb2-4ff6-81bc-797c7b0af694
4662,8,2026-01-28 18:23:49.213008,93.5,60.25,c68fd3e2-2a79-4797-abbf-0de72a43f830
4663,8,2026-01-28 18:23:54.808692,93.25,61,9804a954-6580-49a5-91c5-0cbbc66bc90a
4665,8,2026-01-28 18:24:05.988293,93,60.25,f021ad68-a41b-409a-b8e2-1d2fa6aeec4a
4667,8,2026-01-28 18:24:17.227745,92.9375,60.75,03e8a0b9-a15c-4c7e-a7ab-ecc12c78ad9b
4668,8,2026-01-28 18:24:22.857903,93.0625,61,ce86015a-670d-43ad-aedf-6b2f02ec5247
4670,8,2026-01-28 18:24:34.328017,93,60.25,6fac1bb4-4c92-4df9-a43a-973a2cf435df
4672,8,2026-01-28 18:24:45.802458,93.1875,61,7482f81c-7788-49d0-9ff9-cb357f266ebd
4675,8,2026-01-28 18:25:02.902156,93.25,60.75,31730589-ae13-4346-9f43-f20446633c81
4677,8,2026-01-28 18:25:14.476986,93.5625,60.75,281f766a-4e04-407d-80d7-205ade852239
4680,8,2026-01-28 18:25:31.591725,93.375,60.75,99f7c171-79af-43bd-b1eb-819c300c18a2
4682,8,2026-01-28 18:25:43.047786,93.1875,60.25,3b31800e-2e1b-4234-a29d-0fe4c47bac55
4684,8,2026-01-28 18:25:54.507346,92.875,60.75,6050018d-fdfb-4002-85b5-3442c00e1024
4685,8,2026-01-28 18:26:00.188057,92.6875,60.75,1d4eee47-037a-424d-a3e8-2fc7fa1b2ae0
4687,8,2026-01-28 18:26:11.467916,92.5,60.5,965dfba9-98e9-4f9c-a13f-6f8a364f833e
4689,8,2026-01-28 18:26:22.783343,92.6875,60.75,3cd116b2-84ee-4a8d-97cc-93c7de49e1a7
4690,8,2026-01-28 18:26:28.50443,92.75,60.5,82b0d5cc-7a46-4f3d-a8d8-fd1a78b6866a
4692,8,2026-01-28 18:26:39.976235,92.9375,61,3ddc986c-4c75-46d0-b39b-74a51d51cd6e
4694,8,2026-01-28 18:26:51.339742,93.125,60.75,227f9324-d435-4233-9a9a-d33d546c7774
4695,8,2026-01-28 18:26:57.073538,93.25,60.75,6fab14d1-ca9f-4300-b28f-2e829b2cbe96
4697,8,2026-01-28 18:27:08.337671,93.4375,61,a1b36168-4ceb-4df2-8054-6855c5676b2b
4700,8,2026-01-28 18:27:25.439232,93.625,61,6ac97a90-2868-48e9-bd46-4c88b5ea602b
4702,8,2026-01-28 18:27:36.908395,93.8125,61,248b70a0-89b8-409e-b4bf-ae173f885783
4705,8,2026-01-28 18:27:53.89886,94.4375,61,7a152e10-3676-43b5-bf3c-c2b6207e702a
4707,8,2026-01-28 18:28:05.273192,95.25,61,9da2e16e-9a0e-4c0b-9dbb-76e884a1d8c9
4708,8,2026-01-28 18:28:10.953679,95.3125,60.75,7f608568-d63c-422f-9691-e3dd4e9b712d
4710,8,2026-01-28 18:28:22.271515,95.25,61.25,fe727bcc-3cd5-43ce-a84d-a154a1f20108
4712,8,2026-01-28 18:28:33.740529,95.0625,60.75,353cae48-64cd-4da0-b259-6763f1f5af35
4713,8,2026-01-28 18:28:39.374653,94.875,61,575aba36-e1d7-4132-9455-23a8b957ca6b
4715,8,2026-01-28 18:28:50.842936,94.875,61,f20a4dee-1d3c-442b-a838-140d87fcf24a
4717,8,2026-01-28 18:29:02.165236,94.875,60.75,16c90f4c-b0ff-421a-a72d-054d1df4a2f1
4718,8,2026-01-28 18:29:07.781733,94.75,60.75,0a97d148-69f9-434c-8f1f-bcc35fa45b4c
4720,8,2026-01-28 18:29:19.149177,94.5625,60.75,6b4e067f-09b2-4aad-8c10-44460ba4533f
4723,8,2026-01-28 18:29:36.204578,94.6875,61.25,7baaf5c7-98e3-4d17-bc8a-a0212eda45da
4725,8,2026-01-28 18:29:47.571333,95.0625,61.25,2bc10423-5ebf-432a-a177-cdc1a1650482
4728,8,2026-01-28 18:30:04.787085,95.25,61,7955f749-1afd-43cf-9a0f-916a38a33a85
4730,8,2026-01-28 18:30:16.289226,95.3125,61,a7f1354f-9ba8-46c1-81b1-afd69dc3bf45
4731,8,2026-01-28 18:30:21.97795,95.3125,61.25,56d00610-21ae-47e4-bbee-16d7ee2edaa9
4733,8,2026-01-28 18:30:33.4472,95.5,61,76fb966c-75b0-489c-800b-d2617e1caaf5
4735,8,2026-01-28 18:30:44.916873,95.875,61.5,31f529af-955d-4a5b-b2d3-62aa911a5f3e
4736,8,2026-01-28 18:30:50.650095,96.125,61.25,1e68ee3c-54d9-4659-812f-7602f4aa98e8
4738,8,2026-01-28 18:31:02.016854,96.25,61.5,ec57c656-d072-4ab0-84a8-b4739601934c
4741,8,2026-01-28 18:31:19.017091,95.875,61.5,5d0ded15-855d-4862-af94-e5967ceea685
4743,8,2026-01-28 18:31:30.430385,95.6875,60.75,0bcfea72-8af5-4f4d-8b3a-0449f788d3df
4746,8,2026-01-28 18:31:47.585904,95.375,61.25,612890d4-488b-4d36-8984-71d978163a53
4748,8,2026-01-28 18:31:58.952897,94.8125,61,46fe90aa-f47c-4ee1-998d-d146dbbdc24f
4749,8,2026-01-28 18:32:04.632234,94.5,61.25,ea3f3f53-2bb9-4bdb-a7d0-b5703ff2518b
4751,8,2026-01-28 18:32:15.994009,94.0625,61.25,ca0c0c8a-834a-428f-a85c-96b7a904e189
4753,8,2026-01-28 18:32:27.31647,94.3125,61.25,c856077a-b326-433e-906f-fab256b9ff10
4754,8,2026-01-28 18:32:33.051155,94.625,61.25,c9e29015-39f1-4096-8204-3225de4cd2c9
4756,8,2026-01-28 18:32:44.52094,94.8125,61,3bd3aa7b-1b9c-4cec-8d1e-a9846e0a57c5
4759,8,2026-01-28 18:33:01.641277,94.75,61.75,f0cd0c0c-f7ef-495c-97fa-4a8a17f49e32
4761,8,2026-01-28 18:33:13.031183,94.5625,61.5,f70015e9-d87f-4753-9c37-7cc95da7f93a
4762,8,2026-01-28 18:33:18.722044,94.5,61.5,50fb6832-e77e-4f11-bfb3-7115278e04be
4764,8,2026-01-28 18:33:30.19555,94.5,61.25,9809f513-2c4f-4ffa-9787-e37b7eebce57
4766,8,2026-01-28 18:33:41.531773,94.75,61.5,14769c8a-a783-487c-b4bf-1cd8120e27d8
4767,8,2026-01-28 18:33:47.189244,95.0625,61.5,049cb3e1-3188-4585-b56e-a33717a49ff9
4769,8,2026-01-28 18:33:58.658714,95.6875,61.25,2f831e1b-93ac-46da-9992-0c5d3ec8a9b7
4771,8,2026-01-28 18:34:10.127637,95.75,61.25,e0a8da6f-9c18-4066-9898-9daf3115d5d2
4772,8,2026-01-28 18:34:15.708259,95.875,61.25,d36fcfb2-7c5d-4659-9652-b871d375c066
4774,8,2026-01-28 18:34:27.075547,96,61.5,c4f73790-f697-4f78-8b8f-4de1b67c9e7f
4777,8,2026-01-28 18:34:44.124419,96.0625,61.75,0fe198f3-31c8-45dc-ba79-e5f0fce0fc26
4779,8,2026-01-28 18:34:55.485483,95.625,61.75,657122bf-b433-472f-8ae3-05de347af038
4782,8,2026-01-28 18:35:12.694536,95.625,61.25,33126b70-ef04-4ccc-ae51-6a36fb30ed8a
4784,8,2026-01-28 18:35:24.064103,95.75,61.25,314a6549-ad0b-4716-89d8-2c87214ec13f
4787,8,2026-01-28 18:35:41.367526,95.625,61.5,2f3aa1c2-3cbb-48c2-94d6-66659a14e2fa
4789,8,2026-01-28 18:35:52.835186,95.6875,61.75,9df5e398-8220-41b2-8faf-4d65a8c381d8
4790,8,2026-01-28 18:35:58.569319,95.5625,61.75,6800c1e9-0847-47df-a8d1-94446d5eb502
4792,8,2026-01-28 18:36:10.053222,95.5,61.5,a6161d8c-fdb9-4a73-8907-e3751748ffd2
4794,8,2026-01-28 18:36:21.507348,95.125,61.5,1d068376-f9b2-4bdc-a542-a5c50cffb263
4795,8,2026-01-28 18:36:27.241729,95,61.5,fe4e92a8-8ce7-47bc-a84f-3cb9920347d2
4797,8,2026-01-28 18:36:38.610039,94.9375,61.25,8123481b-814d-470e-a5a3-f11e9ccc528b
4799,8,2026-01-28 18:36:49.976862,95.125,61.25,d6139a1a-2ed9-4bc2-a015-b20f30d4983f
4800,8,2026-01-28 18:36:55.655722,95.1875,61.5,b1c3f49b-2f10-47c6-a0cd-dccdac33f1d3
4802,8,2026-01-28 18:37:07.077618,95.1875,61.75,a3ea83be-d81e-4b02-b45d-45baefc4002a
4805,8,2026-01-28 18:37:24.279387,94.6875,61.5,426c81d7-31b6-439d-90b0-c03c61727008
4807,8,2026-01-28 18:37:35.749981,94.6875,61.75,0bf3960f-5204-44e6-840e-ac5d1919c5cb
4810,8,2026-01-28 18:37:52.747105,94.6875,61.75,d17a2b7c-d819-485c-919a-31aa09b0ca61
4812,8,2026-01-28 18:38:04.119748,94.9375,62,df2481b5-6081-41e8-a502-258c13dad07f
4813,8,2026-01-28 18:38:09.847121,94.8125,61.75,86bb62db-2189-4191-be46-0c3f882988b8
4815,8,2026-01-28 18:38:21.214355,94.375,61.5,bc9a92cb-4f9c-45b2-9cfb-d30d18e023d1
4817,8,2026-01-28 18:38:32.591816,94.625,61.5,96216413-ce54-4f8c-a947-932e3845ab21
4818,8,2026-01-28 18:38:38.213496,94.8125,62,d434f47f-dc30-460b-9c24-3523d7d4ed82
4820,8,2026-01-28 18:38:49.685992,94.875,62,9a643363-3ad2-40d7-825d-7cecdf1446ad
4822,8,2026-01-28 18:39:01.15042,94.8125,61.75,b7317d39-d8c2-4571-9e6b-f41066c1d1d7
3324,8,2026-01-28 16:16:25.727133,97.875,49,d13b5971-f060-44d4-b8da-ee63c145869b
3327,8,2026-01-28 16:16:42.553834,98.3125,49.25,85ad7492-0fec-4e2b-9f34-61cad06ab2ef
3328,8,2026-01-28 16:16:48.151484,98.5,49.25,bea075b9-84f1-417d-9ac6-0a3eb0a72e78
3329,8,2026-01-28 16:16:53.752744,98.625,49,1075f0d3-829a-47de-b42d-58138be90bc7
3330,8,2026-01-28 16:16:59.356098,98.8125,48.75,296050ba-e7ec-4535-8004-3b3c4a789daf
3331,8,2026-01-28 16:17:04.954046,98.8125,49.25,2fbefee2-c519-4039-ae39-1d934cd241e0
3332,8,2026-01-28 16:17:10.563896,98.875,49.25,ed9c6094-37cb-4a09-861f-9264ccdb9d3f
3333,8,2026-01-28 16:17:16.154735,98.75,49,64bf38b8-b23e-4443-aded-c31ed6862553
3334,8,2026-01-28 16:17:21.793284,98.5,49,31b28c34-5bc5-4910-b043-32ddbfe528e8
3335,8,2026-01-28 16:17:27.39038,98.1875,49,8185e0f1-9de4-4377-9b9f-65e2226c0334
3336,8,2026-01-28 16:17:33.013292,97.875,49.25,2e0a955f-ebd8-4258-982d-2fef2a62858d
3337,8,2026-01-28 16:17:38.622108,97.625,49.25,7e3a9b4e-fa98-4874-8070-4f55ed1b8238
3338,8,2026-01-28 16:17:44.312393,97.5,49,ec833cb9-080c-4664-9e8a-79c92a9212c7
3339,8,2026-01-28 16:17:49.945943,97.1875,49,18eb7181-4bda-4ab5-bdea-9a66f08a1a2b
3340,8,2026-01-28 16:17:55.686541,96.875,49,632a7947-f5af-4588-bc82-fa96491da5e4
3341,8,2026-01-28 16:18:01.26669,96.9375,49.25,5d2c95eb-5fb8-4dc4-a418-c97741c12159
3342,8,2026-01-28 16:18:06.867107,97.0625,49.5,f2dd46bc-3b25-4cca-897d-62d01c917e3d
3343,8,2026-01-28 16:18:12.475438,97.1875,49.25,deb1245e-479e-4bba-88e9-0e644d0a4ba7
3344,8,2026-01-28 16:18:18.119935,96.75,49.25,4dd0a248-a952-42fd-90ad-f9373d9c2cc1
3345,8,2026-01-28 16:18:23.733588,96.4375,49.25,6ad5aa71-2cf2-4228-a702-63935dd528ef
3346,8,2026-01-28 16:18:29.381952,96.4375,49.25,9ab8e07d-a277-4fd2-9bff-b4219d5b2d77
3347,8,2026-01-28 16:18:34.981987,96.5625,49.5,f7a89492-0f82-459b-8fb8-6a255834908a
3348,8,2026-01-28 16:18:40.573154,96.9375,49.25,9c656ce7-4c6f-4928-88bf-6d06aab84ba6
3349,8,2026-01-28 16:18:46.202062,97.3125,49.25,666a6f0d-d74d-42d5-af14-661a3657a57c
3350,8,2026-01-28 16:18:51.790581,97.4375,49.25,557b2bb5-22fb-434c-bea0-d74d02f84e0e
3351,8,2026-01-28 16:18:57.420409,97.5625,49.5,122d5555-dd1a-4fd9-bb0c-328ce1c1c2b1
3352,8,2026-01-28 16:19:03.015509,97.6875,49,0eb14075-dbf9-4016-8922-be77e5b7c5a1
3353,8,2026-01-28 16:19:08.610609,97.6875,49.25,23eb243d-f1c4-4500-99af-3396af69f77d
3354,8,2026-01-28 16:19:14.247499,97.875,49.5,8e49e456-69cc-4cf7-bf5f-ccbbb4378d1c
3355,8,2026-01-28 16:19:19.851949,98,49,2f133c23-553d-425d-aa17-0972d4e6211e
3356,8,2026-01-28 16:19:25.443949,98.0625,49,0506e4a4-7a95-4fe6-952b-709282ab49b1
3357,8,2026-01-28 16:19:31.103248,98.1875,49.5,b9575317-8bef-43d0-8036-0c72b0f2c50e
3358,8,2026-01-28 16:19:36.697413,98.1875,49.5,83b4b4ed-17e3-4f47-8918-3e8619c0bdab
3359,8,2026-01-28 16:19:42.306636,98.125,49.5,3b751f00-905a-4927-a6e6-cfcaa700d0fe
3360,8,2026-01-28 16:19:48.013156,97.75,49.75,71767ca0-1ca3-416c-bfd6-b38f31881ff8
3361,8,2026-01-28 16:19:53.645623,97.5,49.5,e11b62cc-e598-4a82-8431-6dda7acd2f87
3362,8,2026-01-28 16:19:59.24571,97.375,49.5,769cd769-a9f8-478d-bf33-351c2e6f9295
3363,8,2026-01-28 16:20:04.87802,97.25,49.5,7b0e11c0-4d70-46fd-80f5-45735d75ed63
3364,8,2026-01-28 16:20:10.493919,97.125,49.5,c4bff69e-6e91-4438-9543-4e28241003e7
3365,8,2026-01-28 16:20:16.099883,97.125,49.25,7e3b1ef1-5a14-4d59-9836-4ada8837e42a
3366,8,2026-01-28 16:20:21.73978,97.125,49.5,533ba1dc-a573-4922-b83a-472a882a2c2e
3367,8,2026-01-28 16:20:27.374414,97.1875,49.75,7256629d-4bad-4f92-ba28-4fe5c333330c
3368,8,2026-01-28 16:20:32.981671,97.25,49.5,028a4494-26bd-497d-8e2e-084db2e77b9e
3369,8,2026-01-28 16:20:38.625859,97.25,49.75,18040961-d8fb-453c-b2eb-33c27c505007
3370,8,2026-01-28 16:20:44.231189,97.3125,49.5,82ab9444-5671-404d-a86f-c0db2aa0deda
3371,8,2026-01-28 16:20:49.820971,97.25,49.5,144a1934-39b1-496f-a976-9bfa93b8468d
3372,8,2026-01-28 16:20:55.491718,97.1875,49.25,2c6d3e10-e9e2-42c7-a2ac-ead869dc1cd5
3373,8,2026-01-28 16:21:01.150943,97.3125,49.5,b4977d48-e7b9-4a96-b889-e03c521ec53a
3374,8,2026-01-28 16:21:06.761106,97.375,49.5,c7ea44f2-aa64-4648-83fe-2dbd22b3f553
3375,8,2026-01-28 16:21:12.368295,97.375,49.75,b15f9040-b239-494a-9e12-53d64535ca3b
3376,8,2026-01-28 16:21:17.981989,97.3125,49.75,85820ab5-abd0-4464-8c25-81bf4eb2a5c3
3377,8,2026-01-28 16:21:23.58551,97.3125,49.75,7973127d-c833-430a-b2d0-dedc424aadbf
3378,8,2026-01-28 16:21:29.221698,97.4375,49.5,137a85b2-4bb2-4c70-b48c-9dbdcc44b9ea
3379,8,2026-01-28 16:21:34.852594,97.4375,49.5,38e3e1a9-3bd7-4e77-8b79-3a32e7614491
3380,8,2026-01-28 16:21:40.470854,97.4375,49.25,dc863957-5d17-4472-b78d-b0b83eb08669
3381,8,2026-01-28 16:21:46.084107,97.4375,49.75,40a406e5-1107-46c8-ac20-ba36111a8d90
3382,8,2026-01-28 16:21:51.672059,97.375,49.5,0f26fb95-cb0f-45ae-b86f-e6e61c29f4d8
3383,8,2026-01-28 16:21:57.26725,97.375,49.75,d5cfcc6f-2483-4d11-9e81-85774a1fe608
3384,8,2026-01-28 16:22:02.868916,97.25,50,1c8bd8b7-7490-4d43-bf52-355e522464c0
3385,8,2026-01-28 16:22:08.453106,97.25,49.75,1e94c59e-3463-4afa-86c3-0d65b6be1022
3386,8,2026-01-28 16:22:14.042116,97.1875,50,1205cd4c-89fe-471a-a069-2826ccb4b744
3387,8,2026-01-28 16:22:19.664949,97.125,49.5,d0004e36-0ec9-4933-aa62-fa3de9eac6c9
3388,8,2026-01-28 16:22:25.261963,97.0625,49.75,c854cf08-660d-456a-850f-75bb1eb03bf7
3389,8,2026-01-28 16:22:30.867539,96.875,49.5,0ca32d47-d778-4746-85d2-5a1b38aa2821
3390,8,2026-01-28 16:22:36.476831,96.75,49.75,242551d1-f75b-4847-a231-00951645c3d7
3391,8,2026-01-28 16:22:42.097332,96.5625,49.75,fcd40903-95c3-4a49-8929-e09ea2601ca7
3392,8,2026-01-28 16:22:47.696944,96.375,49.75,46ec6f1e-bf4e-4075-bd2c-3b695d0ce927
3393,8,2026-01-28 16:22:53.281272,96.3125,49.75,8c0072e3-a5d8-4a02-8042-a9f4a9ec7c44
3394,8,2026-01-28 16:22:58.916122,96.25,49.5,0cafa3be-f9ca-4ce7-be0c-4441fb40fb75
3395,8,2026-01-28 16:23:04.51523,96.0625,49.75,e5eb9783-72fb-4cbc-bba4-752d653b6832
3396,8,2026-01-28 16:23:10.175828,96,49.75,e6d5b9a8-e201-43f2-b47d-8a47d38af7d3
3397,8,2026-01-28 16:23:15.774497,95.8125,49.75,a24ddfae-059e-4478-9810-0753e58e484d
3398,8,2026-01-28 16:23:21.444269,95.625,50,76df1a8d-6161-44ac-8210-9233c42f2669
3399,8,2026-01-28 16:23:27.04764,95.5625,49.75,78ffea84-74f0-43a2-8444-c302515c2abb
3400,8,2026-01-28 16:23:32.644112,95.625,50.25,08f42bb9-4111-4c42-a699-de6a0ba77563
3401,8,2026-01-28 16:23:38.252628,95.875,49.75,17c57270-c171-46ab-9e7c-0b9236966f6a
3402,8,2026-01-28 16:23:43.847406,96.125,50,c19d12b9-2ab1-4b73-b21d-e214de427565
3403,8,2026-01-28 16:23:49.447729,96.25,49.5,ca34bf53-2dbd-411f-b862-c921665bc99e
3404,8,2026-01-28 16:23:55.120719,96.375,49.5,94a88d0c-fa0c-4e08-9bff-7c68228713b8
3405,8,2026-01-28 16:24:00.738354,96.375,49.25,fa154612-9aaa-49e7-b6c0-329830cdf421
3406,8,2026-01-28 16:24:06.337498,96.375,50,ceb902e1-e51a-4d95-ab56-08b0e92342bd
3407,8,2026-01-28 16:24:11.935702,96.5,50,c4a9a998-3825-41b9-9745-ba9f2434fb08
3408,8,2026-01-28 16:24:17.528297,96.6875,50,b91832c2-c6e6-4409-97e5-c523b3fee994
3409,8,2026-01-28 16:24:23.15735,96.3125,50,4396fa7b-fcc6-414d-99e1-67116125b4ad
3410,8,2026-01-28 16:24:28.803202,95.875,50,fc7c9d48-f3d5-4989-9651-51a3e7c01522
3411,8,2026-01-28 16:24:34.386712,95.625,49.5,c56ef5fa-1704-405b-bd53-3791384b8ecb
3412,8,2026-01-28 16:24:39.98399,95.25,49.75,49346fce-ef9b-4e98-b51e-86fa4f6a89b1
3413,8,2026-01-28 16:24:45.65761,95.0625,49.75,44fdfa91-1fcd-40f2-84bf-9b61bb497cbd
3414,8,2026-01-28 16:24:51.243684,94.8125,50,08c9a127-074c-41ba-a542-9a921bc198c9
3416,8,2026-01-28 16:25:02.558169,94.75,50,ef94dc4a-8171-43f7-bd92-8081c8a310cf
3417,8,2026-01-28 16:25:08.319743,94.9375,50,558d6a2a-924e-4c0c-95b1-9b54c29f2032
3419,8,2026-01-28 16:25:19.651989,94.5625,50.25,f3e705ae-8c99-4f9d-9818-ecc3543ff105
3422,8,2026-01-28 16:25:36.683695,93.6875,50.5,1d5a68b2-a8ec-47da-ad24-d1c7c72eec76
3424,8,2026-01-28 16:25:48.051719,93.4375,50.5,0ff49af2-1120-4719-a4a9-4637d6faa559
3427,8,2026-01-28 16:26:05.012684,93.25,50.25,6e3d49a4-7e23-4c97-9561-49f2d2d1fadd
3429,8,2026-01-28 16:26:16.318848,92.875,49.25,befd4d96-d294-4a7c-9d70-2cb2e73db2c1
3432,8,2026-01-28 16:26:33.420075,92.125,49.5,a6080c7a-e5c7-49cd-a349-6f73d60ec250
3434,8,2026-01-28 16:26:44.619605,91.8125,50.25,4b2cc024-4b6d-4f9e-a3ee-1e46dc534208
3435,8,2026-01-28 16:26:50.317966,91.6875,50.25,a658ae73-3aa9-4aa9-8911-5b7510c6d4e3
3437,8,2026-01-28 16:27:01.728389,91.9375,50.25,2a1d4d13-6fdf-4a80-b908-1df18e250433
3440,8,2026-01-28 16:27:18.787128,93.125,49.25,414b68d2-8568-4894-a87e-afed26e8578d
3442,8,2026-01-28 16:27:30.084736,93.0625,50.25,dd8b0097-7506-4195-bd39-de1076c8128b
3445,8,2026-01-28 16:27:47.347881,93.125,50.75,f99fa1d1-f2a1-46e3-b408-362e4755e503
3447,8,2026-01-28 16:27:58.713587,93.4375,50.25,f2b62d96-6ad2-49f7-b070-9ba002763b31
3450,8,2026-01-28 16:28:15.712539,93.875,50,8e4b9dda-9ab0-431d-91d7-41deea61c579
3452,8,2026-01-28 16:28:27.182824,93.5625,50.75,7696913a-9208-46cc-8dbd-e6dea202ac15
3455,8,2026-01-28 16:28:44.285731,93,50.5,8c3daf9a-3149-46c5-bcb7-fdee56198611
3457,8,2026-01-28 16:28:55.546781,93.125,50.5,61bb9c48-1297-45fd-bb00-01deae2db4b0
3458,8,2026-01-28 16:29:01.283923,93.25,50.5,41777365-ff20-41d9-bf8f-873bf5fe9b48
3460,8,2026-01-28 16:29:12.48979,93.0625,50.5,00148157-d0eb-4f41-8315-8a396587aee5
4809,8,2026-01-28 18:37:47.114375,94.5,61.75,d5f79f65-d498-4323-8a55-a12c11b16401
4811,8,2026-01-28 18:37:58.3789,94.9375,61.5,487141df-c031-4d0b-a948-dd8fa68c8fab
4814,8,2026-01-28 18:38:15.582554,94.625,61.75,b6ba9163-6096-4f72-9e5d-9f31bb50ea08
4816,8,2026-01-28 18:38:26.897325,94.375,61.25,79d004fd-65b5-4e94-bfbd-0977f075c9c8
4819,8,2026-01-28 18:38:43.946916,94.875,62,c7095e71-f723-47f0-8d8d-941b3a79604f
4821,8,2026-01-28 18:38:55.434794,94.8125,61.5,b5b7f209-d95d-432e-9742-e1e4f2f378f6
4824,8,2026-01-28 18:39:12.622477,94.8125,61.5,46989795-ffb2-4e4f-90ff-81255ad79676
4826,8,2026-01-28 18:39:24.090672,94.875,61.25,b100ffd5-11d5-4645-a5de-85666ae4afec
4827,8,2026-01-28 18:39:29.719902,94.875,61.75,95855272-1137-4bee-b84b-e1628eadbbc1
4829,8,2026-01-28 18:39:41.189687,95,61,30636793-b995-4977-87ac-c7d32b918e14
4831,8,2026-01-28 18:39:52.561222,95.125,61.75,62fe5939-48d1-458a-98c0-162437dd7142
4834,8,2026-01-28 18:40:09.656592,94.5,61.75,38a26534-b851-4285-b81a-344633179b81
4836,8,2026-01-28 18:40:21.03542,94.4375,61.5,78c7f359-4b92-49ff-90df-2ca49949e2ae
4839,8,2026-01-28 18:40:38.22749,94.0625,62.25,5f60c5b7-7535-42ef-ad5e-fc3cf9fb21d7
4841,8,2026-01-28 18:40:49.592661,94.25,62,fad05c78-d49a-44d5-8f87-c09fd46ee182
4842,8,2026-01-28 18:40:55.328813,94.4375,62.25,2be1ff3e-64c4-41d0-a47b-bd64f1811eb2
4845,8,2026-01-28 18:41:12.475095,95,61.5,4830265b-d010-4cdb-b39b-25933a314769
4847,8,2026-01-28 18:41:23.900972,95.375,61.75,b67c6f2c-be6e-4049-8a16-03ae68c45729
4848,8,2026-01-28 18:41:29.631992,95.5,62,2691c63e-a5a6-49b2-9c1e-6fd3c7e6b936
4849,8,2026-01-28 18:41:35.367692,95.625,62,1b9e6a28-fbf7-4e3a-b532-70b405ff45cd
4851,8,2026-01-28 18:41:46.732545,95.6875,62,4acd1fa9-41e7-4434-b8d6-76a3a6bdb666
4853,8,2026-01-28 18:41:58.098652,95.4375,61.75,bd0c96d5-577e-437b-82be-e4eaaefcd58c
4854,8,2026-01-28 18:42:03.788588,95.3125,61.75,d71f4bf2-67e2-48a2-8c04-dfc95e020468
4856,8,2026-01-28 18:42:15.206117,95.5625,62,623c020a-7460-4dd4-a90a-966e10066a78
4858,8,2026-01-28 18:42:26.566713,95.4375,62.25,eb6dfe74-b769-4dad-889d-e19c74a76536
4859,8,2026-01-28 18:42:32.30265,95.375,61.75,e660f0ea-2e39-4e2a-bbc7-fd7d45e00ade
4861,8,2026-01-28 18:42:43.712045,95.375,62,6386c3a4-04c1-4ea3-ae88-d425d64877c8
4863,8,2026-01-28 18:42:55.136065,95.125,62.25,e9ed1c48-7aeb-4ace-886f-1945cdac9b18
4866,8,2026-01-28 18:43:12.343196,95.75,62.25,e5fda0e6-caee-43a1-86cc-b50f3494196b
4868,8,2026-01-28 18:43:23.817107,95.9375,61.75,aae620a4-1801-46af-8493-29ef6acc81ce
4871,8,2026-01-28 18:43:41.013195,97.3125,62.25,1907a7e4-e0a9-426f-9c51-e601b6902d37
4873,8,2026-01-28 18:43:52.377934,97.6875,61.75,a721b8ed-a567-4633-8667-6c6348f1847a
4876,8,2026-01-28 18:44:09.478995,97.9375,62.25,ddfdc8b8-154e-4f0f-a1db-df91d715bf5b
4878,8,2026-01-28 18:44:20.81338,98.0625,61.75,c868c304-6426-4dec-9d27-bb1fd6b7160b
4880,8,2026-01-28 18:44:32.217709,98,62,a24e947c-aa7d-4b6c-9004-7bddf4bea8df
4881,8,2026-01-28 18:44:37.946477,97.875,62.25,5c904bc6-ca25-4c8e-a3bc-c8703e452f7e
4883,8,2026-01-28 18:44:49.415887,97.8125,62,1d976e0d-576f-404a-a7a2-bf3c95d19096
4885,8,2026-01-28 18:45:00.787515,98.375,62.25,2d2b4a91-bc32-483c-932a-fa1d2a13de10
4886,8,2026-01-28 18:45:06.516772,98.5625,62.25,46df3d5e-6e42-42e9-92c0-f15dd6ec4622
3415,8,2026-01-28 16:24:56.830322,94.6875,50.25,37125f28-e0ba-479c-a465-ca71afe11c5a
3418,8,2026-01-28 16:25:14.052765,94.875,50,ffa25254-6d00-47a7-b2a1-dfccefefd527
3420,8,2026-01-28 16:25:25.261236,94.25,50,5982df48-989c-46a0-8666-6e3c682ceca2
3421,8,2026-01-28 16:25:30.951599,94.0625,49.75,49ac795f-b0aa-46ee-adbf-97f1c4495396
3423,8,2026-01-28 16:25:42.316573,93.4375,50.25,0a0e3eeb-ab3a-4603-bbbe-b6ba026347e1
3425,8,2026-01-28 16:25:53.783858,93.4375,50.25,f0361e99-2f95-4572-8613-06f62457dabb
3426,8,2026-01-28 16:25:59.419884,93.4375,50.25,c13ca0f4-0de7-4e66-b822-5268135323bf
3428,8,2026-01-28 16:26:10.691791,93.125,50.25,6f817102-c891-43ab-a73c-5e4d549ebbb3
3430,8,2026-01-28 16:26:22.05277,92.5625,50.25,5bb8f6c4-51e1-4c41-bd62-e7c893c0a10d
3431,8,2026-01-28 16:26:27.78812,92.375,50.25,71cac763-3965-4dfb-ad34-4704ab435c2b
3433,8,2026-01-28 16:26:39.006647,92,50.25,53436cff-22a1-4709-b6c2-8684107690e0
3436,8,2026-01-28 16:26:56.048099,91.6875,50,d169a88c-50d1-42f9-9d8d-c0f37587f7b7
3438,8,2026-01-28 16:27:07.411649,92.5,50.5,fef37a6b-e526-4623-9674-36213fd44d66
3439,8,2026-01-28 16:27:13.146625,92.9375,50.25,9046a53d-c65c-489a-b539-50c7d866d8cc
3441,8,2026-01-28 16:27:24.452602,93.125,50.25,008a1577-4fac-4f6f-bf21-061d57f4d50b
3443,8,2026-01-28 16:27:35.877868,93,50,f5b2e3fe-5fb1-4a98-ab50-aec18b77272d
3444,8,2026-01-28 16:27:41.613466,93.0625,50.5,e9fb8657-f885-4163-a09c-21b9f557c93e
3446,8,2026-01-28 16:27:53.082452,93.375,50.5,7f5013c7-7221-4144-be6d-009c9f7673cd
3448,8,2026-01-28 16:28:04.407508,93.625,50.5,6cac5c4a-92f9-4f8e-ae91-9171b895525e
3449,8,2026-01-28 16:28:10.020919,93.8125,50.25,599bf8e1-28d6-4412-ad8d-5ffdc1cf7a66
3451,8,2026-01-28 16:28:21.429192,93.875,50.75,ba9b88d6-670b-4c2b-9ff2-df8763f201a8
3453,8,2026-01-28 16:28:32.920385,93.1875,50.5,52c478cb-b294-412f-81f3-4c9e3e2ca29a
3454,8,2026-01-28 16:28:38.602405,93.0625,50.25,bf018439-e80b-43df-8d03-35fd3988a428
3456,8,2026-01-28 16:28:49.874675,92.9375,50.5,007f0c3b-010f-4418-a6da-03328a67ac88
3459,8,2026-01-28 16:29:06.878161,93.1875,50.25,a8bdd429-2f77-45b7-862c-581296959a12
3461,8,2026-01-28 16:29:18.09846,93.1875,50.5,0fb438e4-b332-4530-bcf1-85a87d1aeca9
3462,8,2026-01-28 16:29:23.755301,93.0625,50.5,5d0a7d7f-4a7e-4093-b26f-56e9dc4aae52
3463,8,2026-01-28 16:29:29.396713,92.875,50.5,7fd805e1-47c7-4ecf-9f7d-d1d55eb2aa19
3464,8,2026-01-28 16:29:35.0739,93,50.25,00158109-7c93-4af0-b9dc-9c0492ccd959
3465,8,2026-01-28 16:29:40.807962,93.1875,50.75,ab76c758-7467-462f-af62-d16db859dcef
3466,8,2026-01-28 16:29:46.439642,93.25,50,ebdadfcf-2ea0-4c81-ae83-07a37608443f
3467,8,2026-01-28 16:29:52.174499,93.25,50.75,69060b9e-4b72-40bb-9920-c9407cfe1fe0
3468,8,2026-01-28 16:29:57.907661,93.375,50.5,ef948f75-382b-41a6-9cb3-668053a463d8
3469,8,2026-01-28 16:30:03.541099,93.3125,50.5,403f1188-613f-48ec-b698-4c56767b492a
3470,8,2026-01-28 16:30:09.13355,93.0625,50.25,0c42e2d6-7fba-4ba9-97e3-10305c72d0fa
3471,8,2026-01-28 16:30:14.850491,93.25,50.25,d176e506-c89d-4355-a396-72df7aa718b8
3472,8,2026-01-28 16:30:20.546862,93.375,50.25,42b53425-7ead-47d1-a769-8d0a23793b80
3473,8,2026-01-28 16:30:26.274086,93.25,50.25,e7dcd832-9d03-487a-af06-09c6378416c7
3474,8,2026-01-28 16:30:32.008664,93.125,50.75,a1cd7a3e-9103-41d8-8bba-984d600f22a2
3475,8,2026-01-28 16:30:37.641078,92.875,50.75,74376f80-c91c-4ab4-ab0f-105e592c2c07
3476,8,2026-01-28 16:30:43.318631,92.8125,50.75,5a7b1bb2-e451-4625-930d-209ed1e76579
3477,8,2026-01-28 16:30:48.909985,92.75,50.5,ee0b2a54-e204-47be-8f32-941263048e2f
3478,8,2026-01-28 16:30:54.641982,92.8125,50.25,9a8d2d1e-4065-4149-9539-0d8187bb2aa3
3479,8,2026-01-28 16:31:00.375172,93,50.75,67464df8-07c9-4b0f-9a7e-d232e34f1ef3
3480,8,2026-01-28 16:31:06.110605,93,51,b93f2c44-0463-4bea-9386-3ece56d87dc0
3481,8,2026-01-28 16:31:11.788883,93,50.75,13d2a29f-1c26-4b09-abd0-4a2bbd3aeb26
3482,8,2026-01-28 16:31:17.48836,92.9375,50.75,211459bc-2f3f-4e9f-9148-128ac92848f0
3483,8,2026-01-28 16:31:23.106359,93,50.75,ab42e919-a9a7-4c51-b887-6715a76f63bc
3484,8,2026-01-28 16:31:28.847346,93.25,50.5,7f5bcd77-526d-4c27-b25f-bb5277c3597c
3485,8,2026-01-28 16:31:34.583232,93.5,51.25,bf4d624c-ccf5-4ced-b0a7-afe9a97126cb
3486,8,2026-01-28 16:31:40.318507,93.8125,50.75,23bc54b1-f29b-4127-b5aa-6daf8eea55ed
3487,8,2026-01-28 16:31:46.049694,94.125,50.75,57d94f9d-94ab-4b8d-8bdd-3e802589eb8e
3488,8,2026-01-28 16:31:51.735204,94.125,51,2409871e-bd70-47fe-a35d-def14b2c82ab
3489,8,2026-01-28 16:31:57.410964,94.125,50.75,60fb409a-ecc7-4091-83a9-e1096432a7c9
3490,8,2026-01-28 16:32:03.050482,94.25,50.75,9bc50f9f-f13e-463b-8da1-378bd5c271af
3491,8,2026-01-28 16:32:08.735243,94.375,51,8e4a38d9-1888-4bc4-9d8f-8570aa7d0836
3492,8,2026-01-28 16:32:14.359264,94.3125,50.5,9c4906d7-b958-4d49-bf7e-35098821d1c7
3493,8,2026-01-28 16:32:20.041615,94.375,50.75,2f5e6746-f04f-4882-b25c-20060ef61afc
3494,8,2026-01-28 16:32:25.775986,94.4375,50.5,4a07032c-fcb6-4b36-a11c-1ef8865d5baf
3495,8,2026-01-28 16:32:31.51495,94.4375,50.75,7837e872-929b-4a18-ba2f-bbaa2a00be28
3496,8,2026-01-28 16:32:37.249667,94.5,50.75,e83aaabd-da18-44ea-a556-6e305e353e99
3497,8,2026-01-28 16:32:43.086053,94.5,50.75,b5befcfc-b55b-49e4-be5f-33f982c28e25
3498,8,2026-01-28 16:32:48.721043,94.5,50.5,3104a363-52f4-4209-9d74-4aa21d32788b
3499,8,2026-01-28 16:32:54.44884,94.4375,50.75,02a187e9-9bc8-43bd-ba92-f552030a6b8d
3500,8,2026-01-28 16:33:00.087818,94.4375,51.25,86a1ef34-d732-4c2a-af37-86fa3ea930fd
3501,8,2026-01-28 16:33:05.821503,94.25,50.75,e4cdec16-80bd-498c-8911-aab0125bcd3d
3502,8,2026-01-28 16:33:11.549848,94.0625,50.5,b806a4e9-930c-447f-9ce5-11ca70be9160
3503,8,2026-01-28 16:33:17.181478,93.875,50.75,7d618b73-d72f-41a9-8a56-38904975d9e3
3504,8,2026-01-28 16:33:22.922146,93.8125,50.75,e9a22361-8a70-4e3b-a6ad-99659ae22337
3505,8,2026-01-28 16:33:28.505822,93.875,50.75,db96d9e9-de54-489e-9133-596fc6d1ceef
3506,8,2026-01-28 16:33:34.119457,94,51,95e848d5-67a9-40ab-87ca-85d8b72b2c8a
3507,8,2026-01-28 16:33:39.812811,93.8125,51,f7b8c38b-c1c4-41cf-8cff-e5bd2ed32b68
3508,8,2026-01-28 16:33:45.54454,93.75,50.75,bce5d64e-b41c-450d-87d3-023617ea256f
3509,8,2026-01-28 16:33:51.283053,93.5625,51,99953804-0174-451b-92a6-212877237488
3510,8,2026-01-28 16:33:57.02006,93.1875,51,a3f1bbbe-bb29-4a85-abaf-dc3d9da91f43
3511,8,2026-01-28 16:34:02.750668,93,51,51a16239-4c85-453c-ba16-5102492a02bd
3512,8,2026-01-28 16:34:08.482268,93,51,00060995-b7c7-4bdb-ac4d-4910c4851239
3513,8,2026-01-28 16:34:14.117982,93.125,51,eb64d4c2-32d3-4b45-886f-7a415c159189
3514,8,2026-01-28 16:34:19.703648,93.1875,51,8ed47c19-d920-424b-9194-43705324a5df
3515,8,2026-01-28 16:34:25.38263,93.375,51.25,ca2adb5c-19b7-4e55-86b6-7eb4a3aea80a
3516,8,2026-01-28 16:34:31.115858,93.625,51.25,3ce5e3bc-4e2d-4106-b6e9-ed90e190687d
3517,8,2026-01-28 16:34:36.847517,93.875,51,50525bcc-e5c5-473c-9280-c326130d215b
3518,8,2026-01-28 16:34:42.586587,94,50.5,5d5de91c-1dc4-4c6a-90fd-cdc57d41d126
3519,8,2026-01-28 16:34:48.324662,94.125,51,17566220-16c0-46b4-94de-1851ab3f0e38
3520,8,2026-01-28 16:34:53.948301,94.125,51.25,b7883d01-5bf3-497f-98d8-df3588080347
3521,8,2026-01-28 16:34:59.636856,94.0625,51,38d0461c-26a1-4f7e-93b4-f4f5c108a141
3522,8,2026-01-28 16:35:05.328656,94,50.75,5c0de1c5-4dad-483c-bcc2-89d2c0558200
3523,8,2026-01-28 16:35:10.991975,94,51,7148cdd5-87d2-47b0-8e09-b0a418e81690
3524,8,2026-01-28 16:35:16.684151,94.125,51,2d79a014-747a-404b-9cd6-ae08f89f9519
3526,8,2026-01-28 16:35:28.049471,94.25,51.25,bbe0614c-d096-419e-85cf-7feea3de3712
3527,8,2026-01-28 16:35:33.805341,94.25,51,983eaceb-5bfe-4692-b066-c9959d3754ef
3529,8,2026-01-28 16:35:44.999032,94.25,50.5,e84a58ef-e042-4827-839b-7c24663afeb9
3531,8,2026-01-28 16:35:56.415177,94.375,51,9d66b2d2-2095-40b3-be3b-bc8eb1127f60
3532,8,2026-01-28 16:36:02.090204,94.6875,51.25,7da4baac-734d-41ce-9fdb-7097968ef5e1
3534,8,2026-01-28 16:36:13.411062,94.9375,51,b1424562-0cb4-47f7-b2fc-06a248eb69dd
3537,8,2026-01-28 16:36:30.513075,95.5,51.25,3f904b09-4e09-457a-9934-dc47b35b0a92
3539,8,2026-01-28 16:36:41.981167,96,51.25,0cdb1ef3-01b1-4e9f-be9a-7a34386007f8
3542,8,2026-01-28 16:36:59.082339,96.5625,51.25,a3ed4ae8-a9aa-4a9a-ac0f-abbde203f383
3544,8,2026-01-28 16:37:10.514232,96.75,51.25,5c5fbe34-a2b4-45e5-aa48-baaaaa2e3b21
3547,8,2026-01-28 16:37:27.447852,97.1875,51,820c603a-a19e-4dd3-8b86-64f431b3068c
3549,8,2026-01-28 16:37:38.815136,97.375,51,7361e690-5cdc-4a32-9ee3-476252845177
3552,8,2026-01-28 16:37:56.231739,97.5,51.25,a03175b2-0a20-4e28-990e-dc892b8a2565
3554,8,2026-01-28 16:38:07.588885,97.4375,51.5,cfa0eb42-54ea-4e1f-b252-f0dd8d59b117
3557,8,2026-01-28 16:38:24.587533,92.5625,51.75,0069dc28-a404-4de0-8d9a-c14af5cb7032
3559,8,2026-01-28 16:38:36.058929,88.625,51.5,a3a63c75-ccd1-422e-a021-90db746e3c87
3562,8,2026-01-28 16:38:53.057253,88.6875,51.5,0972a4f6-0d79-453c-9cbe-8709a6d37f2d
3564,8,2026-01-28 16:39:04.392311,88.5625,51.75,466e9237-6071-4449-bc00-50584825e23e
3565,8,2026-01-28 16:39:09.998538,88.5,51.75,d8b4207a-6e11-4a24-ad46-6740192e0b20
4823,8,2026-01-28 18:39:06.884858,94.75,61.5,c7e955a6-72d9-4b1e-a434-7a23b11ee659
4825,8,2026-01-28 18:39:18.343952,94.8125,61.75,d198dfef-815b-4844-9dc0-0f50d341a1cf
4828,8,2026-01-28 18:39:35.456403,94.9375,61.5,1df62a4d-d548-4ecf-9266-9ed769300ca5
4830,8,2026-01-28 18:39:46.829581,95,61.75,5d26613e-ec90-43dc-b331-1ab57359b8b5
4832,8,2026-01-28 18:39:58.290957,95.0625,61.75,9d64ab76-a92f-4392-bcde-36fade84df90
4833,8,2026-01-28 18:40:04.024109,94.8125,62,846d411d-dcc2-41d4-bbbe-8fc1fe9865fe
4835,8,2026-01-28 18:40:15.39097,94.375,62,921b7bc9-c847-4905-80c3-68db0cafe033
4837,8,2026-01-28 18:40:26.758009,94.4375,61.75,6dcdfa4d-2801-4443-866d-6244801b86a8
4838,8,2026-01-28 18:40:32.491751,94.25,62,24f1d73b-23fa-4819-9df3-c234d2318eb2
4840,8,2026-01-28 18:40:43.960993,94.125,62,0c1d3c32-410a-4e71-ae6d-28d61c1886a2
3525,8,2026-01-28 16:35:22.285891,94.125,51.25,eb61d5af-5a24-4908-8df4-6c23b51b1c37
3528,8,2026-01-28 16:35:39.413854,94.25,51.5,72dd3d35-8fc5-4055-8d5e-925051c32b8f
3530,8,2026-01-28 16:35:50.68664,94.25,51.25,0d0c74c8-e9cd-4327-9616-a5977928e224
3533,8,2026-01-28 16:36:07.785354,94.9375,51.5,e01a1e6f-f17a-46f9-bef0-fb9a2c102a3c
3535,8,2026-01-28 16:36:19.087408,95,51.25,a3ae6cfa-91bb-4b89-a81b-17c9d8b51338
3536,8,2026-01-28 16:36:24.779007,95.25,51.5,c7db3f0f-6981-4091-aa62-c5acfecc7a46
3538,8,2026-01-28 16:36:36.248926,95.6875,51.25,76d72f83-f993-4b01-8892-fdfef71fcf42
3540,8,2026-01-28 16:36:47.715705,96.3125,50.75,7f341847-2985-4c06-aef5-82243a4b3c78
3541,8,2026-01-28 16:36:53.394345,96.4375,51.5,cc19fdba-d209-4c7b-bc7e-93f796710169
3543,8,2026-01-28 16:37:04.920387,96.625,51.5,782006bc-f7f5-4a46-9cef-9e0675695e2d
3545,8,2026-01-28 16:37:16.143597,96.875,51.25,826c990e-235b-4595-8ffb-0234f8865fb8
3546,8,2026-01-28 16:37:21.766492,97.0625,51.5,fe1dafed-71fd-4e0f-a672-182410c9ff40
3548,8,2026-01-28 16:37:33.184608,97.1875,51.5,a2c302d7-e95e-4c12-8ae2-6f683928e472
3550,8,2026-01-28 16:37:44.500223,97.5,51.5,e29df260-9fd1-47c8-8e8a-ea35a4f8d251
3551,8,2026-01-28 16:37:50.186374,97.5,51.5,4df9f4d0-31a2-45d7-beb3-217a31d3bb12
3553,8,2026-01-28 16:38:01.958452,97.5,51.5,6f38f17f-a6df-4efd-8ac8-6d9e67ba3e98
3555,8,2026-01-28 16:38:13.168083,97.125,51.5,1113f51c-54b9-49d0-b1d4-3ab8a1d623a0
3556,8,2026-01-28 16:38:18.853286,95,51.5,56afc9f0-ba76-41ed-b747-ee6b73a79c12
3558,8,2026-01-28 16:38:30.321343,90.1875,51.75,f5b26470-b947-4879-9e75-df5aaacbdcbf
3560,8,2026-01-28 16:38:41.730654,88.375,51.75,41bb2205-9ea2-4474-9536-4fbbc2e875f0
3561,8,2026-01-28 16:38:47.42189,88.375,51.75,27b8f587-765b-42ba-99c1-505e90c39465
3563,8,2026-01-28 16:38:58.729708,88.6875,51.5,780e6a47-2226-4389-b93f-71f556edd852
3566,8,2026-01-28 16:39:15.684616,88.5,51.75,2df73079-d2e2-4bba-84be-a097064d2167
3567,8,2026-01-28 16:39:21.359537,88.5,51.75,f5b25b1f-16fc-4083-b3bb-eeb4e8c6687e
3568,8,2026-01-28 16:39:27.008057,88.3125,51.75,e591c6f2-9252-4b7a-b4cd-1077606f9c14
3569,8,2026-01-28 16:39:32.628596,88.1875,52,a810d213-91d4-44a9-b72e-2c1817821e30
3570,8,2026-01-28 16:39:38.328358,88.3125,51,2375753b-cafb-448f-ad25-f7887a4ed50e
3571,8,2026-01-28 16:39:44.053339,88.4375,51,21eed983-d867-4492-93fc-70976e0e7672
3572,8,2026-01-28 16:39:49.730837,88.375,51.25,9b88294a-74d8-4c6d-9ea6-b5daee8ad1ad
3573,8,2026-01-28 16:39:55.367955,88.0625,51.75,fdb86f7b-9bb3-4181-a178-13ad02b4711b
3574,8,2026-01-28 16:40:01.05173,87.9375,51.25,baf60902-a4c1-47b9-bb45-052e3770aeb1
3575,8,2026-01-28 16:40:06.7823,87.75,51.75,4b9d0097-fc3f-4c5c-aa02-2b9170771d5f
3576,8,2026-01-28 16:40:12.421833,87.5625,51,3c6d846c-9b05-444d-b05e-57a920d70fa1
3577,8,2026-01-28 16:40:18.109603,87.375,51.25,5d5ccca4-e83b-445b-8691-6e6764d4ba40
3578,8,2026-01-28 16:40:24.114219,87.4375,51.75,d6152dbf-9511-4050-854d-f81635bbd130
3579,8,2026-01-28 16:40:29.831181,87.625,51.75,00992ae2-2613-4f0a-9351-fb453eac61c4
3580,8,2026-01-28 16:40:35.557475,87.75,51.75,eab0cd28-b40a-4d37-80d6-1d04266e2bbc
3581,8,2026-01-28 16:40:41.190818,88.0625,51.75,3fc13e8d-e883-400f-a9b7-2e8100ef1f65
3582,8,2026-01-28 16:40:46.926528,87.9375,51.75,bc475b41-a420-4cac-8a54-d220cccf6116
3583,8,2026-01-28 16:40:52.600982,87.625,51.25,bf32bd58-1ad0-4b84-bdca-4f1a47e2658e
3584,8,2026-01-28 16:40:58.290994,87.25,52,b63edc33-3eb3-494a-b066-88e3dc487e63
3585,8,2026-01-28 16:41:03.965089,87,51.75,79ff1a96-9ed1-4b89-b70f-8dfe8861c00e
3586,8,2026-01-28 16:41:09.66009,87.0625,52,8f54fe10-2e94-4766-9804-52b62a938e66
3587,8,2026-01-28 16:41:15.395688,87.125,51.5,3bb365a9-fa40-4758-8128-c1b86badc015
3588,8,2026-01-28 16:41:21.024737,87.375,51.5,ab76a4fa-6b72-4616-8992-b2c7ec147efd
3589,8,2026-01-28 16:41:26.610767,87.5,51.75,afa021c8-3a94-4a76-b1dc-5b8eb5941216
3590,8,2026-01-28 16:41:32.288633,87.5625,51.5,b4179474-e931-4f88-a7dc-c2be6481fe84
3591,8,2026-01-28 16:41:37.980428,87.6875,51.75,386cde99-ae11-4049-b87b-1a234ee8f149
3592,8,2026-01-28 16:41:43.655844,87.875,52,a7a0142d-3be2-4594-9a42-3a2e1a48fd0e
3593,8,2026-01-28 16:41:49.388251,88,52,19d13dd1-d131-4edc-83cd-8429fd6fccf5
3594,8,2026-01-28 16:41:55.125396,88.1875,52,aa79c7d7-0d74-4b66-8162-8247378ff288
3595,8,2026-01-28 16:42:00.960158,88.375,52,44283ecb-20ee-46cf-bb3b-951b65b4d467
3596,8,2026-01-28 16:42:06.593703,88.5625,52,b6d8d36a-54ff-49ea-9275-ace13135b249
3597,8,2026-01-28 16:42:12.326204,88.6875,52.25,442b8ade-9c19-4455-916a-a764cd2bf5e7
3598,8,2026-01-28 16:42:17.916718,88.875,51.5,499e8b24-a99f-4083-8176-6e9a831c38fe
3599,8,2026-01-28 16:42:23.531514,89,52,dd38f0c7-6af1-478d-985b-0b6524b2964c
3600,8,2026-01-28 16:42:29.223933,89.125,52,d88decc3-c8fd-4a31-937f-77d457c346b4
3601,8,2026-01-28 16:42:34.956746,89.25,52,3960920f-5556-4af0-8e68-9826a52e5e91
3602,8,2026-01-28 16:42:40.692913,89.3125,52.5,93eaec3c-ee0f-45d0-aa75-4eb0c7cdbc0e
3603,8,2026-01-28 16:42:46.425904,89.375,51.75,a6ef2244-ab85-4afc-9185-c13deaba43b5
3604,8,2026-01-28 16:42:52.162277,89.4375,52.25,3a61cf2a-eeb6-4db3-8e95-aef48ad231f4
3605,8,2026-01-28 16:42:57.904186,89.4375,51.5,b793ad14-7c08-4641-8029-4eb744f9f958
3606,8,2026-01-28 16:43:03.733,89.5625,52,e0e78e63-3e39-479e-b4ce-a49a20174ba0
3607,8,2026-01-28 16:43:09.467229,89.875,52.25,f3730cca-5e4b-424e-a2a5-a70cb3aa7e79
3608,8,2026-01-28 16:43:15.20261,90,52,f7f49d81-b0da-4185-b0f8-906848f31860
3609,8,2026-01-28 16:43:20.936724,90.25,52,c927d657-773d-4a10-b875-9b0f1f3608b8
3610,8,2026-01-28 16:43:26.611005,90.5,52,c33ed6c1-cd1e-4f92-835c-4e5cfd1d4ce3
3611,8,2026-01-28 16:43:32.301315,90.5625,52.5,daf84af5-fc38-464b-9400-7c9db2704dcb
3612,8,2026-01-28 16:43:37.93352,90.5625,51.75,46a0e994-4aa3-4d8a-a1a6-0d4232a940cd
3613,8,2026-01-28 16:43:43.571124,90.625,52,86c578c1-e12d-4159-b923-58b5a992c280
3614,8,2026-01-28 16:43:49.242757,90.5,52,c0c3a749-a592-437d-8cf7-10c296f9fb7a
3615,8,2026-01-28 16:43:54.932445,90.3125,51.75,fc9c2f84-4e0a-4a90-8e21-e4b5244c15bf
3616,8,2026-01-28 16:44:00.66639,90.0625,51.75,bd3a4b0c-9574-4ed9-954b-78541dabea0b
3617,8,2026-01-28 16:44:06.342311,89.8125,52.25,16c48e24-c9ed-4eb9-8f61-985f9804d83e
3618,8,2026-01-28 16:44:12.040539,89.75,52,6cae6691-4fb3-47c8-b00f-64a5065c6618
3619,8,2026-01-28 16:44:17.706737,89.6875,52,52b24def-97a5-4c42-ac11-73e553cf677b
3620,8,2026-01-28 16:44:23.400479,89.9375,52.5,f8154ccb-162a-4b1b-8770-455fde83530d
3621,8,2026-01-28 16:44:29.134322,90.1875,52.5,2c062df9-1327-4b27-84a9-7e86b40b4aa7
3622,8,2026-01-28 16:44:34.766064,90.5,52.25,bb887da9-cb0a-43c1-92c0-544b66f34c3e
3623,8,2026-01-28 16:44:40.501372,90.6875,52,589454d1-852c-411f-92f7-63f9ce6bc9b5
3624,8,2026-01-28 16:44:46.133914,91,52.25,e6e284c0-7373-4d8a-a68c-fa61b27bc524
3625,8,2026-01-28 16:44:51.867144,91.1875,52.25,17dbeaca-3981-40ef-9f4e-7eae317ed170
3626,8,2026-01-28 16:44:57.543339,90.875,52.5,c261fd12-5226-4e03-a612-4b85d3fd865d
3627,8,2026-01-28 16:45:03.234615,90.4375,52.5,fd5a1b31-f236-4d8c-a3a0-8e6aa1c492fe
3628,8,2026-01-28 16:45:08.968088,90.25,52.25,949910dc-fc30-4202-b02f-b099b9722e63
3629,8,2026-01-28 16:45:14.702264,90.1875,52.25,bce40e6a-3206-4ac2-b43d-31b38f1db037
3630,8,2026-01-28 16:45:20.437081,90.3125,52,3eca05ea-305d-43e0-98b6-1e9fea3e1e99
3631,8,2026-01-28 16:45:26.035505,90.3125,52.25,378f2071-9a92-417e-9281-d34bf793f0a4
3632,8,2026-01-28 16:45:31.744403,90.4375,52.5,23ba9e18-25db-4de0-8efe-a453baff8936
3633,8,2026-01-28 16:45:37.399912,90.4375,52.25,c8422872-e648-476c-9550-4bc41f1fd3f1
3635,8,2026-01-28 16:45:48.671167,90.3125,52.5,98abe7b0-f466-4a26-8f49-f87986171bae
3638,8,2026-01-28 16:46:05.698396,90.875,52.5,aa99f471-e082-47f2-ab41-44832d516fc5
3640,8,2026-01-28 16:46:17.008251,91,52.25,418ed521-309e-40e0-9f94-74672e4dc77a
3641,8,2026-01-28 16:46:22.63694,91.0625,52,b6fcfb45-ae37-42a8-8343-996774fd1062
3643,8,2026-01-28 16:46:34.064003,91.1875,52,808515e9-a955-447a-b826-a6c0da43a6ec
3645,8,2026-01-28 16:46:45.534198,91.25,52,38942566-9de5-4476-9e60-6478e5438b9d
3646,8,2026-01-28 16:46:51.207162,91.5625,52.5,f01bf839-725f-4b61-b38b-695dd29626ea
3648,8,2026-01-28 16:47:02.636919,91.4375,52.5,ec4b92e8-1f79-4ebd-a687-eb0bb66dc9f8
3650,8,2026-01-28 16:47:13.949746,91.0625,52.5,c1c1fe35-73d5-4e6b-96dd-723debb022ff
3651,8,2026-01-28 16:47:19.631405,91,52.5,d7040463-fe7d-4f6b-8a80-081b120e9ffd
3653,8,2026-01-28 16:47:30.997686,91,52.5,ca1957b7-c210-4fed-801f-b5937621a5ff
3656,8,2026-01-28 16:47:48.205814,91.3125,52.5,68e0e7d4-bbde-423a-83b5-6873feac7021
3658,8,2026-01-28 16:47:59.568981,91.375,51.75,5fc82c75-8553-4a54-bfd0-21603218a0ea
3661,8,2026-01-28 16:48:16.520831,91.125,52.25,3bdcf42d-1ad0-4fa9-a638-e696efe1b1a3
3663,8,2026-01-28 16:48:27.935472,90.875,52.75,e9447a52-b6ca-48a4-975b-1efe23fe018c
3664,8,2026-01-28 16:48:33.529812,90.875,52.5,831ac4ec-6d49-40d2-a0b9-0999b502ab35
3666,8,2026-01-28 16:48:44.829011,90.9375,52.5,524969ab-4008-4ca5-91e7-df604ef792e1
3668,8,2026-01-28 16:48:56.399689,90.6875,52,e1e8c9b2-0a14-40a4-a480-2386059b52d3
3669,8,2026-01-28 16:49:02.077685,90.5625,51.75,652f6c0c-1b45-4ce0-8883-46b454dc7a8f
3671,8,2026-01-28 16:49:13.501503,90.1875,52.25,a174da1a-79c0-4a18-b3df-8c753be53cf1
3674,8,2026-01-28 16:49:30.33783,90.1875,52.5,a3234235-85ca-4809-83cb-1b82bb80f72e
3676,8,2026-01-28 16:49:41.658941,90.375,52.75,6f9d8f7d-c7da-49c9-856c-3ab9b8ce1b35
3679,8,2026-01-28 16:49:58.600718,90.8125,53,6aea843d-a6cf-4cb8-aadb-33cc1488d93b
3681,8,2026-01-28 16:50:09.966936,90.875,52.75,522f6da9-820d-4f59-91c9-1726a9786f69
3682,8,2026-01-28 16:50:15.660867,90.9375,52.75,13ecfe20-80f5-42e5-bbf8-d3bbca1e66c6
3684,8,2026-01-28 16:50:27.126899,91.125,52.75,f99f095f-74f8-460e-a0b2-e0b29502e810
3686,8,2026-01-28 16:50:38.493482,91.125,52.75,3491727b-c6cf-4b63-9b5e-1ff6f3eccad6
3687,8,2026-01-28 16:50:44.172154,91,52.25,d97f1538-4a96-4066-946d-e42ebbdc3e86
3689,8,2026-01-28 16:50:55.53929,90.9375,52.25,6192666b-5b9c-4885-ac8f-6c834dbde8e1
3692,8,2026-01-28 16:51:12.5412,90.875,52.5,a191879d-d152-4efe-a5d6-7c28fa1b347b
3694,8,2026-01-28 16:51:23.960708,91.0625,52.75,4ca45646-686f-4fc5-8358-e7dab957b671
3697,8,2026-01-28 16:51:41.162704,91.1875,52.25,3c0e89e4-f613-45d2-bd61-357a7c19eff7
3699,8,2026-01-28 16:51:52.529671,91.375,52.75,528958f7-f4c6-4e81-ae81-253e5921879a
3702,8,2026-01-28 16:52:09.630564,91.5625,52.75,b3a9663a-8345-41b0-bf25-c2f9b8c3e19e
3704,8,2026-01-28 16:52:21.201424,91.5,52.75,a6b15658-b839-4f9c-bf30-ff32f54cf73e
3705,8,2026-01-28 16:52:26.834813,91.3125,52.5,d0e47e7b-cdc5-464f-b2f9-fc0a40fdf6f2
3707,8,2026-01-28 16:52:38.302378,90.8125,53,ff340ac8-fb25-4b98-846e-4e1502fea837
3709,8,2026-01-28 16:52:49.772623,90.25,52.75,e13f1b4c-3ba1-4f42-848d-7fa279cbca51
3710,8,2026-01-28 16:52:55.518387,89.9375,52.75,64e3fb23-6278-4ecf-af83-a6095fdf31de
3712,8,2026-01-28 16:53:06.974962,89.5,53,61c252e8-2134-43f8-b75d-e9817a0c0421
3714,8,2026-01-28 16:53:18.298616,89.375,52.75,dee7b038-05a5-4de7-805f-1786c247506c
3715,8,2026-01-28 16:53:23.917207,89.5625,52.5,fc94bf06-c48f-48df-8419-ee350c041dfa
3717,8,2026-01-28 16:53:35.237795,89.9375,53,cc72a9f7-e3de-4dfc-9026-94e42a1a333c
3720,8,2026-01-28 16:53:52.340864,89.75,53,f53da94d-ce78-4ab7-9a7e-d0264189219d
3722,8,2026-01-28 16:54:03.712993,89.6875,53.25,fbb1ab60-d006-4f46-8a40-9d2581949864
3725,8,2026-01-28 16:54:20.908134,89.625,53.25,ab76d830-9aba-433e-9653-f5591c452386
3727,8,2026-01-28 16:54:32.377049,89.3125,53.25,44dee69d-759d-4689-a67b-c78796ec2955
3730,8,2026-01-28 16:54:49.420838,88.875,53,f898ec8f-7ae4-42e6-bff2-a629230bdbd0
4843,8,2026-01-28 18:41:01.07445,94.5,61.5,397eed5b-01a6-456f-8533-73aa458061a0
4844,8,2026-01-28 18:41:06.803816,94.625,62,10f2e0f6-5fc2-4b7e-ae16-3c4ac6259190
4846,8,2026-01-28 18:41:18.164988,95.25,62,7c5a5ab4-4016-4f5a-8c2a-7713fd32ca87
3634,8,2026-01-28 16:45:43.069296,90.3125,52.5,a36ae669-fbcf-4aa9-80ad-2de4480c9630
3636,8,2026-01-28 16:45:54.331204,90.5,52.25,4daeaf1d-5583-4741-89f6-62541bdf4da3
3637,8,2026-01-28 16:46:00.066156,90.625,52.5,8bf7a35d-5749-40c7-923e-bd045b94d1a3
3639,8,2026-01-28 16:46:11.373477,91.0625,52.5,39f6e699-9c59-4ae5-8fe5-e65dbfa30c10
3642,8,2026-01-28 16:46:28.330802,91.25,52.25,5261e5b5-4a10-4e0e-ae41-9df41027598b
3644,8,2026-01-28 16:46:39.798268,91.125,52.25,d90681ff-274b-40dc-a89d-5ebb60da0db7
3647,8,2026-01-28 16:46:56.900649,91.625,52.5,93f0ca1b-27d9-4ce0-8bd1-4fc4415e128b
3649,8,2026-01-28 16:47:08.265267,91.1875,52,1ff62052-0c62-4362-9511-0d29accccac7
3652,8,2026-01-28 16:47:25.306987,91.0625,52.25,4863da7c-9ced-4521-ae30-4a48515b3183
3654,8,2026-01-28 16:47:36.732414,91,52.25,e68f89d8-eb77-407a-9030-736cbc06a833
3655,8,2026-01-28 16:47:42.46632,91.125,52.25,eeb409b3-cf42-4cf3-aea1-f38ba5dc1c1b
3657,8,2026-01-28 16:47:53.935766,91.375,52.5,796eab3e-21bc-47e6-b135-d70e7b3a6603
3659,8,2026-01-28 16:48:05.305354,91.3125,52,a344a7a9-3b1e-428c-9adc-dec7bc2244e6
3660,8,2026-01-28 16:48:10.933107,91.25,52.5,849aaa9b-4aef-4b24-ba25-6fe20158f8f5
3662,8,2026-01-28 16:48:22.198092,91,52.25,0785654f-456c-4e62-ad58-6639f15e4c78
3665,8,2026-01-28 16:48:39.13877,90.875,52.5,7b8d424a-9c97-49a7-9cda-80bac5964a8f
3667,8,2026-01-28 16:48:50.563841,90.875,52.5,157aa61f-37f9-4dd5-bfa2-f6c471a46adc
3670,8,2026-01-28 16:49:07.774413,90.4375,52.5,1862091d-d35d-4f68-85f6-05fd8815f956
3672,8,2026-01-28 16:49:19.13428,90.125,52.5,02c5354e-9a90-4dab-8dc5-5ecb9680a216
3673,8,2026-01-28 16:49:24.725237,90.1875,52.5,5b6f87f6-ba63-4ea3-8567-1947116e9446
3675,8,2026-01-28 16:49:36.03284,90.1875,52.25,96c178ad-eb77-4a73-b6ad-cc948b5f9a45
3677,8,2026-01-28 16:49:47.29362,90.5,52.75,ede672fb-b822-4643-aaec-07d43fd86bea
3678,8,2026-01-28 16:49:52.970783,90.625,52.75,9f29874f-5d61-4313-b643-ea39fbcb1896
3680,8,2026-01-28 16:50:04.292128,90.8125,52.25,c5f4c8f9-2557-47d9-941d-ee441d89e85a
3683,8,2026-01-28 16:50:21.393809,91.0625,52.75,7ebf60d2-9099-4da0-8b17-3572b88a0172
3685,8,2026-01-28 16:50:32.761036,91.125,52.75,1df27dd1-9abf-49f2-b804-eacf35951d71
3688,8,2026-01-28 16:50:49.860084,91,52.75,37c9c211-9ba9-47e3-8c57-8b533df2f6b0
3690,8,2026-01-28 16:51:01.234554,90.875,52.5,dee29df2-19d7-4918-a699-066ab3f66e43
3691,8,2026-01-28 16:51:06.858555,90.875,52.75,7617773b-c569-443b-9369-881251c735ee
3693,8,2026-01-28 16:51:18.225093,91,52.75,1beace75-f2ff-4f52-9794-309437ffae57
3695,8,2026-01-28 16:51:29.694239,91.125,52.75,c3fb7c16-f220-4c32-9d25-52e1ba278984
3696,8,2026-01-28 16:51:35.434492,91.125,52.5,e8823a28-5411-4ea6-bfcc-9b75645feb45
3698,8,2026-01-28 16:51:46.897913,91.25,53,4cc6e866-3bf1-445e-bcfa-79e52afd9627
3700,8,2026-01-28 16:51:58.264822,91.5625,52.75,f098cf90-e841-4712-a9fd-440a6995a4aa
3701,8,2026-01-28 16:52:03.944353,91.5625,52.5,66ca89f9-9627-4b61-a824-6533ccd78716
3703,8,2026-01-28 16:52:15.467795,91.5625,52.75,79f7312a-31a5-471e-80bb-a8f2f2a7c848
3706,8,2026-01-28 16:52:32.568253,91.125,53,2016a1b7-3305-421f-8d72-07e456574095
3708,8,2026-01-28 16:52:44.037185,90.5625,53,a37571cc-7bb8-4645-898b-841e0169b2e6
3711,8,2026-01-28 16:53:01.243894,89.625,52.75,4763124e-7406-4160-ab69-0a6783349541
3713,8,2026-01-28 16:53:12.689598,89.3125,53,75b23149-5581-4a3b-a624-60520a6e052b
3716,8,2026-01-28 16:53:29.606004,89.8125,52.75,aafff061-60f1-4cf9-83f4-07824bb1bdd2
3718,8,2026-01-28 16:53:40.97171,90.0625,53,c2314bda-baeb-46d6-9ef8-cf3b858d04ec
3719,8,2026-01-28 16:53:46.605693,89.875,53.25,8d73e45c-e097-466c-aada-6155d5992cc4
3721,8,2026-01-28 16:53:57.970636,89.75,52.75,608dd071-3fa2-469a-ae22-bc9e38a7b667
3723,8,2026-01-28 16:54:09.440585,89.8125,53,a6667d3e-ba77-4701-b072-4dd7f30d134e
3724,8,2026-01-28 16:54:15.1756,89.8125,53.25,eab10ca6-39cc-4530-82ef-0eaf23aaae3d
3726,8,2026-01-28 16:54:26.642892,89.4375,53.25,12890e03-ed03-40f4-b6ee-06e3e71c209f
3728,8,2026-01-28 16:54:38.11482,89.25,53,b227a9b2-f5cd-4067-96e4-008eb6b55e25
3729,8,2026-01-28 16:54:43.745518,89.1875,53.25,da1983bb-fd60-4730-b052-f9434f0e19af
3731,8,2026-01-28 16:54:55.089641,88.5625,53,8c0b7919-1882-4415-a915-15fad376510f
3732,8,2026-01-28 16:55:14.663259,88.875,55.25,31e9681e-de3e-4675-aaf7-980457ff50cc
3733,8,2026-01-28 16:55:20.49669,89,55,7bd4abce-87dc-4a64-88b8-73b6ee1fce92
3734,8,2026-01-28 16:55:26.225265,89.125,55,d7fba738-b736-4b58-98aa-e89a6853955a
3735,8,2026-01-28 16:55:31.958565,89.375,55.5,7de4bdc7-b028-4eea-ae2c-8287c3e5fe08
3736,8,2026-01-28 16:55:37.696021,89.625,55.5,3de2a575-fdf2-4ef1-8801-391c5b5abeaf
3737,8,2026-01-28 16:55:43.329061,90,55.75,9b576cf0-9e0d-4688-8c4e-427ec51afaad
3738,8,2026-01-28 16:55:48.958321,90.3125,53.25,432eefec-3c90-4b88-985e-75061a444e7e
3739,8,2026-01-28 16:55:54.691756,90.75,53.5,f16c63c1-0f95-41a2-9200-fe8a92fbab12
3740,8,2026-01-28 16:56:00.425839,91.0625,53.25,b4cc84a5-f804-405f-adac-2084df1f288e
3741,8,2026-01-28 16:56:06.110817,91.25,53.25,3722ef5d-2772-460e-8efe-67c476c18134
3742,8,2026-01-28 16:56:11.743438,91.25,53.25,bc620685-93c1-4f2a-bfb0-880a07eaf749
3743,8,2026-01-28 16:56:17.427337,91.375,53.5,4f8cb1c5-f936-410b-ac9d-564b714ca4ee
3744,8,2026-01-28 16:56:23.161998,91.5625,53.25,0967a337-e4be-46fe-b458-e6516ba3f14d
3745,8,2026-01-28 16:56:28.908377,91.875,53,6282c848-a1a0-4eb5-938f-62514756b522
3746,8,2026-01-28 16:56:34.548798,92.125,53.25,c971a60b-48cf-4baa-8e0f-2489c0e23e91
3747,8,2026-01-28 16:56:40.235977,92.375,53.25,6e78be31-b8ff-4818-aca7-f187e7150504
3748,8,2026-01-28 16:56:45.934637,92.625,53.5,348ede6d-b37f-4097-84a5-8637447fedde
3749,8,2026-01-28 16:56:51.532235,92.8125,53.25,da18f1e3-e15d-4dda-a240-fa003b83ab40
3750,8,2026-01-28 16:56:57.304874,92.875,53.25,be044575-c58b-4e16-adb5-f07ad99ea89f
3751,8,2026-01-28 16:57:03.035897,92.9375,53,8e2ad78b-0a03-45c6-89e9-7d0f76d2be1c
3752,8,2026-01-28 16:57:08.77295,93,53.25,33c7fcf6-52a8-4706-91f9-d17616e810c1
3753,8,2026-01-28 16:57:14.402379,93.0625,53.25,0680b491-c10c-4f3d-bafa-c76c69dc233a
3754,8,2026-01-28 16:57:20.137583,93.0625,53,e3a31c0d-9b94-4c7d-95b9-c0a2eb22cb83
3755,8,2026-01-28 16:57:25.870766,93.0625,53,d118bfed-ee6d-4abf-964a-975c3b62a640
3756,8,2026-01-28 16:57:31.491712,93,53.25,b8eb0353-b9c7-4e92-88ca-ba52c63bac67
3757,8,2026-01-28 16:57:37.213654,92.9375,53.25,eef8f1bd-ce46-4972-a232-dff237d70df0
3758,8,2026-01-28 16:57:42.90632,92.875,53.25,a58a1e62-8814-4c06-bc17-7b726517ef07
3759,8,2026-01-28 16:57:48.579373,92.8125,53.5,15dd0081-4e15-468a-a9d9-bcabccdc1422
3760,8,2026-01-28 16:57:54.312914,92.75,53.25,62258630-6124-413a-99ea-2a3c5332da49
3761,8,2026-01-28 16:58:00.048376,92.75,53.25,d3339a1e-3080-4017-b318-2df30998170e
3762,8,2026-01-28 16:58:05.679681,92.875,53.25,a6135d65-56e5-45dd-a544-ffb2ca2045ed
3763,8,2026-01-28 16:58:11.312372,93,53.25,604b1f3e-40ad-4dd2-bece-83c10e8d1aa1
3764,8,2026-01-28 16:58:17.046389,93.3125,53.5,2a2158ef-5598-4eb6-aac3-3767903dac05
3765,8,2026-01-28 16:58:22.781296,93.5625,53.5,4d205254-08ac-4069-b2cf-5b887daa6444
3766,8,2026-01-28 16:58:28.51488,93.75,53.5,c157f9b2-3b07-4353-acfa-6adcdbddd8b8
3767,8,2026-01-28 16:58:34.249246,94,53.25,7f245547-252c-492f-ba63-9b28dd727b2e
3768,8,2026-01-28 16:58:39.983719,94.0625,53.75,25661ee3-66eb-471e-9707-155f4eefa5f3
3769,8,2026-01-28 16:58:45.717521,94.125,53.5,4c481c2d-f6b5-47cf-b34b-b17866374e04
3770,8,2026-01-28 16:58:51.350153,94.0625,53.5,d83b7443-5835-49fc-8771-517ad49cac5d
3772,8,2026-01-28 16:59:02.570055,93.9375,53.5,bc2abc4f-d5f2-4415-b5a0-2704449b2eec
3775,8,2026-01-28 16:59:19.612502,93.9375,53.5,dec20e99-9031-49ea-b770-29365a9407ac
3777,8,2026-01-28 16:59:30.9804,93.625,53.5,12aa15e2-0438-4619-a16b-b58c695f75e6
3778,8,2026-01-28 16:59:36.613113,93.6875,53.5,84a8fc69-4c3d-4df8-8b02-c1f7b49073a6
4850,8,2026-01-28 18:41:41.100289,95.625,62,022763da-880a-4ee5-b047-c24bcf8b3973
4852,8,2026-01-28 18:41:52.469202,95.5625,62,1d62cca6-28e9-45fd-9b12-26ca092531bb
4855,8,2026-01-28 18:42:09.468557,95.375,62,3152dfa1-46fa-4021-900c-70c065667dce
4857,8,2026-01-28 18:42:20.881174,95.625,62.25,a47abc31-e0b5-4dc6-8057-bc70e5479c94
4860,8,2026-01-28 18:42:38.054127,95.3125,62.25,2f539bab-e004-4fae-ab8d-babc27e5db95
4862,8,2026-01-28 18:42:49.395408,95.25,62.25,9fa94da5-9283-4c72-93a2-6386d1706406
4864,8,2026-01-28 18:43:00.870776,95.3125,61.75,7c050564-f2a2-499f-863b-f6b9799a8cb4
4865,8,2026-01-28 18:43:06.606635,95.5625,62,372db1fe-e662-4e74-890e-eb4d90b03008
4867,8,2026-01-28 18:43:18.074,95.8125,62.25,7c70f6f7-ada7-45aa-ad23-8c8004bb468c
4869,8,2026-01-28 18:43:29.542649,96.3125,62.25,c217ebef-8f16-46bc-9259-e3483c100f26
4870,8,2026-01-28 18:43:35.277016,96.875,62.25,ee7fe641-e5c0-46b4-bb27-c4819852d74a
4872,8,2026-01-28 18:43:46.643853,97.5625,62,b00b35d4-8d99-4ebf-8bfd-96a3d6a93c9e
4874,8,2026-01-28 18:43:58.08402,97.9375,62.25,7491d9e1-2cd8-44d2-be12-2cec42f94510
4875,8,2026-01-28 18:44:03.74452,98.0625,62.25,8ca0dc7a-72e3-49ce-8e7e-21584caa0c2e
4877,8,2026-01-28 18:44:15.213769,98,62,40e70d25-b3fd-48cb-93b2-ab403be51fa6
4879,8,2026-01-28 18:44:26.479148,98,62.25,fa6f9ee4-729b-47fb-8bc6-aa524e6ee167
4882,8,2026-01-28 18:44:43.681122,97.75,62.5,812a47ce-6607-4cfc-86b0-6793e2ba5918
4884,8,2026-01-28 18:44:55.053043,98,62.25,3992da42-232b-4235-b300-3a3655b9a37f
4887,8,2026-01-28 18:45:12.353555,98.5625,62.25,a4b218d3-a4d6-4458-a3c7-e46f0a5297a9
4888,8,2026-01-28 18:45:17.985466,98.625,62.5,b7a94671-7d96-415c-9a43-0075625626bb
4890,8,2026-01-28 18:45:29.357447,98.6875,62.5,b1b62d62-bb8a-4f12-b62e-2b68ec1aea74
4893,8,2026-01-28 18:45:46.401507,97.875,61.75,2ebd6c12-6f8f-4bc8-b598-385a43a64e86
4895,8,2026-01-28 18:45:57.717065,97.5,62.25,69430712-e93e-4f7b-9a7f-7be249b93db7
4898,8,2026-01-28 18:46:14.716602,97.375,62.25,e29a1f0f-d5c0-4b62-8aec-ded4eb03eaec
4900,8,2026-01-28 18:46:26.184114,96.9375,62.5,e3d21141-0391-4d3b-80ab-9175c7f17a88
4903,8,2026-01-28 18:46:43.388974,96.75,62.25,07371d31-90dc-4a67-9ad4-4c804f81a587
4905,8,2026-01-28 18:46:54.857913,96.6875,62.5,4f4c2dde-a60c-4c79-adf2-1e7f72f7fcec
4907,8,2026-01-28 18:47:06.330036,96.6875,62.5,69ff2dd6-ef14-4157-bb26-2637cc8c85ba
4908,8,2026-01-28 18:47:12.060824,96.625,62.5,76e39b86-89e1-4c68-a6fa-62a11f2b9d3a
4910,8,2026-01-28 18:47:23.32344,96.5,62.25,affae227-a87a-4312-82e9-6a38bc30013c
4912,8,2026-01-28 18:47:34.794269,96.375,62.5,ee2c97e7-8759-4af1-9c04-2050cd59376d
4913,8,2026-01-28 18:47:40.528865,96.375,62.5,8ed7cab6-f3a0-42fe-984a-98725a13be1f
4915,8,2026-01-28 18:47:51.793403,96.6875,62,f3ebb514-3945-4ddd-817d-858535899201
4917,8,2026-01-28 18:48:03.262953,97,62.5,8589dc12-25b5-4ea7-beb4-1fe129843cf2
4918,8,2026-01-28 18:48:08.998171,97.3125,62.5,5c65cc9e-7dfb-41f7-8734-ad01baccdf44
4920,8,2026-01-28 18:48:20.464866,97.6875,62.25,1c004938-4156-41c4-9aae-f9830467f488
4922,8,2026-01-28 18:48:31.830295,97.625,62.5,8185cdfc-e24d-4700-ac79-346796f01b16
4925,8,2026-01-28 18:48:48.936718,98.0625,62.75,b0eb3127-4a8e-47ec-ba2e-9e15103a264d
4927,8,2026-01-28 18:49:00.268899,98.0625,62.5,b782c2fd-3940-4d8e-a17e-447bccebd6ea
4928,8,2026-01-28 18:49:05.931514,98.125,62.5,c124c7c7-7690-44d3-b184-85d465195d07
4929,8,2026-01-28 18:49:11.6145,98.25,62.5,3c70a788-acab-441a-a2c2-376d1a215bb9
4931,8,2026-01-28 18:49:22.928568,97.8125,63,1e75a2d1-3392-4a61-a773-dcce751f4b1c
4933,8,2026-01-28 18:49:34.40044,97.625,62.5,fa76264f-f63b-4a7d-b276-25c242237427
4934,8,2026-01-28 18:49:40.1329,97.625,62.5,4431ce8b-dd8a-47ec-ab3e-dfdd4bd9af20
4936,8,2026-01-28 18:49:51.600154,97.8125,62.75,2454d8d6-837a-41d1-9738-3823db094e8a
4938,8,2026-01-28 18:50:03.068854,97.8125,62.5,e6fd1f88-3e47-4496-a52d-43eda0229f19
4939,8,2026-01-28 18:50:08.807028,97.75,63,2ee35e5a-5cc4-48ed-a8c6-7e769a33d935
4941,8,2026-01-28 18:50:20.184787,97.8125,62.25,389a49e3-ab9f-4184-8456-fa0f3fe81dd8
4943,8,2026-01-28 18:50:31.639099,97.5,62.75,9070e912-9646-488c-a082-1f1b8f5f0327
4946,8,2026-01-28 18:50:48.739712,89.875,63,761c512c-1eed-4f18-b593-4e2d7fae334f
4948,8,2026-01-28 18:51:00.10863,85.5,62.75,d1ba1660-76fa-4e4a-8094-22012691d63e
4951,8,2026-01-28 18:51:17.207114,80.1875,64.75,79bbc7de-bb55-49f8-9150-2d0ba2f9adec
3771,8,2026-01-28 16:58:56.984438,93.9375,53.5,24cff755-69bb-456d-b33c-d358855fe023
3773,8,2026-01-28 16:59:08.245787,94.0625,53.25,fac41025-2dca-4022-8267-a253caee598f
3774,8,2026-01-28 16:59:13.917083,94.0625,53,49337a8b-b1d1-43eb-9471-9178a55d1a4a
3776,8,2026-01-28 16:59:25.248819,93.8125,53.25,8e40de2a-2b8d-4b30-a5f7-bb5a1feed986
3779,8,2026-01-28 16:59:42.349038,93.6875,53.75,9d3dca0e-529e-46d0-a331-3d82cf0a0042
3780,8,2026-01-28 16:59:48.081772,93.875,53.5,1f7786b5-af77-408f-8cea-4c6d4b0c4952
3781,8,2026-01-28 16:59:53.814621,94.1875,53.5,bf66cc7d-252e-4749-a53a-db32ba7d0cb4
3782,8,2026-01-28 16:59:59.549068,94.375,53.5,6c0ff213-c59f-4c87-8f23-eae2a9a9b629
3783,8,2026-01-28 17:00:05.28459,94.5,53.5,1e346f87-51a1-462a-9474-b33f9d139c3d
3784,8,2026-01-28 17:00:11.025921,94.3125,53.5,ed68bc13-2f0c-4531-a3be-9c0ccc0c3203
3785,8,2026-01-28 17:00:16.752481,94.25,53,3920f7c8-7cb5-4782-bcf7-6a952c54854b
3786,8,2026-01-28 17:00:22.489532,94.0625,53.5,86dbd0a5-f729-48be-bca0-3bb276305223
3787,8,2026-01-28 17:00:28.231114,93.9375,53.75,6a8de39b-f2cd-414b-bcb6-6fa9d0dd3954
3788,8,2026-01-28 17:00:33.899794,93.75,53,63e1a154-0056-4bbb-b492-421df6643c9a
3789,8,2026-01-28 17:00:39.586793,93.6875,53.5,abc4c97b-1f10-461c-8457-9d695a942fb2
3790,8,2026-01-28 17:00:45.321251,93.75,53.75,b1223829-84bd-49be-a53a-0308762908ca
3791,8,2026-01-28 17:00:51.055986,93.75,53.75,dad20243-cf3d-4218-a480-56414e06778b
3792,8,2026-01-28 17:00:56.790266,93.75,53.5,6c23080c-0ae8-48d3-b535-f0d6fdd8d377
3793,8,2026-01-28 17:01:02.525319,93.75,53.25,459fcfc2-8880-43c6-a0d1-80fdbe3559e2
3794,8,2026-01-28 17:01:08.261468,93.6875,54,a8a25fbb-b3c2-471e-8a85-e8800d7c305f
3795,8,2026-01-28 17:01:13.956243,93.75,53.5,4fe2e37a-52b4-4d13-aab8-878c8c48c9d7
3796,8,2026-01-28 17:01:19.579036,93.75,53.5,4a92e8ce-1928-4d70-84ce-050b00dfa719
3797,8,2026-01-28 17:01:25.262373,93.75,53.5,d39b18be-257f-47a4-827d-06fb6813de77
3798,8,2026-01-28 17:01:30.992206,93.75,54,f17d1a23-ff8a-42f5-a2c4-34be2e854529
3799,8,2026-01-28 17:01:36.728201,93.6875,53.5,3163dc07-d149-4026-b095-b24ec02e5455
3800,8,2026-01-28 17:01:42.480016,93.6875,53.75,3c77e1a2-14a7-4079-aba0-85b75b9df616
3801,8,2026-01-28 17:01:48.197392,93.625,53.5,313388e3-9d49-41c4-91e8-32121a75817f
3802,8,2026-01-28 17:01:53.934359,93.6875,53.25,c2b33db1-2436-41f3-aee4-97879fb7e65a
3803,8,2026-01-28 17:01:59.66449,93.8125,53.75,33faa00a-c643-450f-9226-93b8d9a6a77a
3804,8,2026-01-28 17:02:05.398789,93.9375,54,e5d964b3-47c0-4d60-91da-55ec2a5fae6a
3805,8,2026-01-28 17:02:11.16334,94,53.25,e827fd94-49a0-4ccf-9c2d-27386969a929
3806,8,2026-01-28 17:02:16.869694,94.125,54,65fa9a75-7bd2-4c4d-8d93-50663bb897ab
3807,8,2026-01-28 17:02:22.555965,94.1875,53.75,2f8af068-4052-4842-b272-d7e0ffe94991
3808,8,2026-01-28 17:02:28.234385,94.1875,53.75,c7caf425-880b-43e8-b578-9b6e1755328c
3809,8,2026-01-28 17:02:33.9311,94.125,53.5,daccd292-984a-4bf1-b502-7f34e92843a5
3810,8,2026-01-28 17:02:39.609919,93.9375,53.75,4ea9c71b-095a-4c09-83b6-bd9bc5cad92a
3811,8,2026-01-28 17:02:45.233306,93.875,53.75,729f8b82-77ee-4825-a8b0-a3fd8cc38c49
3812,8,2026-01-28 17:02:50.966484,93.9375,53.5,6c9ab33b-018d-4d10-b490-0d545d4fcbd2
3813,8,2026-01-28 17:02:56.643503,93.875,53.75,9504ed72-1d18-4c48-aefe-3ff802613cbe
3814,8,2026-01-28 17:03:02.335882,93.625,53.75,12f9039a-e8d6-48be-8777-dd19888a9ed5
3815,8,2026-01-28 17:03:08.068465,93.4375,53.75,775bcb44-811b-469f-8ad3-9611a3ed7b46
3816,8,2026-01-28 17:03:13.80178,93.375,53.5,a924b651-75ee-4742-8527-3d877d8742e8
3817,8,2026-01-28 17:03:19.539579,93.4375,54,815006b6-095c-479f-ba07-7321af9147a2
3818,8,2026-01-28 17:03:25.170954,93.5,54,03acbf32-578d-4342-806c-df13be768063
3819,8,2026-01-28 17:03:30.814866,93.625,53.5,18a441bd-dc80-42eb-8cf2-5a27ffcb0fff
3820,8,2026-01-28 17:03:36.535379,93.625,54,b44cdc43-9f5f-491f-b55f-396d4c42e247
3821,8,2026-01-28 17:03:42.27039,93.4375,53.75,9f7092bd-2c4e-4b47-a63b-337f0fcbfada
3822,8,2026-01-28 17:03:48.01054,93.25,53.75,17d099ed-a669-458f-bda3-423687e765d9
3823,8,2026-01-28 17:03:53.739091,93.1875,54,a62dda1b-939d-4dd4-9b37-88a00ebb53cd
3824,8,2026-01-28 17:03:59.472822,93.25,53.75,56f9c2c3-ac2a-4a95-b276-a8db91a8913a
3825,8,2026-01-28 17:04:05.207733,93.5,53.5,5197e1c3-360e-4436-a31d-4e2cb8eb7c72
3826,8,2026-01-28 17:04:10.944726,93.75,53.75,87de9029-6b3f-47ce-8fed-018a6128586e
3827,8,2026-01-28 17:04:16.675804,94,54,0d86dc6f-cc04-4dec-86c4-a933aa3995f8
3828,8,2026-01-28 17:04:22.411707,94,53.75,99aba8ad-4af5-4ce4-ac25-a1707e51d9c0
3829,8,2026-01-28 17:04:28.145543,93.875,53.5,755fb5e6-7b45-4ba6-858e-db4635a35e76
3830,8,2026-01-28 17:04:33.776774,93.75,53.75,e97df7da-2b88-4d58-ad19-d7078a8e9e15
3831,8,2026-01-28 17:04:39.512823,93.625,53.75,a492daeb-7cd7-4db8-af2a-b6dea0788c2a
3832,8,2026-01-28 17:04:45.143456,93.625,53.75,d193f69c-f8dd-4372-98e4-12f8d8a4fe78
3833,8,2026-01-28 17:04:50.877399,93.6875,53.5,7e1e27d7-ae03-450a-a825-fdc932375554
3834,8,2026-01-28 17:04:56.614186,93.875,54,c339af75-d083-472f-ade7-99e38586be67
3835,8,2026-01-28 17:05:02.346822,94,54.25,f755fd7f-4e47-43fa-bc45-1a1c68c193f4
3836,8,2026-01-28 17:05:08.082484,94.0625,54,0ea4e943-bcc1-47fe-9488-acdba80cda99
3837,8,2026-01-28 17:05:14.084896,94.0625,54.25,9c3fbab3-1887-43b7-8ba4-8a3f14d18e9d
3838,8,2026-01-28 17:05:19.714569,94,53.75,7a91a00a-c8ed-4db3-85ce-0dd77fb050b6
3839,8,2026-01-28 17:05:25.388059,94,53.75,ee58fe4f-0273-456a-9424-a1dead24c174
3840,8,2026-01-28 17:05:31.021015,93.9375,54,3bff14ed-88bd-4b4d-a507-29169e0b81d8
3841,8,2026-01-28 17:05:36.652569,93.8125,54.25,3872e3ec-08c4-464c-97e6-52147235ea47
3842,8,2026-01-28 17:05:42.285025,93.75,54.25,158a34a9-e7d3-4d0a-bea2-9081b53fce1a
3843,8,2026-01-28 17:05:48.017052,93.8125,54.25,9a98fba1-ecd7-4c55-b108-a467a24084e1
3844,8,2026-01-28 17:05:53.754913,93.875,54.25,136c94cd-d632-4261-9ad2-f1561f06fe41
3845,8,2026-01-28 17:05:59.385255,93.875,54.25,a566dc64-5f21-42ed-bc18-e41c77292f99
3846,8,2026-01-28 17:06:05.020793,93.875,54.25,c66c0ea6-3d6f-4d6f-9293-03877c8856f3
3847,8,2026-01-28 17:06:10.694711,93.875,54,5b42abc7-25b3-4404-b10c-3d2aaf547c4a
3848,8,2026-01-28 17:06:16.38517,93.8125,53.75,0118d0ae-fc92-4abf-ae02-8090d7b40d3c
3849,8,2026-01-28 17:06:22.116082,93.625,54,2611cec7-2ca7-43e2-9c9c-369ba3b0142b
3850,8,2026-01-28 17:06:27.796195,93.5625,54,90f6e230-2cce-456c-86ee-c809dcbaa576
3851,8,2026-01-28 17:06:33.485895,93.5,53.75,a18c2d11-c107-419a-a229-33fc7ef50670
3852,8,2026-01-28 17:06:39.118885,93.375,53.75,10d8581b-0519-4e61-836d-9769a2b65601
3853,8,2026-01-28 17:06:44.8517,93.3125,53.75,eee1c2a8-5add-45da-9462-ddc27d19a9f4
3854,8,2026-01-28 17:06:50.586068,93.25,53.75,1908a66c-8b15-4713-abea-b0fa87e638cb
3855,8,2026-01-28 17:06:56.220452,93.125,53.5,3fa0952d-747b-4c5a-9bae-19dcbe442579
3856,8,2026-01-28 17:07:01.894421,93,54,55e62dec-b455-4e75-b4e4-86c283a6bf8d
3857,8,2026-01-28 17:07:07.583142,93.0625,54,bba0d4b8-5dff-47b7-93f3-25706dea3575
3858,8,2026-01-28 17:07:13.319974,93.125,54,84ac597f-529d-4209-aba5-698bc230f672
3859,8,2026-01-28 17:07:18.951699,93.375,54.25,0be45e10-3336-4f41-9293-f7dac4869340
3860,8,2026-01-28 17:07:24.690801,93.5625,54.25,a452f5c4-0227-45c9-a35c-52bf4b738026
3861,8,2026-01-28 17:07:30.362325,93.75,53.75,e511b11f-22a3-406a-ba8b-8896e3de2908
3862,8,2026-01-28 17:07:36.053183,94,54.5,98454d18-aac0-420c-baa2-5a66de884cf5
3863,8,2026-01-28 17:07:41.685834,94.0625,53.75,a9412b06-b1c9-40ed-a87a-d5137cae4518
3865,8,2026-01-28 17:07:53.150963,93.75,54,ebe805c1-9cae-4769-b04c-228ba193e36b
3868,8,2026-01-28 17:08:10.02849,94.5,54,a0cbdc3a-9d54-4995-bee3-6690117876e0
3870,8,2026-01-28 17:08:21.470519,94.8125,54.25,bd78ddfc-4ca4-4c34-a547-6f126fd88934
3873,8,2026-01-28 17:08:38.623468,95.375,54.25,b3e36215-e079-4789-928a-b74ce4ad1a28
3875,8,2026-01-28 17:08:50.086179,95.625,54.25,f7b2ec57-0475-49a7-a138-f47ac641cc2b
3876,8,2026-01-28 17:08:55.820301,95.6875,54.25,6da91a2f-ffd2-4940-b5b1-9e4fe2dfe903
3878,8,2026-01-28 17:09:07.144947,95.25,54.25,3abd6842-db63-4f6d-9fcd-c00989f789ee
3880,8,2026-01-28 17:09:18.553716,95.3125,54,dcf53754-f899-401d-a61c-fe3f9ba2338f
3881,8,2026-01-28 17:09:24.231076,95.4375,54.5,41c21dc9-3d43-4abf-8758-8637725ff379
3883,8,2026-01-28 17:09:35.654046,95.1875,53.75,8b2fc7be-196e-4ec8-85dc-21bfcb27ce0b
3886,8,2026-01-28 17:09:52.671952,94.8125,54.5,cdc70320-322a-447f-97a2-66125b18dc08
3888,8,2026-01-28 17:10:04.018783,94.6875,54.75,79cc4258-78cf-46c9-8ef1-2a9814e04584
3891,8,2026-01-28 17:10:21.272388,94.625,54.25,978966e1-bc53-435e-899d-c4203ad9c8af
3893,8,2026-01-28 17:10:32.691306,94.8125,54.5,290905cb-2875-4e14-b6bd-fcb612b1a0c2
3896,8,2026-01-28 17:10:49.589642,94.625,54.5,659b9f94-407a-49f2-b836-338f13fdf4d4
3898,8,2026-01-28 17:11:01.06137,94.625,54.5,8347ea94-6bb8-40c0-bba5-283fb679d20d
3899,8,2026-01-28 17:11:06.794849,94.6875,54.25,76f27a44-aad3-4ef1-ac08-c6da1361d98c
3901,8,2026-01-28 17:11:18.106609,94.5625,54.25,8791b640-19b2-4109-a468-7be6fa0e6b9b
3903,8,2026-01-28 17:11:29.424161,94.4375,54.5,a80af690-d1ee-46aa-b167-d140072e7dd5
3904,8,2026-01-28 17:11:35.051537,94.3125,54.75,181e2f23-a1f7-4527-92ab-e891ba356474
3906,8,2026-01-28 17:11:46.535332,94.4375,54.5,2edbd40e-2962-42eb-90a0-10165e2c2f01
3909,8,2026-01-28 17:12:03.727744,95,54.5,ced13c0a-d1ef-4482-821e-0be12dc63e52
3911,8,2026-01-28 17:12:15.140236,95.5,54.75,fdbf54d2-fbc6-439c-8741-61b27f9a88e0
3914,8,2026-01-28 17:12:32.201763,96,54.5,e9ecbca8-ac0f-4179-ab40-84a0cbe43d2d
3916,8,2026-01-28 17:12:43.618911,95.875,54.5,37d4e324-f010-4f38-bfe8-d6fb50bfbdf8
3917,8,2026-01-28 17:12:49.298038,96,54.5,f4692f5e-3a25-4790-a965-9b39bcaed7d6
3919,8,2026-01-28 17:13:00.660624,96.3125,54.75,fee0e5de-916c-487d-8a14-f816a11a7a80
3921,8,2026-01-28 17:13:12.072428,96.375,54.25,663d7353-b700-4440-9308-a343cb6d17cf
3922,8,2026-01-28 17:13:17.76537,96.1875,54.75,64eb552a-a095-4d10-8d1d-60797721cb72
3924,8,2026-01-28 17:13:29.113856,96.0625,54.5,424f77fd-66dc-42bc-8178-d0269a131719
3927,8,2026-01-28 17:13:46.094435,95.875,54.5,1bb231d5-b4eb-40bd-8338-984abd5b9187
3929,8,2026-01-28 17:13:57.496505,96.125,54,2bfba41d-cdfc-414e-ae4c-d2dd00536492
3932,8,2026-01-28 17:14:14.696824,95.75,54.5,e46045ae-f733-42c1-8954-ff7aded17a32
3934,8,2026-01-28 17:14:26.165654,95.625,54.75,23e0fd4d-8ddc-454b-86cb-da46ea11d3d3
3937,8,2026-01-28 17:14:43.368937,96.25,54.75,b8b6af13-070b-4350-b53e-a9a01fa6e433
3939,8,2026-01-28 17:14:54.677949,96.25,54.75,08e1f941-6766-4a80-bc46-31febbe96c4c
3942,8,2026-01-28 17:15:11.742126,96.625,55,686887e7-7f48-43dd-8394-01a90e7f0da2
3944,8,2026-01-28 17:15:23.045431,96.8125,55,10d3ca52-a01c-4040-a822-fd59e5dd18b8
3945,8,2026-01-28 17:15:28.739042,96.875,55,a31cf388-8333-40c7-9b20-0cbb316420d4
3947,8,2026-01-28 17:15:40.098897,96.875,54.75,a94224dc-4a37-41f2-a173-390a6ba598ab
3949,8,2026-01-28 17:15:51.554814,96.875,54.75,54997396-d7fe-42fd-81b3-976a9d9c285c
3950,8,2026-01-28 17:15:57.150074,97.0625,54.75,19c7f8dc-8861-45d8-9465-13f40764cf6f
3952,8,2026-01-28 17:16:08.585264,97.625,54.75,4e504607-6ac2-43be-b3c1-208e3745c196
3955,8,2026-01-28 17:16:25.668164,98.375,55,89fbd47c-cf86-4811-a14a-114b8bcd8b79
3957,8,2026-01-28 17:16:36.93191,98.4375,55,a6e1574f-4e96-4d9e-a946-228b44af1e46
3958,8,2026-01-28 17:16:42.566145,98.5,54.75,96c46b92-e744-4374-ba56-5d8c7f84c9e0
3960,8,2026-01-28 17:16:53.975308,98.375,55.25,8ad2c440-1eb1-49ef-86d5-b47339aaaffa
3963,8,2026-01-28 17:17:10.929006,97.5625,55,2156838d-d7c8-49a7-be45-1f4d62870f78
3965,8,2026-01-28 17:17:22.342276,97.875,55,e2510383-0296-4e1c-92f3-5bbe9a059126
3968,8,2026-01-28 17:17:39.293732,98.25,54.75,b0f88043-cd00-4dfc-88cd-e5a1ab570a74
3970,8,2026-01-28 17:17:50.660396,98.625,55,b255c0bf-d0d1-4986-8f27-8f5b319dacf5
3971,8,2026-01-28 17:17:56.395612,98.75,55.25,03e3928e-1c46-494d-a398-105ed69f6740
3973,8,2026-01-28 17:18:07.616691,98.9375,55,338102d8-8af9-4c46-96c7-b0d812c5c0d2
4889,8,2026-01-28 18:45:23.719869,98.8125,62.5,9793afc2-c496-4587-9382-7e9fb8417013
4891,8,2026-01-28 18:45:35.086603,98.5,62,6675a664-1add-4ed2-8e1f-cb91f9cf6b07
4892,8,2026-01-28 18:45:40.768637,98.1875,62.25,a45fc854-e5d9-4bde-a05a-01d325fa3bbd
4894,8,2026-01-28 18:45:52.086876,97.625,62.25,ec2cc7e9-6f82-4ef4-82be-cdab81b1b24f
4896,8,2026-01-28 18:46:03.454535,97.5,62.25,30a253b1-6e1d-4d83-ab01-2fd18bccd631
4897,8,2026-01-28 18:46:09.086013,97.5,62,74325a09-3684-4056-b07c-17bd4155c988
4899,8,2026-01-28 18:46:20.450101,97.1875,62.25,8baa99ab-d969-42ce-9d0a-f0612c32fb56
4901,8,2026-01-28 18:46:31.91863,96.875,62.25,a495fe83-07b8-402e-b4c6-6ec404bb0384
4902,8,2026-01-28 18:46:37.654071,96.875,62.25,91bef3cd-305d-4a53-8346-e408bbc2102c
4904,8,2026-01-28 18:46:49.140618,96.75,62,cd96f134-f785-4d98-a702-6215c54c137e
4906,8,2026-01-28 18:47:00.592458,96.625,62.25,8fd7804d-715c-4f8e-b139-e9d78a360cbd
4909,8,2026-01-28 18:47:17.691642,96.625,62,898ddfcb-93a0-47c0-a9db-2a21fe488813
4911,8,2026-01-28 18:47:29.058694,96.5,62.5,82fd19c4-a400-4a02-a3e6-9e268292832d
4914,8,2026-01-28 18:47:46.118729,96.4375,62.5,e7d5ccd8-fca7-42ad-8da6-a4bbd28a7f1f
4916,8,2026-01-28 18:47:57.526771,96.8125,62.5,3d3ba052-024a-4633-b61b-2b27c49c7d85
4919,8,2026-01-28 18:48:14.728941,97.625,62.75,02429ba2-19f7-481b-a36c-c5d772fca4ca
4921,8,2026-01-28 18:48:26.154388,97.625,62.75,b76be0b2-e12d-47ee-9023-bc5f34385c07
4923,8,2026-01-28 18:48:37.531514,97.8125,62.5,f0212eb0-9051-4745-830a-92b849c770e8
4924,8,2026-01-28 18:48:43.208705,97.9375,62.5,b3d28e9c-d45c-42fd-9460-ecbe0260f8df
4926,8,2026-01-28 18:48:54.677395,98.0625,62.25,3b3cad3c-859f-44e1-983e-9fa535096fc8
3864,8,2026-01-28 17:07:47.418696,93.875,54,ab94b7a4-7bbe-4510-be02-6d039489f360
3866,8,2026-01-28 17:07:58.782565,93.875,53.75,51a600d2-ea61-44c1-bb97-4c34c9a58d16
3867,8,2026-01-28 17:08:04.380701,94.1875,54.25,5946a197-16e2-4a8c-ac16-34046f100ece
3869,8,2026-01-28 17:08:15.781361,94.6875,54,8cb2bad6-6dc8-4c18-b433-2bb5eb9e31e2
3871,8,2026-01-28 17:08:27.148069,94.9375,54.25,bbfe15af-289a-4aba-87a9-31a856e13ddb
3872,8,2026-01-28 17:08:32.886174,95.125,54,7a6905b4-2d40-4d8f-8f80-43fcc86d9158
3874,8,2026-01-28 17:08:44.351199,95.5,54.25,071dc84d-b26f-491e-81b8-8bc3c31dcfe0
3877,8,2026-01-28 17:09:01.55486,95.5,54.25,be63527c-6ed5-4112-b149-fddcbc37a9d0
3879,8,2026-01-28 17:09:12.819194,95.125,54.5,ca92df4b-ca5a-47fd-9242-42dc028c232b
3882,8,2026-01-28 17:09:29.92253,95.3125,54,8fbdd4e9-bff9-409e-9a14-b3eb0125636f
3884,8,2026-01-28 17:09:41.391319,95,54.5,09cecdf6-8c4c-431e-b4e4-a16b3daf57fc
3885,8,2026-01-28 17:09:47.020586,94.875,54.5,31b965bf-de95-4931-abf7-6e9a6c2be760
3887,8,2026-01-28 17:09:58.331933,94.75,54.5,2fde32bd-c22e-42ad-a979-24e5e7537d29
3889,8,2026-01-28 17:10:09.867561,94.8125,54.5,ef8f5187-74a3-46fc-8f37-5956b8bab13b
3890,8,2026-01-28 17:10:15.59048,94.75,53.75,d0e3bd6c-908a-4c70-9fee-f4a913992263
3892,8,2026-01-28 17:10:26.957229,94.625,54.25,c5fae21d-2b83-4476-baa0-d9ebca2de292
3894,8,2026-01-28 17:10:38.323573,94.9375,54.75,2be4851c-7b73-49ef-a2a0-fadc58ebff13
3895,8,2026-01-28 17:10:43.95535,94.75,54,4798cb68-45e1-4f1e-b6b6-9ace3bc10d43
3897,8,2026-01-28 17:10:55.324959,94.625,54.25,d67c4f5a-6775-4b00-a238-3221efeb06ec
3900,8,2026-01-28 17:11:12.423847,94.6875,54,636d4f8e-9d76-437a-ad50-b7fb2bfaf4d8
3902,8,2026-01-28 17:11:23.790238,94.5,54.25,3aa58b87-3651-4531-a4b8-0145534b1c69
3905,8,2026-01-28 17:11:40.788304,94.3125,54.25,2d249c8a-3af8-401a-bcb1-359582302dc5
3907,8,2026-01-28 17:11:52.260468,94.5,54.75,b1041a76-87c4-4b27-a229-1072cd1562df
3908,8,2026-01-28 17:11:57.991584,94.75,54.75,abfecb5c-7cd5-423e-afca-b20cf8925de1
3910,8,2026-01-28 17:12:09.463927,95.1875,54.75,644ce323-5dcc-4611-b81d-9044ebd6805a
3912,8,2026-01-28 17:12:20.827102,95.75,54.75,76513829-c252-44c7-a2d6-fd71f00fc462
3913,8,2026-01-28 17:12:26.566057,95.9375,54.5,622f4176-dd43-4993-b151-7e06b71065d6
3915,8,2026-01-28 17:12:37.928647,96,54.5,772305ab-6eff-40e9-ad1a-53afc7ba128c
3918,8,2026-01-28 17:12:55.028095,96.125,54.5,7a189f58-fed3-466b-86f0-45009cd10d10
3920,8,2026-01-28 17:13:06.395585,96.375,54.75,f0aa86e2-36ef-4d62-ad2a-2a8b4363c672
3923,8,2026-01-28 17:13:23.511755,96.0625,54.75,d026afcf-df96-423f-9ae6-f96bdd197e31
3925,8,2026-01-28 17:13:34.714731,96,54.25,e775b0fa-ff19-467c-a8c1-098f598cf23b
3926,8,2026-01-28 17:13:40.391932,95.875,54.5,9f5f8343-0ee3-47f9-b35f-588aea95e8df
3928,8,2026-01-28 17:13:51.759016,96.0625,54.5,35d10414-986b-44c6-8b80-425647fe13be
3930,8,2026-01-28 17:14:03.237876,96,54.75,188cf2ed-0e24-4d95-bce3-40dd1d6a8363
3931,8,2026-01-28 17:14:08.97137,95.9375,54.5,15e361bf-3f9b-4097-9e7e-4472b13624ed
3933,8,2026-01-28 17:14:20.431133,95.5,54.5,5566a679-7b9a-4053-8764-fbd50d9b5b3b
3935,8,2026-01-28 17:14:31.900297,95.9375,54.25,d29dd9a6-22ec-415e-a1fb-b86c2f290259
3936,8,2026-01-28 17:14:37.641331,96.125,55,2caf9a69-a881-4e09-b097-540ed7f869db
3938,8,2026-01-28 17:14:49.001147,96.25,54.5,992f65e1-09c3-42cd-be5f-5393130dbb00
3940,8,2026-01-28 17:15:00.367716,96.375,55,30a09a30-7fd2-4715-a647-58cc7ae3458b
3941,8,2026-01-28 17:15:06.102866,96.5625,55,7f6052d0-422f-4a40-993a-939f2889ca87
3943,8,2026-01-28 17:15:17.42414,96.6875,54.75,579d0347-4d5f-40d9-af15-7f80f86fd97b
3946,8,2026-01-28 17:15:34.363147,96.8125,55,fec3dc68-b584-49a1-96f7-e4a06743cb77
3948,8,2026-01-28 17:15:45.833608,96.875,55,fb90b047-746f-402d-8324-4882c58c65c7
3951,8,2026-01-28 17:16:02.831971,97.3125,54.75,1c6177e6-4aef-4e34-a242-e53b10fce08d
3953,8,2026-01-28 17:16:14.303035,97.9375,54.75,0e077e46-9a48-480a-8333-aedb8cc64f96
3954,8,2026-01-28 17:16:20.037404,98.125,55,42c4781a-eca4-4f26-b584-93b745328141
3956,8,2026-01-28 17:16:31.259858,98.375,55.25,768d3964-c135-4e9d-b873-dedaa07236e8
3959,8,2026-01-28 17:16:48.299326,98.5,55,931cb29b-cbcf-4c58-91e9-b66e8562e8fa
3961,8,2026-01-28 17:16:59.667431,98.125,55,3f81ff3c-8893-4823-8a11-c3ea416c9ed0
3962,8,2026-01-28 17:17:05.279355,97.75,55,1a1bdf02-7e11-40e8-81cb-1410af60bb7e
3964,8,2026-01-28 17:17:16.660988,97.5625,54.5,8223d310-6a90-478f-92d9-e2af1069102e
3966,8,2026-01-28 17:17:28.030699,98,55,73dd6782-91fa-4a8b-a503-710428028d0d
3967,8,2026-01-28 17:17:33.618871,98.0625,54.75,d7ee3e7b-9a10-44ad-a13f-892b13fab609
3969,8,2026-01-28 17:17:44.931174,98.375,55.5,bf23a4c0-8ebc-4643-bd34-46091c92ee97
3972,8,2026-01-28 17:18:02.016352,98.8125,54.75,8c24c3cf-11f8-4b2e-bd23-4f23f5475213
3974,8,2026-01-28 17:18:13.292635,99.0625,55.25,d082fdc0-5682-4138-b4d5-3231d154c2b8
3975,8,2026-01-28 17:18:19.025493,99.1875,54.75,83eb6ca8-c07c-4e1e-a0ae-afa9dcd406fa
3976,8,2026-01-28 17:18:24.663776,99.1875,55.25,96c45458-8ebf-4309-a3ec-903769154fef
3977,8,2026-01-28 17:18:30.335382,99.125,55.25,8293fe37-9fdf-438f-9ab1-4b8dec583db2
3978,8,2026-01-28 17:18:35.998801,99.25,55.25,76dfec01-72ea-4828-bcfb-11021e250f2e
3979,8,2026-01-28 17:18:41.588384,99.3125,54.75,a9b614ee-b85f-46e9-9ee2-b3f83205ed9f
3980,8,2026-01-28 17:18:47.183706,99.3125,54.75,a157f21c-6c32-46c6-9ba5-54a6ec090a68
3981,8,2026-01-28 17:18:52.937033,99.1875,55.25,52f07d7a-d34a-4f57-989f-5f7a1b8390d7
3982,8,2026-01-28 17:18:58.600675,99,55.25,5cecc758-498a-4723-8812-dc22c7adc159
3983,8,2026-01-28 17:19:04.286478,98.6875,55.25,e1e4b0bf-b8d6-46ff-bf3d-f156e2f35c7e
3984,8,2026-01-28 17:19:10.020954,98.625,54.75,6dc0ac8d-a210-46dc-8b4e-0431120a34d9
3985,8,2026-01-28 17:19:15.75559,98.5,55.25,60a27335-582f-4a4c-aef1-dee1da0c4806
3986,8,2026-01-28 17:19:21.494107,98.4375,54.75,ad2c1647-abce-4f8c-ac01-1f2a65715693
3987,8,2026-01-28 17:19:27.227057,98.25,55,12135750-9a1b-4371-8c6f-fe96a47dba3b
3988,8,2026-01-28 17:19:32.859585,98.1875,54.75,183f8eb4-858b-47b5-a050-a1ed51612344
3989,8,2026-01-28 17:19:38.460542,98.25,55,67d69283-42ec-4d95-a6fd-c8324a3e34e3
3990,8,2026-01-28 17:19:44.064424,98.375,55,e0698fec-0db1-4a8f-ad5e-4defb0b805d1
3991,8,2026-01-28 17:19:49.752516,98.5,55,be7eb471-29e4-4da3-bc50-f004b68f2225
3992,8,2026-01-28 17:19:55.390605,98.3125,55,d2a2318d-a39e-4347-ae7e-2fcbbfc18d3d
3993,8,2026-01-28 17:20:01.016681,98.1875,55,872cf643-791c-4954-ad39-4b6b2aa987a9
3994,8,2026-01-28 17:20:06.751952,98.25,55.25,3acc0658-786a-46b5-bce8-6ecf19231d85
3995,8,2026-01-28 17:20:12.364509,98.5,55.5,a30643bc-fb29-4eef-ba4b-f7044b9f6fb6
3996,8,2026-01-28 17:20:18.116659,98.5625,55,08f4e629-53fd-4de1-8dae-d63c7d45ff5c
3997,8,2026-01-28 17:20:23.709604,98.75,55.5,724548a3-b785-4fba-94da-351e8fda0c02
3998,8,2026-01-28 17:20:29.380973,98.8125,55.5,94832fb7-243d-476f-96d0-287b8a4253f9
3999,8,2026-01-28 17:20:35.016993,98.8125,55.25,56931031-6f07-4b44-8bb6-0cb75246269f
4000,8,2026-01-28 17:20:40.747566,98.75,55.5,c5216c94-ddb7-4d48-90dc-1c54a2c67c63
4001,8,2026-01-28 17:20:46.442416,98.9375,55.25,8b417a03-7c81-4fe4-974a-4b775f79c56b
4002,8,2026-01-28 17:20:52.113887,99.0625,55.25,57cfd877-4aec-492e-8609-db2db22d351d
4003,8,2026-01-28 17:20:57.848648,99.125,55.25,27e68a5b-b85d-499d-a552-9bff16619bfb
4004,8,2026-01-28 17:21:03.589703,99.1875,55.5,191d2459-0a66-4dd8-ba33-e288c51a5366
4005,8,2026-01-28 17:21:09.317599,99.375,55.75,d74a25e2-01d2-41a8-a655-b28509dd5090
4008,8,2026-01-28 17:21:26.420646,100.25,55.25,db16567b-431f-438b-908f-0ffe4fb69e9f
4010,8,2026-01-28 17:21:37.754428,100.5625,55.5,8dc52035-1f9f-447f-b1a6-ab141aa81581
4012,8,2026-01-28 17:21:49.154433,101,55.5,63e19115-f6c7-43a5-a3f7-34edaf59121f
4013,8,2026-01-28 17:21:54.834747,101.1875,55.25,0f988d6a-90fd-4605-a38c-b18a716e2dd8
4015,8,2026-01-28 17:22:06.25248,101.25,55.5,41fb5800-e8ac-4c1d-b2e1-03259a351853
4017,8,2026-01-28 17:22:17.722561,101,55.75,62782a25-345f-499e-bd1a-1177b5f16853
4018,8,2026-01-28 17:22:23.457025,100.8125,55.75,83fe7108-8996-4db6-a6b3-7699599c1e28
4020,8,2026-01-28 17:22:34.82309,100.875,55.25,a83330c3-52ea-4acf-a285-f9f471aba109
4022,8,2026-01-28 17:22:46.294533,101.3125,55.5,2bf4200c-d015-4208-ab23-851f48ecb9ac
4023,8,2026-01-28 17:22:52.030197,101.1875,55.5,aa1a4e11-b534-4954-a952-f34f7758cef3
4025,8,2026-01-28 17:23:03.392971,101.625,55.5,b2d4d05d-7dac-46d9-b196-7891c10beda6
4027,8,2026-01-28 17:23:14.661855,101.8125,55.75,cdb995ab-8c43-4b0a-878f-c416787c40fb
4030,8,2026-01-28 17:23:31.761377,101.9375,55.5,17ceee37-956c-4e8d-915a-949f880712e4
4032,8,2026-01-28 17:23:43.123806,102.25,55.75,1dd09698-6743-439d-9d6a-4028f5be29d4
4035,8,2026-01-28 17:24:00.274629,102.4375,55.5,9e98ea2d-4fe6-459c-adb9-1c12d31aed82
4037,8,2026-01-28 17:24:11.695274,102.1875,55.5,1ec7c36f-0661-4fa3-8b8e-d28ef2694d2d
4040,8,2026-01-28 17:24:28.817125,101.875,55.5,043a359a-2d5b-439c-8cf3-d16ac9d27094
4042,8,2026-01-28 17:24:40.160996,101.8125,55.25,b0815f9b-8047-46d7-986e-2517e686afe7
4043,8,2026-01-28 17:24:45.757248,102,55.75,78b96670-a63b-4c25-aa59-dd21ea472de7
4044,8,2026-01-28 17:24:51.358589,102.0625,56,a7166389-b56b-4335-8e5f-f5d3f56373be
4046,8,2026-01-28 17:25:02.694715,101.875,56,803e5aca-23d7-4425-b688-53e171d4db7f
4048,8,2026-01-28 17:25:13.909851,101.5625,56,f9d79745-a0cf-431a-9459-15ac79c37485
4051,8,2026-01-28 17:25:31.057017,101.5625,55.25,6a675841-1f74-4f9f-9a8e-42dc1870284a
4053,8,2026-01-28 17:25:42.470122,101.5,56,5d22782d-bc5f-4134-971e-47890f3ee9f1
4056,8,2026-01-28 17:25:59.62615,101.875,55.75,d1040aae-25d6-4715-835e-d7a242595421
4058,8,2026-01-28 17:26:11.050057,102,55.75,1e2da094-558c-45c3-9f1f-989b719fc390
4061,8,2026-01-28 17:26:28.141018,102,55.75,28ded615-8114-47c6-ab73-a291277095db
4063,8,2026-01-28 17:26:39.663998,101.6875,55.25,80e98c67-b9b2-456c-9651-0e2f9725884a
4065,8,2026-01-28 17:26:51.131722,101.5,56,c1462c30-74d0-4e08-bc9b-7cac7b5b1a1f
4066,8,2026-01-28 17:26:56.766065,101.4375,56,507dfa7a-3b63-4afd-ac21-38b71db098e9
4068,8,2026-01-28 17:27:08.23541,101.375,55.75,e9b77e8d-2e50-496a-be4b-880aa723a46e
4069,8,2026-01-28 17:27:13.981525,101.5,56,cfba7e92-daa8-4b67-a22d-b8ddcb0dfe27
4072,8,2026-01-28 17:27:31.072285,102,55.75,9ddab1f3-7702-452d-a785-63abc1984ff5
4074,8,2026-01-28 17:27:42.53666,102.4375,56,b88a3a45-de8e-4cc9-b71e-dfa9b1d1c5f9
4078,8,2026-01-28 17:28:05.373435,102.125,55.5,63efbf47-e69b-4a52-acc9-a8a7028a11ab
4080,8,2026-01-28 17:28:16.687435,101.6875,56.25,2a9a3964-064e-44f5-a628-11780e4fe991
4083,8,2026-01-28 17:28:33.68461,101.8125,56,9213bfe9-221a-49ac-bb21-214eb0331609
4085,8,2026-01-28 17:28:44.980755,101.5,56,5a12fa70-3fa9-4808-9653-884019770bb4
4930,8,2026-01-28 18:49:17.249857,98.125,62.75,a11bb91b-1ac9-46ab-852f-87096650f95c
4932,8,2026-01-28 18:49:28.663829,97.6875,62.75,491af5ff-e6c7-4ee7-91dc-06e5999bde13
4935,8,2026-01-28 18:49:45.866434,97.6875,62.75,fff6c60b-34fa-46b6-bf83-8145070f86ec
4937,8,2026-01-28 18:49:57.336004,97.8125,62.75,6dee75cf-da29-4574-85b9-a707814ff360
4940,8,2026-01-28 18:50:14.537871,97.6875,62.75,3bb531d9-9995-473b-9b9f-4425a777dd11
4942,8,2026-01-28 18:50:25.90475,98.0625,62.75,ea921c2b-1f4f-4ad6-887b-4636aae6f6a3
4944,8,2026-01-28 18:50:37.373652,94.9375,62.75,c2ff2764-a0cc-4edf-9e28-60f2c84023ea
4945,8,2026-01-28 18:50:43.007236,92.3125,62.75,2cf40c62-fd04-4992-bb68-8ff91d77dc7d
4947,8,2026-01-28 18:50:54.420023,87.625,62.75,e580f8c5-191d-4614-961d-346984fdde4e
4949,8,2026-01-28 18:51:05.84941,83.625,62.75,a5d131ba-9bcd-4a04-902c-0ad474bac5c9
4950,8,2026-01-28 18:51:11.516222,81.875,64.5,5ee469dd-8c32-46fb-80c6-6636d35de67f
4006,8,2026-01-28 17:21:15.055463,99.6875,55.5,974208c5-7e4a-42f9-8408-083f87ed8170
4007,8,2026-01-28 17:21:20.688072,99.9375,54.75,37543e9f-fa6e-4f84-8c3b-f657980db9ce
4009,8,2026-01-28 17:21:32.15244,100.5,55.25,82e815ab-baa9-4813-a97f-6913145c7910
4011,8,2026-01-28 17:21:43.418607,100.75,55.5,4ae88025-790d-4e6d-8ebe-db40d8b684f5
4014,8,2026-01-28 17:22:00.519593,101.375,55.5,b1b8455a-30ee-4b5a-b3a2-9a06518f4e2d
4016,8,2026-01-28 17:22:11.987828,101.125,55.5,ffffe5d8-bbf4-45c2-ae0e-8c64ff94389b
4019,8,2026-01-28 17:22:29.062573,100.75,55.5,79382b16-1dce-473a-93d7-f0096bbf9b13
4021,8,2026-01-28 17:22:40.558064,101.1875,55.5,ea68c3ec-812d-42da-b938-dd061f4aee41
4024,8,2026-01-28 17:22:57.661946,101.375,55.5,04d53d1b-cfce-413e-8454-d8006e2a125e
4026,8,2026-01-28 17:23:09.025251,101.8125,55.5,b6488d71-3521-467d-a38c-eb12e7e62eb9
4028,8,2026-01-28 17:23:20.289718,101.9375,55.5,13051e14-0390-451e-9c0c-a62473050382
4029,8,2026-01-28 17:23:26.024396,101.875,55.5,be3c990b-4474-4085-b874-a75decd1b013
4031,8,2026-01-28 17:23:37.493741,102.1875,55.5,ad7ba32b-feef-4167-99e6-7cdfdb489848
4033,8,2026-01-28 17:23:48.965055,102.4375,55.25,a49bcd48-3919-418c-a72f-a6fc78f25646
4034,8,2026-01-28 17:23:54.649863,102.5625,55.25,cc6aff1d-36ea-481b-990d-cd65bc7e0b28
4036,8,2026-01-28 17:24:05.960179,102.3125,55.75,f8ec4ad9-f192-4c46-9f59-853ff2856d09
4038,8,2026-01-28 17:24:17.429922,102.0625,55.75,3305fa9e-5631-4fc8-82dd-22ff86ed82f0
4039,8,2026-01-28 17:24:23.165457,101.875,55.5,6ac6cd3d-0765-4cc3-8edf-ffadaf6eeb7f
4041,8,2026-01-28 17:24:34.531712,101.75,56,6d259b09-821d-4cc5-a29e-198273d0f8ff
4045,8,2026-01-28 17:24:56.954929,102.0625,55.75,3af8a944-89e6-44df-8679-704ae2ce8808
4047,8,2026-01-28 17:25:08.296198,101.6875,55.75,b6a4eb2f-27f2-44f5-931e-5f4add8c0ed9
4049,8,2026-01-28 17:25:19.605022,101.5625,55.75,fda721c1-848c-463d-a4e3-b580d0746cb1
4050,8,2026-01-28 17:25:25.320642,101.6875,55.75,51c6371a-88e4-44c6-a9a1-c5fd47cc8757
4052,8,2026-01-28 17:25:36.788293,101.5,56,0b0c2269-83c3-40a9-9c9a-59e53475de2c
4054,8,2026-01-28 17:25:48.158935,101.5625,55.25,9c7cd001-c5b6-4de0-a761-2991d68462d7
4055,8,2026-01-28 17:25:53.89006,101.8125,55.25,476bbbcf-1451-40f6-9b37-b02103750c4a
4057,8,2026-01-28 17:26:05.360334,101.9375,55,7878cc8e-ec98-4c7b-9cf7-d59094b9fb7f
4059,8,2026-01-28 17:26:16.726647,102.125,55.25,f16d4c6a-c8a8-4377-943c-af0f9c2b9da4
4060,8,2026-01-28 17:26:22.460622,102.0625,55.75,d434d006-122b-47df-a944-1d73c400cc13
4062,8,2026-01-28 17:26:33.929795,101.875,56,0cd37c48-6244-43ef-a1dd-e19ffca83c6b
4064,8,2026-01-28 17:26:45.398141,101.625,55.75,77535058-52c5-4096-8cd6-8904aeae31bd
4067,8,2026-01-28 17:27:02.498265,101.375,55.75,8258dc6f-e48c-4ad6-b39d-56a1658e5f53
4070,8,2026-01-28 17:27:19.700733,101.5625,56,dc651392-2a0a-40b0-b794-bde6a3a34f4b
4071,8,2026-01-28 17:27:25.382541,101.75,55.75,64a001ee-52a8-43b9-9fec-06637c9400dd
4073,8,2026-01-28 17:27:36.805154,102.3125,56,06f2785b-03a2-480e-894c-cae6404293e7
4075,8,2026-01-28 17:27:48.270825,102.5,56.25,48e901a0-ec9c-492f-b6a7-e8f864f2c8e3
4076,8,2026-01-28 17:27:54.025396,102.4375,56.25,291f016f-4a2d-4504-9704-6e591ecd4dfb
4077,8,2026-01-28 17:27:59.744057,102.375,56.25,671bfb4e-1a34-429e-8d3c-b2fb99f53fbd
4079,8,2026-01-28 17:28:11.078254,101.875,56.25,ca303b46-3595-4093-91d4-4f2735b2f92a
4081,8,2026-01-28 17:28:22.372028,101.6875,56,0810fe25-810f-422d-9cac-5ef15589a6d6
4082,8,2026-01-28 17:28:28.006544,101.8125,56.25,c428f528-6cfc-4da9-9cef-2c6c27dbb189
4084,8,2026-01-28 17:28:39.370002,101.6875,55.5,c4ee2ea8-9fad-4a1e-b31b-b56eba240264
4086,8,2026-01-28 17:28:50.838827,101.375,56.25,45bf610c-f65e-458d-93db-cf3038a4df53
4087,8,2026-01-28 17:28:56.573874,101.375,56,3aec712e-f0af-4d6a-878f-61483028937d
4088,8,2026-01-28 17:29:02.308417,101.5625,56.25,a9a3e2e2-f831-4eb6-922d-643380ac9e4e
4089,8,2026-01-28 17:29:07.986603,101.875,56.25,17aaf039-1faa-4696-8dba-f1ee91a26260
4090,8,2026-01-28 17:29:13.664102,101.9375,56,d3f79092-9516-45b5-bb38-0a9ec8caad5a
4091,8,2026-01-28 17:29:19.409961,102.0625,56.5,8a52ef91-458c-4d56-96e6-82ec84c2a737
4092,8,2026-01-28 17:29:25.143289,101.875,56.25,7725c5b3-b6fb-48ac-9b67-ef49556bb5d3
4093,8,2026-01-28 17:29:30.877715,101.625,56.25,840be193-2ad9-42fe-8fd0-fea741a8a849
4094,8,2026-01-28 17:29:36.613528,101.4375,56.25,b6490830-03e0-4b88-bbf1-a1074e19272e
4095,8,2026-01-28 17:29:42.346437,101.375,56.25,efdbb26e-eabc-44af-88da-24eca33285db
4096,8,2026-01-28 17:29:47.978759,101.25,56.25,b281d6d9-4f9f-49d6-9ba3-0f5bb125f7a0
4097,8,2026-01-28 17:29:53.611628,101.25,56.25,a8c35a51-b68d-4601-a6fe-f735319ef1f4
4098,8,2026-01-28 17:29:59.204823,101.4375,56.25,d00fa937-d591-4ea8-99d1-0cf3759c0e58
4099,8,2026-01-28 17:30:04.976704,101.6875,56.25,02547619-8d89-45f0-a463-c9734b6d38d6
4100,8,2026-01-28 17:30:10.616177,101.6875,56.5,d468a40d-e8f9-46ae-be58-ac74123a6831
4101,8,2026-01-28 17:30:16.348295,101.6875,55.75,3671f24f-da07-4403-b3f2-3ee40a11d5f6
4102,8,2026-01-28 17:30:22.079907,101.75,56.25,f3a89ec9-a86b-4931-9bb1-6c400edac8dc
4103,8,2026-01-28 17:30:27.813895,101.8125,56.5,29188aa1-642f-4546-98d2-c9f63d962550
4104,8,2026-01-28 17:30:33.547084,101.9375,56,2755a0c0-7669-4faf-a333-1d2ac8649bd5
4105,8,2026-01-28 17:30:39.180041,102.125,56,31da0be5-5259-4720-b888-ad562026f044
4106,8,2026-01-28 17:30:44.913816,102.3125,56,9c137b5a-1431-4791-9464-69cac6c14f77
4107,8,2026-01-28 17:30:50.597961,102.3125,56,dd92d5a1-e146-4494-911c-012ab8ac4b9d
4108,8,2026-01-28 17:30:56.282852,102.25,56.5,6265cf2f-c8a2-4899-8a54-2e69cb6a1c43
4109,8,2026-01-28 17:31:01.912419,102.125,56.5,f23ba8a3-ede3-416a-aedb-336fd83479bb
4110,8,2026-01-28 17:31:07.645923,101.8125,56.25,09420ad6-13b9-4788-9183-46312854fcf6
4111,8,2026-01-28 17:31:13.384743,101.6875,56.25,d3dc0e34-8d00-4c4e-bedd-141f5b3a9642
4112,8,2026-01-28 17:31:19.118352,101.4375,56.5,26f613b2-9281-4434-a462-f46db6b145bf
4113,8,2026-01-28 17:31:24.849151,101.1875,55.75,68fb3325-ca43-4f9f-8b26-a89e8d360d43
4114,8,2026-01-28 17:31:30.536037,101.0625,56.5,8751ccf1-5140-420b-b0d8-70f04cc508b8
4115,8,2026-01-28 17:31:36.216648,100.875,56,0b58baef-c83c-4f33-8712-6aba5b167100
4116,8,2026-01-28 17:31:41.895969,100.6875,56.25,4cb5e24d-f14f-4add-bd37-710f657e9d58
4117,8,2026-01-28 17:31:47.545486,100.5625,56.5,e6016c70-87be-4921-98eb-6dcfcbb8cde4
4118,8,2026-01-28 17:31:53.157501,100.375,56.5,81a56a99-bdd3-46fc-b629-01df8fc13937
4119,8,2026-01-28 17:31:58.803622,100.1875,56.5,86162b4e-ce29-49fd-836e-1a9a033a8277
4120,8,2026-01-28 17:32:04.479206,100.0625,56.25,f29f0513-f727-4c42-8146-4db1f26789e8
4121,8,2026-01-28 17:32:10.109971,100,56,a823cca8-45ed-49cf-8876-9f1e541bdee4
4122,8,2026-01-28 17:32:15.846306,100,56,789ad533-61b5-470a-b3a8-5564f8a3d74f
4123,8,2026-01-28 17:32:21.592106,99.9375,56.5,2144233e-d2d6-4e2f-9605-390b74985b45
4124,8,2026-01-28 17:32:27.213177,100.1875,56.25,488866ce-e50f-4b70-a745-407e98f00ef5
4125,8,2026-01-28 17:32:32.945205,100.375,55.75,2743232c-ade5-4c71-945b-a9a1d445a09f
4126,8,2026-01-28 17:32:38.679939,100.4375,56,8ced809b-0d44-4512-b5d1-dfca537df2d8
4127,8,2026-01-28 17:32:44.323981,100.4375,56.5,dd5dc235-dd6e-40b5-a1ca-db2ba11b39b4
4128,8,2026-01-28 17:32:50.046618,100.25,56.5,395d2807-3b6d-417c-ab89-68ee11e4011c
4129,8,2026-01-28 17:32:55.677907,100.1875,56,5573942d-7474-4620-8eaf-93cd34b0d01c
4130,8,2026-01-28 17:33:01.310698,100.3125,56.5,cea7dcc7-a551-4778-972c-ece902fd5ae4
4131,8,2026-01-28 17:33:07.02413,100.5,56.5,e06a522c-e54c-44bc-8889-63c98715beb6
4132,8,2026-01-28 17:33:12.679993,100.5,56.5,cbed9412-fa0e-4eef-8810-0977a66cb193
4133,8,2026-01-28 17:33:18.412519,100.4375,56.5,ac75bd5c-0eee-454c-b9e0-94d145337850
4134,8,2026-01-28 17:33:24.022459,100.375,56.75,4e591117-cb35-450a-b4e0-f355de27840c
4135,8,2026-01-28 17:33:29.743294,100.3125,56.5,060052e9-db00-4c01-9ce7-b8973308c204
4136,8,2026-01-28 17:33:35.411511,100.1875,56.5,97f4baf1-a1ea-41b3-959f-9a61e8f4f1c6
4137,8,2026-01-28 17:33:41.042799,100,56.75,830cc72b-f8e8-4bb3-bd26-39a082035572
4138,8,2026-01-28 17:33:46.802616,99.875,56.5,a9c5bfbe-616e-431e-9f80-77ab93abb767
4139,8,2026-01-28 17:33:52.542459,99.75,56.5,56b1f78f-497a-4da1-aa63-8a34dbe8fa2c
4140,8,2026-01-28 17:33:58.264162,99.5,56.75,3ac7f97f-ddd6-4c35-a051-d2a6588cf737
4141,8,2026-01-28 17:34:03.981037,99.375,56.5,246a3588-0768-4216-ae8e-d8d89808a6db
4142,8,2026-01-28 17:34:09.613478,99.1875,56.75,05efb855-fafc-4864-bb15-62283108fb68
4143,8,2026-01-28 17:34:15.3465,99.0625,56.75,705f291e-6cef-493d-9528-caccf9e3e25a
4144,8,2026-01-28 17:34:21.080429,99.125,56.75,f9b20d63-5285-4b76-857e-b3cf9e27afdc
4145,8,2026-01-28 17:34:26.761583,99.0625,56.25,a0ae3b7d-96ad-4948-b9ca-fa3cf4a43d45
4146,8,2026-01-28 17:34:32.447799,98.875,56.25,09af1ebe-f5e0-4645-a26e-ae3cc06a54d4
4147,8,2026-01-28 17:34:38.182527,98.75,56.5,26962ada-3250-4a55-8b93-ffdfbc105111
4148,8,2026-01-28 17:34:43.917412,98.5625,56.75,4fc3dd01-2cf6-482c-a2e3-e45f4d14ad13
4149,8,2026-01-28 17:34:49.652531,98.5625,56.25,c4dd0132-87f4-432c-8629-33162ab1a50c
4150,8,2026-01-28 17:34:55.255075,98.5625,56.75,47ca456d-a276-4a0e-bd41-cade096fc28b
4151,8,2026-01-28 17:35:00.91819,98.5625,56.5,10a4b8fb-cf5b-40b6-b1e2-3524adb6e0aa
4152,8,2026-01-28 17:35:06.599811,98.5625,56.75,73b2aac4-5a7d-4787-bb64-73aee5fc4740
4153,8,2026-01-28 17:35:12.286576,98.625,56.5,f710b77c-e830-4c63-a3fd-4aa5a1bdd500
4154,8,2026-01-28 17:35:18.077973,98.6875,57,254a5dfb-d35f-4884-837f-ab5489ae0003
4155,8,2026-01-28 17:35:23.697242,98.6875,56.5,0000fd2b-a708-4c76-b488-563b566a3c44
4156,8,2026-01-28 17:35:32.300886,98.5,57,e493ed9a-ae27-473f-a506-b1b74c96556b
4157,8,2026-01-28 17:35:37.986842,98.5,56.5,df0d7c73-c258-4af8-892e-daf0971be12c
4158,8,2026-01-28 17:35:43.718974,98.4375,56.75,e9f7581a-fa56-4df3-a4ac-f674b945c997
4159,8,2026-01-28 17:35:49.45409,98.4375,56.5,70a3d942-0f1e-42db-b90a-1c5bb74ffefc
4160,8,2026-01-28 17:35:55.085634,98.1875,56.75,86366923-94d9-41ca-bc4d-d618edc38f5a
4161,8,2026-01-28 17:36:00.781253,97.9375,56.25,3e54f1b4-39c9-41cc-9ce3-50bef410a546
4162,8,2026-01-28 17:36:06.3994,97.75,56.25,96da29a9-3761-4b5a-9d69-9abfcdecfc5b
4163,8,2026-01-28 17:36:12.083233,97.625,56.5,cde736cb-6d41-4ba7-bad5-a93da2b7e8ee
4164,8,2026-01-28 17:36:17.819159,97.625,57,44082292-b7da-4b11-bcdc-80157bfdca96
4165,8,2026-01-28 17:36:23.555456,97.5625,56.5,1aff4ecc-8f31-42f6-85d3-fb5c85715616
4166,8,2026-01-28 17:36:29.184348,97.375,57,9deb1c3a-c909-430f-a3c3-b30072cbb366
4167,8,2026-01-28 17:36:34.864709,97.375,56.75,3c64185c-1315-46bb-bb63-cc31ba5e5915
4168,8,2026-01-28 17:36:40.550588,97.4375,57,f41631f7-6937-487e-ba21-b82cbf1c13a2
4169,8,2026-01-28 17:36:46.241708,97.5,57,4bc6b0ba-3511-462f-9b74-877ee781efa5
4170,8,2026-01-28 17:36:52.019658,97.5,57,267f790a-98a5-4627-81d3-be60b1d97df1
4171,8,2026-01-28 17:36:57.651924,97.5,56.5,e33c196c-b392-4c93-b271-2a746c0f736e
4172,8,2026-01-28 17:37:03.389255,97.5,57,f49c5176-ba95-4782-9643-03bd505b4e0b
4173,8,2026-01-28 17:37:09.018495,97.5625,57,5d64be75-b299-4522-a71e-56571cb39e30
4174,8,2026-01-28 17:37:14.668342,97.625,57,297548dd-40cd-4cf8-aa85-a16ece46e250
4175,8,2026-01-28 17:37:20.282629,97.5,57,435962da-501a-446c-a3a6-b2de368b0c14
4176,8,2026-01-28 17:37:25.868614,97.375,57.25,7254dbf4-7f3b-4523-8f7b-c8c6f9ea3b9c
4177,8,2026-01-28 17:37:31.491499,97.3125,56.75,43f1f189-7709-4246-a1cf-c35f2f3863e6
4178,8,2026-01-28 17:37:37.178062,97.375,57,501bde48-dbe4-46ce-aa8e-dc354c409122
4179,8,2026-01-28 17:37:42.811174,97.5,56.75,c6df3635-b3d0-4fa3-9700-33e8126ab807
4180,8,2026-01-28 17:37:48.547795,97.4375,56.75,2838fb65-53d3-40b2-92e2-85c9680c8264
4181,8,2026-01-28 17:37:54.27954,97.4375,56.75,2b49b304-5f5a-45e7-955d-60ce64672da9
4182,8,2026-01-28 17:38:00.014877,97.5625,57.25,e035ab9b-04bb-400c-8b10-ce6dca7a3460
4183,8,2026-01-28 17:38:05.74862,97.9375,57,832d2753-4954-450a-8d9a-14474e427c5d
4184,8,2026-01-28 17:38:11.482406,98.25,56.75,ac765b72-6ee3-40a1-94c8-fc2e6475090a
4185,8,2026-01-28 17:38:17.217325,98.5,57.25,c9d0ae0c-5ab8-41c5-b444-6d9f95ffdee6
4186,8,2026-01-28 17:38:22.848641,98.5625,56.75,07741c13-02cb-4975-86d8-166f672f48b5
4187,8,2026-01-28 17:38:28.583879,98.25,57,a76cd992-45a2-4993-916a-9bf7b4c411b0
4188,8,2026-01-28 17:38:34.191503,97.9375,56.5,8e37527e-2a3c-4b75-ac01-5418a8421e2f
4189,8,2026-01-28 17:38:39.795852,97.875,57.25,79a9a287-510d-4eb2-aea9-19c49ad7ff81
4190,8,2026-01-28 17:38:45.42913,97.875,56.75,0cac17de-b31b-4fea-9150-b15d8f8d4886
4191,8,2026-01-28 17:38:51.013594,97.75,56.75,3d01edcc-2828-4ded-8a08-622706e732bb
4192,8,2026-01-28 17:38:56.643021,97.75,57,d8fb6675-08f0-4a08-8ddf-b636e2dfa4c6
4193,8,2026-01-28 17:39:02.375622,97.625,56.75,94903f6d-ebc9-443f-b1bc-9397f0b820c2
4194,8,2026-01-28 17:39:08.059855,97.4375,57,7729cd68-ebe0-4f20-8663-9e082c6d0355
4195,8,2026-01-28 17:39:13.715502,97.25,56.75,a7ef9d14-eb0e-4167-934e-55d1eefd21f3
4196,8,2026-01-28 17:39:19.477232,97.3125,57,73419dfc-58a3-4213-908f-712449d0a06f
4197,8,2026-01-28 17:39:25.211774,97.4375,56.5,38acd525-c788-49cd-bcc7-d33654655e2f
4198,8,2026-01-28 17:39:30.945737,97.375,56.5,f29ae3c3-df84-4258-800f-88f048c3987d
4199,8,2026-01-28 17:39:36.672839,97.3125,56.5,a3b2ce3f-0859-46c1-9ef3-9bdad8326b12
4200,8,2026-01-28 17:39:42.3857,97.3125,56.75,a1c1948d-bb01-4994-a9a1-80643320eaa3
4201,8,2026-01-28 17:39:48.096843,97.25,57,1c7ddbfe-60aa-418f-b465-d7829f6bc747
4202,8,2026-01-28 17:39:53.688385,97.0625,57.25,8afe426a-4872-493b-b785-14ba1842c18a
4203,8,2026-01-28 17:39:59.414525,96.875,57.25,22775642-6c5d-404f-a632-346b211d8e9b
4204,8,2026-01-28 17:40:05.096772,96.875,56.5,ddb4488d-b521-4060-81fd-a8aa118ddd22
4205,8,2026-01-28 17:40:10.892406,96.9375,57,e9cd1a26-f8d7-4620-91f1-c64bc09498e5
4206,8,2026-01-28 17:40:16.616913,96.9375,57.5,3256df09-f409-4381-ba38-fffcd9dfb7ab
4207,8,2026-01-28 17:40:22.351985,96.9375,57,e6c4821b-a65b-4aab-acf6-c498aded911c
4208,8,2026-01-28 17:40:27.985905,97,57.25,45ef90b6-915b-493e-9552-820ef6105835
4209,8,2026-01-28 17:40:33.667314,97.0625,57,f9d289d7-80d0-4ec2-9891-6e1c38bbb6fd
4210,8,2026-01-28 17:40:39.349715,97.125,57.25,26d41668-d2f6-47f9-b980-8ec1d36ea018
4211,8,2026-01-28 17:40:45.084008,97.125,56.5,adb76a93-98b1-44ca-bdb4-7607222ba16b
4212,8,2026-01-28 17:40:50.923421,97,57,d8a1b501-9eca-4d9c-bbf4-704022571b78
4213,8,2026-01-28 17:40:56.624821,96.875,57,f6c9782a-b6e1-40c5-8742-3be177622746
4214,8,2026-01-28 17:41:02.286908,96.8125,57.25,945c76fe-eedd-45b6-8cdb-54c816844895
4215,8,2026-01-28 17:41:08.021925,96.75,57.25,281dd44c-cf9f-4831-a555-f051ab79333a
4216,8,2026-01-28 17:41:13.701954,96.6875,56.75,aac8e0c5-e288-435e-9d2c-92c688f36f9a
4217,8,2026-01-28 17:41:19.337561,96.6875,57,09b71741-7686-433b-9312-529b14b1946e
4218,8,2026-01-28 17:41:24.967982,96.8125,57,346023d0-4800-4f98-ab0d-f414883a43d3
4219,8,2026-01-28 17:41:30.652258,96.875,57,d20ac08b-ccb1-42be-b88f-21afed1f4f40
4220,8,2026-01-28 17:41:36.28537,96.8125,57.25,c0b19ecf-aafb-40ef-b069-f62e8d415361
4223,8,2026-01-28 17:41:53.487883,97.375,57.5,e8efc67f-f3c1-4916-9b83-cd5ad2e09f23
4225,8,2026-01-28 17:42:04.957142,97.125,57.25,e749bb70-008a-443a-985b-16ab5eccd2eb
4228,8,2026-01-28 17:42:22.057505,96.6875,57.25,eaac9841-8dbd-409e-a362-25454efd1a40
4230,8,2026-01-28 17:42:33.307929,96.25,57.5,5ae93fa2-6c52-4a26-8d48-d818c97b4f4d
4231,8,2026-01-28 17:42:39.056396,96.125,57.75,3cde9209-8883-42fd-bfbf-ee341794788b
4233,8,2026-01-28 17:42:50.526162,96.0625,57.75,18b34e3d-df52-4531-9593-57ff56e99d16
4235,8,2026-01-28 17:43:01.995183,95.9375,57.25,1d37fed3-1e40-43ba-9865-4d06d831cd4b
4236,8,2026-01-28 17:43:07.730568,95.9375,57.5,eccb4a5f-0a1d-4b05-b138-6149eb54030c
4238,8,2026-01-28 17:43:19.15058,95.9375,57.5,5bb397cd-2763-414e-8cc6-7a170dac85fe
4241,8,2026-01-28 17:43:36.196704,96.125,57.25,c3f8cc99-593b-4d44-a24d-f5946ee953f4
4243,8,2026-01-28 17:43:47.675026,96.5,57.5,f46c2a24-3c6c-427a-8a55-fe5bbd2d3cf6
4244,8,2026-01-28 17:43:53.398746,96.6875,57.5,d43a0395-7a49-46a4-8f2e-42d22ff21b76
4246,8,2026-01-28 17:44:04.665814,96.5625,57.5,2333c08c-25e0-4650-bce2-9a3ded1c1742
4249,8,2026-01-28 17:44:21.710326,96.25,57.5,c5672e58-5d2b-4eda-8408-8fb3a79aca4e
4251,8,2026-01-28 17:44:33.130501,96.1875,57.5,0961a5e1-1cc6-4bc6-9d54-368b989237b3
4252,8,2026-01-28 17:44:38.865047,96.3125,57.25,81841732-0390-497e-9d81-bb7486b1ad35
4254,8,2026-01-28 17:44:50.233332,96.4375,57.5,91b69dcc-dd79-40b8-838f-1daaabc108d9
4256,8,2026-01-28 17:45:01.597788,96.4375,57.5,7ac3208f-c0fb-460f-975c-8258ae815620
4257,8,2026-01-28 17:45:07.332205,96.375,58,93cde5ae-f9eb-491e-908d-fc8c964c453c
4952,8,2026-01-28 18:51:22.946233,78.625,64.75,07b79217-0752-42d7-a627-b387e956c1d2
4954,8,2026-01-28 18:51:34.308973,75.9375,65,a674d3a6-75cc-4398-a2fc-660309181e88
4955,8,2026-01-28 18:51:39.978136,74.6875,65,a28abe9c-06e8-44e2-9167-7d8b67dfcfc6
4957,8,2026-01-28 18:51:51.307123,72.875,64.5,072c59e0-91f3-48dd-b2ec-7c14082fb12c
4959,8,2026-01-28 18:52:02.776941,74.1875,64.25,a9503a1b-3a0d-4668-8e28-56072c55be84
4221,8,2026-01-28 17:41:42.018643,97,57.25,5b7906b2-e93a-41ef-bbe2-52689dd46b5f
4222,8,2026-01-28 17:41:47.77292,97.3125,57.25,1b52d7ed-a265-4090-83f4-3e800b8df8d2
4224,8,2026-01-28 17:41:59.221723,97.3125,57.25,a964fb84-0ba6-48bf-8946-954c56c49202
4226,8,2026-01-28 17:42:10.691638,97,57.25,29d61e81-4c2b-449d-8db9-53231893095f
4227,8,2026-01-28 17:42:16.374169,96.8125,56.75,9ad20fc2-d93d-4989-ad83-db13d9206e4a
4229,8,2026-01-28 17:42:27.648519,96.5,57.5,26b75320-39a9-4824-9883-cf9bb42309c5
4232,8,2026-01-28 17:42:44.813415,96.125,57,fe6d29c2-db1d-42d4-a4af-1e687622b956
4234,8,2026-01-28 17:42:56.25928,96.0625,57.5,eef62864-d575-4116-b0d0-bd975d75c9eb
4237,8,2026-01-28 17:43:13.464204,95.9375,57.25,fc0bd1ff-d8d6-4184-93c7-38ff34b83dbc
4239,8,2026-01-28 17:43:24.829281,96.0625,57.5,1c7f325d-68e4-4086-9121-2973e0a6a800
4240,8,2026-01-28 17:43:30.56462,96.125,57.5,19215bc6-be32-4406-83fb-424cdcab8282
4242,8,2026-01-28 17:43:41.931998,96.3125,57,f3df4ba0-a212-4440-8e4d-beea77325e64
4245,8,2026-01-28 17:43:59.031076,96.625,57,e0b9a72e-a660-4cc2-95df-154803bd7b1a
4247,8,2026-01-28 17:44:10.272925,96.5625,57.5,0cc6c1a7-c7d9-407a-8a52-56e15aee1c67
4248,8,2026-01-28 17:44:16.030109,96.4375,57.25,14f3c561-9a98-4e78-b547-37c3a6983a79
4250,8,2026-01-28 17:44:27.396642,96.1875,57.5,0d0e5b92-574f-47a8-b6fb-a32b3674f60c
4253,8,2026-01-28 17:44:44.549703,96.3125,57.75,ca56a390-8406-4aac-a54c-ac94b8168fc6
4255,8,2026-01-28 17:44:55.927386,96.4375,57.5,75143316-e06e-4631-8a46-f516ebb44e30
4258,8,2026-01-28 17:45:13.067172,96.4375,57.5,00813e4e-bfbd-427b-9bbd-4ec594a72b90
4259,8,2026-01-28 17:45:18.913355,96.375,57.75,1eef2f8b-2218-45b2-a9ab-1314d5178b63
4260,8,2026-01-28 17:45:24.587256,96.4375,57.25,08af4d5b-cec5-4e4c-874f-f1b286a7bebb
4261,8,2026-01-28 17:45:30.271389,96.5625,58,94e440bd-e44c-4111-9f40-e2a567675174
4262,8,2026-01-28 17:45:36.004171,96.6875,57.5,982334af-f736-4783-ad33-1529f76d4039
4263,8,2026-01-28 17:45:41.739956,96.8125,57.75,8646db6a-2d92-4e46-8012-bfee6282cd56
4264,8,2026-01-28 17:45:47.371286,96.875,57.25,9c82bfb7-c43b-4776-9c30-68727c2b5457
4265,8,2026-01-28 17:45:53.120136,96.875,57.25,1e665c6d-3010-47f3-9fb9-1e0cf102235d
4266,8,2026-01-28 17:45:58.743173,96.8125,57.25,b6d5b0c6-a328-4753-91c2-a8edb4a6a381
4267,8,2026-01-28 17:46:04.424722,96.625,57.25,b041e917-ecfa-46ce-8458-8fe4c452eb65
4268,8,2026-01-28 17:46:10.104451,96.5,57.25,d4052b4a-1c64-4b85-bed1-3ef6009d9124
4269,8,2026-01-28 17:46:15.839504,96.3125,57.75,ac67bdce-14c0-48da-8577-459f6f26131e
4270,8,2026-01-28 17:46:21.574008,96.1875,57.5,ee418299-9266-44d6-bb0f-072e0e7b789d
4271,8,2026-01-28 17:46:27.25495,96.0625,57.75,52e704c0-b700-40b2-b31d-edbca07839ff
4272,8,2026-01-28 17:46:32.940105,96,57.5,4c32c669-4e2f-4df8-aa02-205c04488b3a
4273,8,2026-01-28 17:46:38.674877,95.9375,57.75,f7c9fe9d-1134-4b34-981a-61dd465bf5e2
4274,8,2026-01-28 17:46:44.305729,96.1875,57.75,5e006cc0-95a9-4895-8a65-0791e6879fc3
4275,8,2026-01-28 17:46:50.143989,96.3125,57.75,2a154c6a-7dd4-4f2c-a628-54578ab89767
4276,8,2026-01-28 17:46:55.821768,96.4375,57.75,d1276f46-b09d-4b48-85e8-38dc7a41d297
4277,8,2026-01-28 17:47:01.51064,96.3125,57.5,68a0d50e-dc21-4a38-a76a-6be8454b24ca
4278,8,2026-01-28 17:47:07.243814,96.375,57.25,ee6b0531-3bbe-4e7d-9206-563d6321b379
4279,8,2026-01-28 17:47:12.875985,96.375,57.5,8fa9fabe-7e69-4e8f-9c37-81beeb360cb9
4280,8,2026-01-28 17:47:18.560673,96.3125,57.75,2ea3fb5e-f5ea-4abb-a7e2-517f2d141850
4281,8,2026-01-28 17:47:24.167722,96.375,57.75,4c3fcc3a-0b90-4fe6-8db1-2eed9dce81b1
4282,8,2026-01-28 17:47:29.876531,96.3125,57.25,f0aa482e-403f-4233-ba92-ed1d4e0cd999
4283,8,2026-01-28 17:47:35.506985,96.375,57.5,e31b795e-1d51-4752-ba2b-6d3e660dc253
4284,8,2026-01-28 17:47:41.190571,96.625,57.5,71f3fbf5-713a-412d-b4f3-253b11effcc3
4285,8,2026-01-28 17:47:46.873306,96.9375,58,a13eee48-8784-4db7-9937-ff53e9d79550
4286,8,2026-01-28 17:47:52.607527,97.1875,57.75,fc316b1f-41a7-4a23-9515-e3d41e756b73
4287,8,2026-01-28 17:47:58.342031,97.25,57.5,207cfd6a-ad3e-4b75-921d-fd9d91ba7e3f
4288,8,2026-01-28 17:48:04.027759,97.25,57.75,0334fe89-52c8-433a-b77e-263bb048d13a
4289,8,2026-01-28 17:48:09.708369,97.125,57.75,2d5c0696-ad77-40eb-8205-72fa54b71869
4290,8,2026-01-28 17:48:15.340331,96.9375,57.75,9461d924-8081-4f38-945b-8207023a30e8
4291,8,2026-01-28 17:48:21.077265,96.6875,57.75,12596ee5-48e3-46bc-8ee4-9b5db6eba71b
4292,8,2026-01-28 17:48:26.70904,96.4375,57.5,935fe57c-e51f-4fcf-a3fb-7e73b64d7c41
4293,8,2026-01-28 17:48:32.412866,96.375,57.75,c088f7fb-1ecf-4fa1-a353-42dbb37d2a87
4294,8,2026-01-28 17:48:38.07381,96.4375,57.5,4fd58f44-c7e6-4041-950b-e591bc467831
4295,8,2026-01-28 17:48:43.80975,96.4375,57.5,be43fc4c-b4da-4dc6-bb5d-95e0439be56b
4296,8,2026-01-28 17:48:49.498146,96.5,58,30a0b7fb-da58-405e-8c7b-bbd7c82b56f5
4297,8,2026-01-28 17:48:55.175885,96.375,57.75,fe764a16-45e1-4034-82f6-7ec28a5ae1ab
4298,8,2026-01-28 17:49:00.853373,96.3125,58,d005f18d-2255-466b-8421-c1e6725562c4
4299,8,2026-01-28 17:49:06.540915,96.1875,58.25,7f10140c-5a3d-4c00-a0ab-775f93d4f5e2
4300,8,2026-01-28 17:49:12.226577,96.0625,57.5,123faf56-3796-4871-b815-053fbb21b58c
4301,8,2026-01-28 17:49:17.908913,96,58,252f4861-5206-40a5-aaff-06ff41490507
4302,8,2026-01-28 17:49:23.641636,96,57.5,bdbc5822-9e2e-4728-90e2-a3597b40d02f
4303,8,2026-01-28 17:49:29.286336,96.0625,57.75,83801722-f285-45a9-aaae-ee237055802e
4304,8,2026-01-28 17:49:35.014446,96.125,57.75,b24c6382-c047-4a4a-aeef-0b763c0b637b
4305,8,2026-01-28 17:49:40.744284,96.125,57.75,1f472e6d-75c1-458c-9c4e-c83440d52880
4306,8,2026-01-28 17:49:46.331968,96.1875,57.75,8d701e98-26e4-4dc7-9c81-da6e1dc70c9c
4307,8,2026-01-28 17:49:51.962538,96.1875,57.75,9f62a9da-b0e6-4f0e-872d-d707831a0b71
4308,8,2026-01-28 17:49:57.592959,96,57.5,917c106b-3d3a-419d-b238-e833874308f1
4309,8,2026-01-28 17:50:03.270721,95.75,58,1b00fe4d-fb09-4e49-977b-2e3ba87c621e
4310,8,2026-01-28 17:50:08.903424,95.5,58,45b9d6d7-9a29-4edd-bf00-491aff20ce11
4311,8,2026-01-28 17:50:14.639368,95.4375,58,6bcc6f8d-5adf-4cad-91c9-e0aa3031cea9
4312,8,2026-01-28 17:50:20.371905,95.5625,58,fbbea46e-6399-4ab9-8afa-ea0a7e18eb02
4313,8,2026-01-28 17:50:26.111693,95.5625,58,19e0a28f-c73c-4c8c-b865-ecf5673f3edf
4314,8,2026-01-28 17:50:31.78692,95.625,58,c2f13e4e-17d2-45d3-a365-8614e89b40cb
4315,8,2026-01-28 17:50:37.493876,95.75,58,704964bd-48e3-4bfa-adf9-51ff85a72412
4316,8,2026-01-28 17:50:43.212515,96,58,35d0fd9c-e911-45b2-bccb-db5276851361
4317,8,2026-01-28 17:50:48.943225,96.125,58.25,002d1848-f272-4401-a6e5-ac029c368c6c
4318,8,2026-01-28 17:50:54.676299,95.9375,57.5,a3dd6037-81c0-4123-a2a7-9fa5a142f14f
4319,8,2026-01-28 17:51:00.410542,95.6875,58,2abd08ab-4499-4afd-b18e-4454c8ef0301
4320,8,2026-01-28 17:51:06.145105,95.5,58.25,d3e44365-e5d4-4fb9-9281-ec1715b585d3
4321,8,2026-01-28 17:51:11.830229,95.3125,58,c03183e6-4202-42eb-b87f-3d9035aeab10
4322,8,2026-01-28 17:51:17.511915,95.125,58.25,4123a599-96c0-495d-8561-b5cc92e144e9
4323,8,2026-01-28 17:51:23.245844,94.875,57.75,bb68ce60-201e-48aa-9454-d588c14e2808
4324,8,2026-01-28 17:51:28.981658,94.75,58.5,b25a37d0-565c-4978-8240-ee1529beb1f4
4325,8,2026-01-28 17:51:34.61455,94.625,58,fbbc2d24-399c-4afd-a944-959c77313f55
4326,8,2026-01-28 17:51:40.346958,94.4375,58.25,a83f038f-b069-4113-af02-a951f39ed755
4327,8,2026-01-28 17:51:46.081745,94.375,58,e6643c5d-7c1d-4a77-8ae7-77656e77980f
4328,8,2026-01-28 17:51:51.815704,94.375,58,b7a34afd-4177-41f3-ae9d-01b1a09b997d
4330,8,2026-01-28 17:52:03.241372,94.75,58,2989ab22-95c1-4798-8c4d-4968547821fb
4333,8,2026-01-28 17:52:20.284736,95.4375,58.25,23354107-8a25-4c7b-94a1-2674be16dee6
4335,8,2026-01-28 17:52:31.653939,95.8125,58.5,e73ac444-eef6-4e70-a23d-f699eb280859
4338,8,2026-01-28 17:52:48.751746,95.75,58.25,02b88e8e-e29e-4ded-951f-66b0eee392a2
4340,8,2026-01-28 17:53:00.117691,95.8125,58.5,d37f6bc5-db00-4bd9-977d-d0ae85017131
4341,8,2026-01-28 17:53:05.797895,95.8125,58.5,b1e11a3e-e101-48c4-a307-a976724b1061
4343,8,2026-01-28 17:53:17.218487,96,58.25,353e4261-d3b5-4201-9c97-cf79e1ae1eab
4346,8,2026-01-28 17:53:34.186997,96.0625,58.25,eeba3388-d48a-4dc0-b49d-f0bf5d10171e
4348,8,2026-01-28 17:53:45.481969,95.8125,58.25,4d39f87f-4b68-44ae-b70c-d2fe086ed01f
4351,8,2026-01-28 17:54:02.581539,96.125,58.25,a534799d-dcd9-4097-b0d7-c134b03b1f11
4353,8,2026-01-28 17:54:13.948403,96.125,58.5,cd8ce675-e593-4492-8882-85df7531a42c
4356,8,2026-01-28 17:54:30.946464,96.5,58.25,09da7e8f-2b26-441b-802f-e40370118b76
4358,8,2026-01-28 17:54:42.21151,96.5625,58.5,4f4e0738-a902-4216-96ca-7d903caea0e4
4361,8,2026-01-28 17:54:59.31581,96.75,58.25,507acf07-c9cb-48f9-8857-e871c651f6de
4363,8,2026-01-28 17:55:10.581994,96.375,58.25,31b1b093-3459-4937-87db-d2bbbd5b6822
4364,8,2026-01-28 17:55:16.202328,96.0625,58,cebfa306-6cd0-42d0-a289-68731d919ac2
4366,8,2026-01-28 17:55:27.573877,95.75,58,0ddb79cc-df8e-4e20-af00-7640eb4c08f3
4369,8,2026-01-28 17:55:44.573075,95.3125,58,0189f25d-72ad-4265-bdcd-958135229a11
4953,8,2026-01-28 18:51:28.676367,77.1875,64.5,10d42815-628c-49bb-8367-6291abf6cb6f
4956,8,2026-01-28 18:51:45.679486,73.6875,64.75,455e18ae-94fd-45e0-9013-7832539c7c85
4958,8,2026-01-28 18:51:57.046019,73,65.25,0f722b20-0e4d-4f7e-a04e-25b8a0074bb3
4960,8,2026-01-28 18:52:08.512009,75.8125,65,981780de-71ed-4d9d-9a48-9033424c48f1
4329,8,2026-01-28 17:51:57.554523,94.4375,58.25,8f2653b6-9a8d-4874-9c8e-1952c756cbfe
4331,8,2026-01-28 17:52:08.917016,95,57.75,be8bfdf2-9412-4de2-b568-d65800be54f3
4332,8,2026-01-28 17:52:14.549056,95.25,58.5,cd7f02ea-7227-45ba-8cf5-4e520df30a92
4334,8,2026-01-28 17:52:26.017964,95.6875,58.25,5e98e859-daf4-441d-8504-c4d3ea150d4c
4336,8,2026-01-28 17:52:37.387937,95.875,58.25,514077cb-4a1d-4abc-aa8c-6c23c7570a1a
4337,8,2026-01-28 17:52:43.016201,95.8125,58.25,9181532b-216d-472b-b219-e5377eea46c8
4339,8,2026-01-28 17:52:54.442753,95.8125,58,a4d4caf4-83dd-43a7-8b23-917ec9e9672b
4342,8,2026-01-28 17:53:11.485063,95.875,58.25,b4893f20-4cc5-4080-a194-85171befdbec
4344,8,2026-01-28 17:53:22.852051,96.0625,58.25,8f0c9e18-63c5-488d-a508-79c2047591e6
4345,8,2026-01-28 17:53:28.538669,96.0625,58,935a368b-1f0d-42f3-bf31-3c1f8f93be42
4347,8,2026-01-28 17:53:39.791545,95.9375,58.5,6afbe2f9-6aa7-46fc-b31d-0e21d16b6abf
4349,8,2026-01-28 17:53:51.112712,95.8125,57.5,971c3976-1d7b-4207-ac74-0b6804c1e16a
4350,8,2026-01-28 17:53:56.870404,96,58,6997ed65-e2d6-4126-bc09-313f964a1e34
4352,8,2026-01-28 17:54:08.318651,96.25,58.5,114b5137-3e9d-4818-b8c3-2d23ec4bc4e6
4354,8,2026-01-28 17:54:19.561478,96.25,58.25,90725902-93da-4d37-8a58-da77c0e3fc58
4355,8,2026-01-28 17:54:25.320432,96.375,58.5,029414fa-01e1-4e55-ad1c-a15165b38f5f
4357,8,2026-01-28 17:54:36.524962,96.625,58.25,d5b2f9dc-03e0-4790-a221-1ba927c1ac49
4359,8,2026-01-28 17:54:47.906366,96.5625,58.5,03c86813-3b0b-471b-967a-072d9e0b8a93
4360,8,2026-01-28 17:54:53.577806,96.75,58,fc0e6d60-021b-4888-9d9e-0c00c6262c46
4362,8,2026-01-28 17:55:04.991074,96.625,58.5,ef82e48d-c451-4971-8754-4b1cec09f2ee
4365,8,2026-01-28 17:55:21.840917,95.9375,58.25,36d97440-2e44-49b7-9f38-7cc33fcf96c9
4367,8,2026-01-28 17:55:33.270242,95.5625,58.25,f2ade42d-8635-4131-a5cd-b8e8e349a1e8
4368,8,2026-01-28 17:55:38.943943,95.375,58,0abb10bf-5cd4-468e-b6f8-fe3ba5df2b51
4370,8,2026-01-28 17:55:50.206113,95.25,58.25,23767289-88c1-4a55-80d2-cce0d2dd76fd
4371,8,2026-01-28 17:55:55.882368,95.1875,58.75,87cd5498-ac54-4863-b6b7-fcfbaab211ab
4372,8,2026-01-28 17:56:01.57931,95.375,58.25,508c1fdb-9e5e-49a5-a41d-6cf5adcd40ae
4373,8,2026-01-28 17:56:07.306145,95.4375,58.5,f5d34749-2f95-4ed2-9dd8-1cfb906ab48a
4374,8,2026-01-28 17:56:13.041857,95.5,58.5,869554f9-c42b-4d3a-b9f7-967da2ec8dee
4375,8,2026-01-28 17:56:18.673343,95.3125,58.25,64d39607-e07d-4d46-a88e-ff7d4277c7ce
4376,8,2026-01-28 17:56:24.407299,95.125,58.75,2e1bb185-3b8f-4c22-9e86-8d9afd682b7b
4377,8,2026-01-28 17:56:30.085168,95.0625,58.75,11adfad6-1fb1-4f72-b884-a83925114a7c
4378,8,2026-01-28 17:56:35.775475,94.9375,58.5,e59832ee-016d-4e03-bff0-8e094bfa5187
4379,8,2026-01-28 17:56:41.413443,94.875,58.75,c5d3e21d-36d8-46c2-b908-af7a4a12e1ec
4380,8,2026-01-28 17:56:47.083545,94.8125,58.75,6ac66656-418f-4420-b337-0581e47afbf5
4381,8,2026-01-28 17:56:52.771685,94.875,58.5,6378d0ff-e8ce-4321-b23a-84244275d84e
4382,8,2026-01-28 17:56:58.506322,94.9375,57.75,03c922a2-6b7f-4a6a-9c34-ec0b76ac7314
4383,8,2026-01-28 17:57:04.166289,94.875,58.75,51c71ac6-5a02-4cf8-97fa-b3eee28efcd5
4384,8,2026-01-28 17:57:09.874342,95.0625,58.25,1017fd62-689a-4339-9e2d-a0deb3cd1ec9
4385,8,2026-01-28 17:57:15.608748,95.0625,58.25,89691fdb-e37c-4928-9010-92ade0ef8e79
4386,8,2026-01-28 17:57:21.342425,95.1875,58.75,979b6e53-99ac-476a-868f-923cef08a9c6
4387,8,2026-01-28 17:57:27.019472,95.25,58.5,6640d8f8-6846-4df9-9548-56d03b7e6223
4388,8,2026-01-28 17:57:32.713441,95.1875,59,b8617071-68b8-4f56-8b04-5e132e4df440
4389,8,2026-01-28 17:57:38.391312,95.0625,58.5,66b384d9-028a-4bb7-9a22-ec4e1673e9c8
4390,8,2026-01-28 17:57:44.060024,94.75,58.5,33990449-00b4-4190-a7c4-87e07bc09b44
4391,8,2026-01-28 17:57:49.708616,94.5625,58.25,37aa5133-8927-4b9d-ab78-b0dfacd976e5
4392,8,2026-01-28 17:57:55.442354,94.5625,58.5,c2d6e581-e118-4d44-a617-0525f9ce086b
4393,8,2026-01-28 17:58:01.17568,94.5,58.75,fe7d1c05-3861-4247-9ad5-621b5e4197ec
4394,8,2026-01-28 17:58:06.911648,94.4375,58.75,7f4e9d26-f053-47b2-b121-084975fe6f85
4395,8,2026-01-28 17:58:12.644635,94.375,59,65eb9515-4266-4a53-b9aa-acdecdc90443
4396,8,2026-01-28 17:58:18.383673,94.5625,59,0982fbaa-5075-4b03-b980-98b81a050260
4397,8,2026-01-28 17:58:24.061829,94.625,58.5,124e47ad-f6e9-414f-996d-f4170cfb7b99
4398,8,2026-01-28 17:58:29.745299,94.8125,58.5,c27743aa-2a4d-4b72-b28d-b44bc9557772
4399,8,2026-01-28 17:58:35.483418,95,58.5,c658d8c7-560d-4033-927c-127a754fa8a7
4400,8,2026-01-28 17:58:41.111735,94.9375,58.75,83fad238-4384-4479-b869-aacf49886107
4401,8,2026-01-28 17:58:46.847943,95.0625,58.75,46dd237f-f8f4-4d30-aa62-4f581089ded8
4402,8,2026-01-28 17:58:52.583157,95.125,58.75,12a32f6c-dba2-44f4-9aaf-5f276fa4febb
4403,8,2026-01-28 17:58:58.315486,95.375,58.5,f08d3232-d3c7-4862-b1c6-e7caac03d1ba
4404,8,2026-01-28 17:59:03.991692,95.6875,58.75,e8a488ea-f59a-46f2-b737-76ce293b3294
4405,8,2026-01-28 17:59:09.683826,96.0625,59,f503748b-9c82-46a2-9cfe-1abf10aca53b
4406,8,2026-01-28 17:59:15.313446,96.3125,58.75,806f170a-423d-4371-9a01-1dd3adee8081
4407,8,2026-01-28 17:59:20.948111,96.4375,58.75,bff347e4-880f-4dde-a00b-c1b06ccec15c
4408,8,2026-01-28 17:59:26.551457,96.5,58.75,54385b59-166a-442b-895d-d1876195464e
4409,8,2026-01-28 17:59:32.318701,96.375,59,799b039e-756e-42b5-ba8c-dbf4411a20b4
4410,8,2026-01-28 17:59:38.047638,96.125,59,06d17241-4729-4349-bcf9-800c4750377a
4411,8,2026-01-28 17:59:43.782903,95.9375,58.75,6f8118fc-cc23-4943-9fdd-c102c935465a
4412,8,2026-01-28 17:59:49.475736,95.6875,59,152a818f-f2ce-4570-bcc9-75e5a2e24dc3
4413,8,2026-01-28 17:59:55.147811,95.4375,58.5,c0667068-0909-4a6f-8d56-d45573eb44ba
4414,8,2026-01-28 18:00:00.841685,95.4375,59,44549776-870e-446d-804d-b97c06a31666
4415,8,2026-01-28 18:00:06.478962,95.4375,59,d0815131-ea1d-406c-bd03-fa4c33f55835
4416,8,2026-01-28 18:00:12.24895,95.3125,58.75,8a4c94db-6887-4893-9463-19796270eb8d
4417,8,2026-01-28 18:00:17.988314,95.25,58.75,885eb273-2bd8-4b8f-9d16-90b422e506f1
4418,8,2026-01-28 18:00:23.718994,95.25,59,459b1e2e-6d35-42b3-9881-539b7759bbc8
4419,8,2026-01-28 18:00:29.452001,95.375,58.75,46b3c243-7b0f-4ae3-8ec3-1b7da12635f0
4420,8,2026-01-28 18:00:35.084258,95.4375,58.75,58531b41-6cb2-484a-9c27-edc361185c17
4421,8,2026-01-28 18:00:40.818802,95.5,59.25,d6dbd80d-fdb4-4af1-bd8d-e43f2cdc8259
4422,8,2026-01-28 18:00:46.503115,95.5625,59,8a9ca38e-b46c-490a-b0ae-f51fa5cb24cc
4423,8,2026-01-28 18:00:52.1848,95.6875,58.75,573bae33-fa98-4f47-892c-f680b44552a0
4424,8,2026-01-28 18:00:57.776144,95.75,59,68f1964e-e798-4476-8d09-3bc095b74eaf
4425,8,2026-01-28 18:01:03.423186,95.5625,58.75,c9756c2e-c6c6-4f84-bfd5-4dab9afd278b
4426,8,2026-01-28 18:01:09.081389,95.3125,59,2fdcf1f5-f97b-4b94-9b6f-b4e7b92448c8
4427,8,2026-01-28 18:01:14.672424,95.1875,59,8984f646-eb52-426f-8a72-6d12b427b57c
4428,8,2026-01-28 18:01:20.345375,95.0625,58.75,b8da2411-4b6e-4eb0-b003-80841adc2986
4429,8,2026-01-28 18:01:26.080592,95.0625,59,210412a0-195a-475b-bfc1-a7583170b571
4430,8,2026-01-28 18:01:31.816879,95,58.5,797cc2bd-fb07-4877-85ab-dcf75ce9fea7
4431,8,2026-01-28 18:01:37.548405,94.875,59,52019b10-684f-4a63-8298-b99d97390b08
4432,8,2026-01-28 18:01:43.288113,94.9375,59,031e408d-bf80-4fd7-8f42-ad8bf8f395a5
4433,8,2026-01-28 18:01:48.960253,95,59.25,9696eaa0-a75f-4548-8b69-7b32175c9ab5
4434,8,2026-01-28 18:01:54.552069,95,59,88a6c27d-20ba-49c1-acbe-a69ebabb3751
4435,8,2026-01-28 18:02:00.385447,95,59.25,ae4db748-029a-4749-9e64-41321399c69d
4436,8,2026-01-28 18:02:06.118529,94.5,58.75,193b1b14-8351-48a2-8ca4-fb93b19537d2
4438,8,2026-01-28 18:02:17.588737,90.5625,59.25,e13d8862-8502-4ea0-a803-38aca3f502af
4440,8,2026-01-28 18:02:28.953498,88.25,59.25,5c712a0a-d428-4a1d-9c72-625825efa97f
4441,8,2026-01-28 18:02:34.56009,87.1875,59.25,e8786912-509c-40ad-ac08-e76590abd64c
4443,8,2026-01-28 18:02:45.953128,83.6875,59.75,a4bc27e9-f843-4ff1-8146-39dde8127aa2
4446,8,2026-01-28 18:03:03.05413,78.5625,61.75,e69839f9-8704-44a2-9482-0cf871f6754d
4448,8,2026-01-28 18:03:14.365249,75.9375,61,0e47dd89-d15d-4151-abe2-23c5cb273aff
4451,8,2026-01-28 18:03:31.250611,72.5625,61,1401c2f5-5aa6-4e51-8097-cf7b9bdde34d
4452,8,2026-01-28 18:03:36.9498,71.625,61.5,d4f6fed1-ccec-4275-a8f1-068bcffb316d
4455,8,2026-01-28 18:03:53.986761,74.0625,61.5,d8866386-b0a9-4f15-9291-7a174d5ab182
4457,8,2026-01-28 18:04:05.315173,76.6875,61.5,f99950c3-87ef-4f87-ba70-8abe0f52724e
4460,8,2026-01-28 18:04:22.416695,80,61.5,8e657f41-1326-4ed6-9d03-382b1b560f14
4437,8,2026-01-28 18:02:11.854158,92.3125,58.75,a9de11c4-697e-4e17-abd2-031483a33171
4439,8,2026-01-28 18:02:23.219344,89.375,59,806d4266-03ea-4c18-9dcd-03162abfc987
4442,8,2026-01-28 18:02:40.231049,85.625,59.75,989314b2-8c2f-4c69-9596-19fd56701724
4444,8,2026-01-28 18:02:51.584837,81.8125,61.25,e5e8c8d4-9227-4e4f-b636-149bba0df2cb
4445,8,2026-01-28 18:02:57.318304,80.0625,61.75,13edd1bd-7eed-4773-9cd2-135b312b6368
4447,8,2026-01-28 18:03:08.787767,77.25,61.5,c2df15c6-1d4b-40b7-a7ef-c5fd08f193a5
4449,8,2026-01-28 18:03:19.97162,74.625,61.5,ff11e28f-caba-451e-b837-4b6399d553c0
4450,8,2026-01-28 18:03:25.583383,73.5,61,d13d86bf-09c9-4ef3-995f-62d918aa0a14
4453,8,2026-01-28 18:03:42.617026,71.6875,61.5,dfb8a93e-d75f-4bb3-af92-72b1a40d584f
4454,8,2026-01-28 18:03:48.318173,72.625,61.5,b79cee6b-de6b-4bed-adc9-ab5fecb5b1b0
4456,8,2026-01-28 18:03:59.681071,75.5,61.5,dbd7106e-dbc5-4a26-9bea-4de531679ee5
4458,8,2026-01-28 18:04:10.949398,77.875,61.75,34bc5339-8c83-4190-b285-aa58395cf49b
4459,8,2026-01-28 18:04:16.682323,79,61.75,18ae8988-9044-4dee-bf09-e78c20c135b6
4461,8,2026-01-28 18:04:28.151319,81.0625,61.5,812ac175-6d45-44f8-a4bb-a6401fc25b46
4462,8,2026-01-28 18:04:33.882811,82,61,cebdac90-ff46-4e42-be8c-58a25b7c8acb
4463,8,2026-01-28 18:04:39.616936,82.875,61.5,f4e408c6-1a51-469b-9d6e-5b50eac0adda
4464,8,2026-01-28 18:04:45.354165,83.6875,61.75,0ab1611b-4876-4fdb-af2e-1d68ede836e0
4465,8,2026-01-28 18:04:50.985593,84.6875,61.5,8bb1a9df-b7db-4b93-92c8-fd8e03a13d5f
4466,8,2026-01-28 18:04:56.718407,85.4375,61,94c26e38-23b1-44a1-9224-f09aba251cf3
4467,8,2026-01-28 18:05:02.401327,86.125,61.75,4e54a6ac-4f71-4002-9170-075018998a25
4468,8,2026-01-28 18:05:08.086151,86.75,62,acf21522-4b4b-49e9-812b-85562f5c9144
4469,8,2026-01-28 18:05:13.9303,87.375,62,e241d092-0f92-437e-a63b-018f20202603
4470,8,2026-01-28 18:05:19.532348,88,61.25,b7b632df-4d0d-46ab-b1e4-4f90b7284cd2
4471,8,2026-01-28 18:05:25.186155,88.5,61.75,c9d47480-e8e7-46b8-83a0-92d1516a09db
4472,8,2026-01-28 18:05:30.924362,89.0625,62,674fbde5-12cd-4189-814d-01c33d6c69e7
4473,8,2026-01-28 18:05:36.658049,89.75,61.5,4fd9acc6-99ec-461c-9b80-4d5bb36c9bc6
4474,8,2026-01-28 18:05:42.258858,90.3125,61.75,fa63a090-3540-4987-a807-3978c81280a1
4475,8,2026-01-28 18:05:47.919064,90.75,58.75,0696d22a-8b08-4d69-b3ac-64d8622cb4b1
4476,8,2026-01-28 18:05:53.652869,91,59.5,0abb3d7a-eece-432b-bff4-dbe852242093
4477,8,2026-01-28 18:05:59.345294,91,59.25,56d428bd-0f4d-4ba0-be02-a1bad9e74299
4478,8,2026-01-28 18:06:04.962627,90.9375,59.25,6c50ba5e-de66-499f-b4c1-fad0d033cb65
4479,8,2026-01-28 18:06:10.757133,90.9375,59,b1e97b99-81e6-4815-b38b-83dd32da29f0
4480,8,2026-01-28 18:06:16.490055,90.9375,59,4ad3f98c-f0d4-42fb-a961-d90fe2500977
4481,8,2026-01-28 18:06:22.08231,91.0625,59,b173cea3-7466-48ea-9d3c-05ac1ffbdcba
4482,8,2026-01-28 18:06:27.674264,91.3125,58.75,5a4df500-e67b-4ae0-9214-523c017869b6
4483,8,2026-01-28 18:06:33.263684,91.5625,59.5,d1cd76dd-9c0f-4482-973c-f0bd8687bac1
4484,8,2026-01-28 18:06:38.966997,91.75,59.5,28e4d6b0-3dde-408e-8320-6f9926be90dd
4485,8,2026-01-28 18:06:44.596152,91.9375,59.5,26d6c9f8-5506-47db-8a3d-dbeb51391b05
4486,8,2026-01-28 18:06:50.286152,92.0625,59.5,db3c8366-27a2-4c6e-971a-2ad0116ad7f4
4487,8,2026-01-28 18:06:56.017385,92.0625,59.5,4c7f687a-7622-4a72-ad02-2ec374752ffb
4488,8,2026-01-28 18:07:01.755846,92.25,59.75,8c3ec2bd-eb78-4c74-a3e2-86216bacf3a1
4489,8,2026-01-28 18:07:07.487107,92.4375,59.75,259df612-806e-4b1e-8f10-8b67a977d0b9
4490,8,2026-01-28 18:07:13.221411,92.625,59.25,fd2de2d2-1afc-4db3-8d19-8bb1ca079fab
4491,8,2026-01-28 18:07:18.903765,92.625,59.5,79ccddbe-7a05-4903-93d2-52267037eb9a
4492,8,2026-01-28 18:07:24.590229,92.625,59.75,d7d406a5-36dd-4b82-8e57-b8e384177eda
4493,8,2026-01-28 18:07:30.219625,92.75,59.25,4e2bd79e-a0d5-403d-a492-c052bf2821ff
4494,8,2026-01-28 18:07:35.953913,92.8125,59.5,4aabc2ca-ea78-46fa-b786-95004a484763
4495,8,2026-01-28 18:07:41.568438,93,59.5,7f9cfaad-c8e2-480d-9e87-a40b414e7e88
4496,8,2026-01-28 18:07:47.215242,93.3125,59.5,8c39fcf9-79fe-4283-993c-f7a1f486b66f
4497,8,2026-01-28 18:07:52.952877,93.5625,59.5,ded3ecf6-6def-443a-ae81-ecb5c6a6a5f3
4498,8,2026-01-28 18:07:58.687238,93.6875,59.5,f1dbc50a-6fc7-48ad-9b17-634706eb15a0
4499,8,2026-01-28 18:08:04.421013,93.6875,59.75,5ae8e04d-d8e6-4e05-91ea-d23f90810972
4500,8,2026-01-28 18:08:10.025261,93.8125,59.5,8b05b0b8-d453-436b-bb0c-4f358821d2e6
4501,8,2026-01-28 18:08:15.78612,93.75,59.5,9604b66c-02f3-4cac-8b55-31012d05a042
4502,8,2026-01-28 18:08:21.419562,93.8125,59.5,a4c8b6bb-c29a-4241-81bb-0f6e4dce9efa
4503,8,2026-01-28 18:08:27.051373,93.9375,59.25,bf067440-0ed2-4fc3-a414-d314718da5fd
4504,8,2026-01-28 18:08:32.78596,94.125,59.5,ea250dd2-993a-4881-a0a8-5fc14d27518a
4505,8,2026-01-28 18:08:38.474873,94.25,59.75,6335b254-4ea2-4fb8-9724-0784c26e2bdb
4506,8,2026-01-28 18:08:44.152503,94.3125,59.5,7a95af16-2073-48e0-b5a5-3050f65837cc
4507,8,2026-01-28 18:08:49.889419,94.3125,59.75,85fc4b5c-d4b0-41c8-a176-ed240c008e3a
4508,8,2026-01-28 18:08:55.620868,94.1875,59.25,5fba1533-6e25-44b0-ba8c-cb6d1cb5902c
4509,8,2026-01-28 18:09:01.355088,93.9375,59.75,3e9c5f14-2b32-42ac-be49-289012ccaf29
4510,8,2026-01-28 18:09:06.987037,93.6875,59.75,57fa47cb-098d-4b31-a178-422669b0cddb
4511,8,2026-01-28 18:09:12.617831,93.5,59.75,8a845b76-6a43-4143-9ed8-7514a00bb336
4512,8,2026-01-28 18:09:18.354319,93.4375,59.75,ba3339e6-48d9-4dc9-90a9-00c05f82b974
4513,8,2026-01-28 18:09:23.98689,93.4375,60.25,7dcf3a43-f199-4fb3-aef7-960e40d12935
4514,8,2026-01-28 18:09:29.72235,93.375,59.5,60cbd0ea-f951-4422-90da-0ca8cfc004f0
4515,8,2026-01-28 18:09:35.350908,93.1875,59.5,9b5d7cd6-0ca5-4e0c-a915-0af927b6162f
4516,8,2026-01-28 18:09:41.085097,93,59.5,931fd6a4-af25-4158-b18e-38eea47ff7c5
4517,8,2026-01-28 18:09:46.719597,93,59.25,a95e4419-c0e8-4083-b9d4-2d83ad2c3cde
4518,8,2026-01-28 18:09:52.451947,93.0625,59.75,83fd2f7e-210c-45a6-8d69-5f67f2cb4386
4519,8,2026-01-28 18:09:58.186139,93.125,59.25,c1d88697-0376-478f-ad9a-45b218e5e319
4520,8,2026-01-28 18:10:03.921249,93.0625,60,317477c8-9a5e-4fa2-936f-bf0219cf7548
4521,8,2026-01-28 18:10:09.923347,93.0625,59.75,fd186b42-8fcc-487f-81a5-d1b475543a2a
4522,8,2026-01-28 18:10:15.598337,93.25,59.5,cbdcf3da-738e-4c45-ab5a-eeb5a6bd6db2
4523,8,2026-01-28 18:10:21.271817,93.25,59.75,3a512e54-8b4d-438a-87bf-c2409d546c97
4524,8,2026-01-28 18:10:26.866151,93.4375,59.75,da98cf76-1db5-4984-9f1c-292cb502efd5
4525,8,2026-01-28 18:10:32.592722,93.625,59.75,6f41010b-b46f-4ef8-b6cd-e0467307c7f9
4526,8,2026-01-28 18:10:38.271107,93.75,59.75,ad675f8b-2170-49d3-83f2-3c9f3807dfb5
4527,8,2026-01-28 18:10:43.863001,93.6875,59.75,82a4abcd-6ccc-44b3-8067-d7b7cbda0d07
4528,8,2026-01-28 18:10:49.592564,93.75,59.5,f0593024-01e5-4971-9636-2ea3c62b4d90
4529,8,2026-01-28 18:10:55.224565,93.75,59.75,bc7fad83-9535-4687-a1bc-327468f19061
4530,8,2026-01-28 18:11:00.905975,93.6875,59.75,dab0cf63-a879-4bf0-88c8-62e301bd0e93
4531,8,2026-01-28 18:11:06.534062,93.5625,59.75,f9788162-8a94-4ab7-beca-4c0c7938dc9a
4532,8,2026-01-28 18:11:12.222277,93.4375,59.5,5c7e76be-769a-4472-9dc2-3e34976c97f6
4533,8,2026-01-28 18:11:17.958696,93.375,59.75,60d0c1e4-bf41-44b5-b2d1-7e03554af174
4534,8,2026-01-28 18:11:23.633827,93.125,59.75,9d75da25-2759-4746-9fcd-bc49803c11f4
4535,8,2026-01-28 18:11:29.32491,93.125,59.75,64f5f7eb-c0e5-4b66-93e4-70b03cea4055
4536,8,2026-01-28 18:11:35.057471,93.0625,59.5,2d9cf939-d198-448a-87f9-cf4d05d3fc49
4538,8,2026-01-28 18:11:46.474251,93.25,59.75,39f66292-1129-4e82-b948-5e55dfdefafa
4539,8,2026-01-28 18:11:52.161383,93.3125,59.75,cfe63d13-968e-448c-bf63-15e3e63c5695
4541,8,2026-01-28 18:12:03.627285,93.1875,59.75,f8e2a8cf-7dc4-46e3-bfd4-79d183681b25
4544,8,2026-01-28 18:12:20.729565,92.625,59.75,4c55cecb-15a8-4e88-9266-ba9f5fc738c5
4546,8,2026-01-28 18:12:32.199144,92.5,59.5,0e48c521-efae-452e-93da-11c43d442c40
4549,8,2026-01-28 18:12:49.309142,92.1875,59.5,a11cc271-58f4-4167-a52c-06f53ce3f0eb
4551,8,2026-01-28 18:13:00.664715,92.125,60,2875e553-d270-422e-baf4-c30ff0516e78
4552,8,2026-01-28 18:13:06.399165,92.25,59.5,f6d55f09-697d-4323-a1dd-24440fcffbac
4554,8,2026-01-28 18:13:17.813843,92.5625,59.5,d0fb1990-5285-4e80-84f0-fd594271d826
4556,8,2026-01-28 18:13:29.237968,92.5,59.75,4a844c31-82fe-4bd3-ba9d-6426627d6a34
4557,8,2026-01-28 18:13:34.868594,92.3125,59.75,a0b547b1-a616-4882-858d-17108f0301c2
4559,8,2026-01-28 18:13:46.233425,92.25,59.75,d1710f00-618b-422a-b6af-7a6aee3d3afa
4561,8,2026-01-28 18:13:57.705788,92.375,60,3e70c10a-337a-4d7c-a464-86f0cf16ee97
4562,8,2026-01-28 18:14:03.442229,92.5,60,6f787a24-37af-41a1-ad2f-9b514e0ed1de
4564,8,2026-01-28 18:14:14.904949,92.875,59.5,803fe3e5-d1a0-4ed3-a74d-eedafa81ff09
4567,8,2026-01-28 18:14:31.769275,93.5,59.5,f37a92a1-1020-493d-a044-47c7585cf8e8
4569,8,2026-01-28 18:14:42.962913,93.3125,60,072633e0-b495-485a-8e1f-6bf467159f02
4570,8,2026-01-28 18:14:48.553618,93.3125,59.75,f0dbfce7-6dd7-4d2d-978f-13740d89fbb9
4572,8,2026-01-28 18:14:59.801381,94,60,8213eaa4-2071-4989-b989-5445d6269a9d
4575,8,2026-01-28 18:15:16.871623,94,60,242cbd70-a5e3-438a-8337-f5e42c4b6b0d
4577,8,2026-01-28 18:15:28.327069,93.9375,59.75,89eafb4a-3966-4808-95ff-c1260b415a3e
4580,8,2026-01-28 18:15:45.177715,93.875,60,a38b3a2a-9044-467e-aa4e-125ed755e986
4582,8,2026-01-28 18:15:56.430568,93.75,59.75,90829d82-0116-4acb-ac69-cc44f0e50a12
4583,8,2026-01-28 18:16:02.060912,93.8125,60.5,a7221836-f44f-47fd-a7a3-1331269563b5
4585,8,2026-01-28 18:16:13.387723,93.9375,60,ea933dee-301e-445e-8795-3c0a417812e1
4587,8,2026-01-28 18:16:24.820066,93.6875,59.75,a25f5cb6-07e4-4231-a3bf-1614cde69052
4588,8,2026-01-28 18:16:30.483766,93.375,60.25,18fa6ac8-f1b2-4ec6-b448-39d64b6507cd
4589,8,2026-01-28 18:16:36.115546,93.1875,60.25,8b353cf3-ba2e-424d-9c6e-32064c540baa
4591,8,2026-01-28 18:16:47.584619,92.9375,60.25,1c38387f-e2d0-4bee-b550-f165dde7624e
4594,8,2026-01-28 18:17:04.733888,92.4375,60.25,6c49734e-286b-40a8-bf4c-c9422a882990
4596,8,2026-01-28 18:17:16.157168,92.1875,60,761bbcce-37b9-47c6-bfb8-d6ff9d91bda1
4597,8,2026-01-28 18:17:21.893229,92.125,60,30913eae-2e2b-44cb-b488-f19ce5ffd302
4599,8,2026-01-28 18:17:33.299743,92.4375,60.25,bf0e7490-e58e-47c8-be29-984a46cda2b4
4601,8,2026-01-28 18:17:44.67964,92.9375,60.5,22c93aeb-c7ea-48a5-848f-b093de129b33
4604,8,2026-01-28 18:18:01.668942,93.25,60.25,410ee63d-fbc6-413d-8879-ffd7590f3013
4606,8,2026-01-28 18:18:13.089568,93.375,60,661ce957-0cca-44da-a5d5-1bd602b52565
4607,8,2026-01-28 18:18:18.766772,93.375,59.75,76f6c32e-eb77-497e-be71-eda9265bedc0
4608,8,2026-01-28 18:18:24.456151,93.25,59.75,13bf853f-e404-4b45-bc27-107b128e1a97
4610,8,2026-01-28 18:18:35.736658,93.0625,60.25,59d22d03-1bc4-4de0-80bf-6ec5066280c2
4537,8,2026-01-28 18:11:40.792639,93.125,59.75,1ffbd095-1fb3-4b25-8755-bc68aead7367
4540,8,2026-01-28 18:11:57.892279,93.3125,60,0c7781f9-f3be-49a6-b3b6-9725f460c674
4542,8,2026-01-28 18:12:09.263099,92.9375,59.75,75dc6de8-3629-4039-96a7-bed45b06fae7
4543,8,2026-01-28 18:12:14.997403,92.75,59.75,da9b2591-59a5-4059-8ae6-66a3bf6329e5
4545,8,2026-01-28 18:12:26.469241,92.5625,60,1af158bf-a0a7-4515-b1df-5bf4a3fec90a
4547,8,2026-01-28 18:12:37.931585,92.375,60,123b2820-1148-48b1-9cdf-4fb851412cf3
4548,8,2026-01-28 18:12:43.577093,92.25,59.75,820a2c19-29f5-46cf-8788-577dac289beb
4550,8,2026-01-28 18:12:54.999418,92.125,59,bc908f8e-0b68-45b5-bd0c-1ddea244b4d4
4553,8,2026-01-28 18:13:12.13318,92.375,59.75,2f81c688-42cc-4177-a0ca-775a68551759
4555,8,2026-01-28 18:13:23.499909,92.5625,59,92eea37a-72ca-4c52-9ccd-1b964bf3c9f6
4558,8,2026-01-28 18:13:40.541242,92.125,59.75,a7d96fa3-9134-4ab2-b023-590529f6b76a
4560,8,2026-01-28 18:13:51.967093,92.3125,60,f6062320-3727-4e3f-afc4-5b4b6f9f5503
4563,8,2026-01-28 18:14:09.170546,92.5625,60,5be23e05-da50-46ab-bc7c-2b21a48fe91d
4565,8,2026-01-28 18:14:20.583824,93.25,60.25,16d6aa5c-cb4e-4454-9586-434637e165be
4566,8,2026-01-28 18:14:26.178561,93.4375,60,908356fe-d616-4bff-a199-8d25fda8150b
4568,8,2026-01-28 18:14:37.374611,93.5,60,0c3f33ff-f375-4977-8ca3-f3e80b2a77ba
4571,8,2026-01-28 18:14:54.140143,93.6875,60.25,a9af4e63-6ffc-4d99-a34f-a3a1c761f9b4
4573,8,2026-01-28 18:15:05.493333,94.0625,60,30595c57-de50-464a-8176-e36f197199cf
4574,8,2026-01-28 18:15:11.132914,94.125,60,73d60822-e63a-4c7d-a550-168d6b9aea78
4576,8,2026-01-28 18:15:22.592148,93.875,60,2adc76c2-76d2-473c-b6ad-268ebf1d2924
4578,8,2026-01-28 18:15:33.9495,93.875,60,4fca958a-5057-47f1-9bc8-9f5d87fbea5a
4579,8,2026-01-28 18:15:39.590393,93.9375,60.25,8af9940e-e94f-4c68-b847-c7e842b4d69c
4581,8,2026-01-28 18:15:50.80345,93.6875,60.25,6a88d8af-b78d-41c4-ac59-1b4912c9fa84
4584,8,2026-01-28 18:16:07.694877,93.875,59.75,594c28e3-bf52-40a6-adf8-d47103985714
4586,8,2026-01-28 18:16:19.117137,93.875,60.25,02fab58c-af35-488f-9832-ec7efdd55ecd
4590,8,2026-01-28 18:16:41.850231,93.1875,59.75,eac9e4c1-e282-470a-b9a1-bccb91a73f22
4592,8,2026-01-28 18:16:53.320051,92.875,60.25,c3ccc5d8-df7f-4b96-8576-ae3f58819375
4593,8,2026-01-28 18:16:59.003429,92.6875,60.25,e8fbf373-497b-491f-bf2c-91b574681cee
4595,8,2026-01-28 18:17:10.425639,92.3125,60.25,f314347d-3035-4b2c-be99-8ffc75d199d9
4598,8,2026-01-28 18:17:27.623492,92.25,60,99a53176-8fa8-4852-b1a6-ce10e120b075
4600,8,2026-01-28 18:17:38.989735,92.6875,60.5,42991328-ddc5-455a-889e-3d7134618095
4602,8,2026-01-28 18:17:50.357034,93.125,60.25,969ea45a-aef6-4e5d-8687-ecb4939757d5
4603,8,2026-01-28 18:17:56.037009,93.3125,60.25,72408c5e-b3ca-47ae-8c1a-ba57a33acd44
4605,8,2026-01-28 18:18:07.354945,93.3125,60,d0eebe2d-672f-412a-b7ef-195aa2e6f3a4
4609,8,2026-01-28 18:18:30.140005,93.1875,60,8a969b73-4fc7-4500-a3a7-7e689900732e
4611,8,2026-01-28 18:18:41.455559,92.875,60.5,d70396da-58ae-4930-8c0f-90c3683f65e1
4612,8,2026-01-28 18:18:47.089735,92.75,60.5,3a5ba293-f657-4652-ba1c-7c905f5df765
4613,8,2026-01-28 18:18:52.760665,92.75,60.5,16aeb2bf-c4c2-4af7-829c-33ea956f5118
4614,8,2026-01-28 18:18:58.340225,92.5625,60,109dda8b-de60-41fe-9c78-3f3b354e0d6a
4615,8,2026-01-28 18:19:03.955274,92.4375,59.75,f1c03a20-522f-4b32-8741-b40e87e70786
4616,8,2026-01-28 18:19:09.533917,92.375,60.25,6664897f-4e10-4aa8-a3f8-e95ffe9e2375
4617,8,2026-01-28 18:19:15.145118,92.5,60.5,db4fec0b-91cd-435f-b291-990aca46d5a2
4618,8,2026-01-28 18:19:20.720817,92.875,60.5,6ce490e5-aad6-4fa9-84d5-f3fb118c8231
4619,8,2026-01-28 18:19:26.390785,93.0625,60,0a5f6457-c048-4318-b77d-623dc9566eb0
4620,8,2026-01-28 18:19:33.161285,93.0625,60,a2cbfef1-d7ed-4642-b008-c27c11bf719d
4621,8,2026-01-28 18:19:39.7403,93.125,60.5,4ee07fe4-7f85-44d5-a7c2-cd34e2fe98b1
4622,8,2026-01-28 18:19:46.276696,93.0625,60.5,f3488bea-8d71-48e2-9505-9467dc7e48c5
4623,8,2026-01-28 18:19:52.756248,92.8125,60,71b4c573-1632-461c-bf1f-e5e11bd589fd
4624,8,2026-01-28 18:19:59.316226,92.625,60.75,bac86154-8650-4495-a8dd-ce3f32abf5b1
4625,8,2026-01-28 18:20:06.169735,92.5,60.25,504ca3c6-8f25-4ff9-bccc-c0e0325321b1
4626,8,2026-01-28 18:20:12.199881,92.375,60.5,c2f342f7-5187-4410-b13b-260f917d2c5e
4627,8,2026-01-28 18:20:18.217619,92.375,60.5,947f6357-3f68-4975-9378-78fa1bf0a71f
4628,8,2026-01-28 18:20:24.328859,92.375,60.75,6707d34c-129b-4d0d-bce5-53c8f444392e
4629,8,2026-01-28 18:20:31.009604,92.375,60.5,65d9df56-2efa-432f-a5ba-425f02043ca7
4630,8,2026-01-28 18:20:38.202757,92.1875,60.25,bf9ace4c-c6df-40c7-8d8d-cd9ff6a28c7e
4631,8,2026-01-28 18:20:43.867066,92.0625,60.75,4e548186-e3ec-4716-bdf3-f38796335b16
4632,8,2026-01-28 18:20:50.301248,92,60,1ca8b296-4702-41cc-8ed4-210ec92fa2fd
4633,8,2026-01-28 18:20:56.47642,91.9375,60,0cf93152-ec09-400f-86b7-5152cd6ce183
4634,8,2026-01-28 18:21:03.357413,91.9375,60.25,dac2a847-7d92-41f6-91e4-b97f743992bf
4635,8,2026-01-28 18:21:09.621408,92.125,60.25,5a57e2a6-e506-494f-ba53-dd1e03119158
4636,8,2026-01-28 18:21:15.20479,92.0625,60.5,eb28b78c-5d8e-4073-916e-bb63282e3975
4637,8,2026-01-28 18:21:21.376304,91.9375,60.25,0a9163e0-487c-46a2-8e8d-540f2abbcc4b
4638,8,2026-01-28 18:21:27.200679,91.9375,60.25,a5ebb866-0d7f-443a-b3a7-6f4b887fe53e
4639,8,2026-01-28 18:21:32.884142,91.875,60.75,cc21241c-b1b5-4363-9a0f-01596a9ee580
4640,8,2026-01-28 18:21:38.610573,91.875,60.5,62d3c63f-7a32-4ca0-b870-e7aa45b544c0
4641,8,2026-01-28 18:21:46.538482,91.75,60.75,23782d85-cffd-446c-9f5a-d216d4fe5404
4642,8,2026-01-28 18:21:52.227123,91.75,60.5,ca995c82-ea96-47bc-a732-87b82187eb11
4643,8,2026-01-28 18:21:57.806339,91.8125,60.25,6f6dc978-6772-4bef-80a6-d148bda8a0bf
4644,8,2026-01-28 18:22:03.491946,92,60.5,9b3ef6f5-3655-4b8b-a5c0-fa14da6df265
4645,8,2026-01-28 18:22:09.306812,92.25,60.75,577dc3ca-5478-4eaa-8cd8-efd062d7d359
4646,8,2026-01-28 18:22:15.151153,92.375,60.75,3ac6c5f1-b9a7-4fd6-96da-15d6bf6c0be0
